Presentation validation raw log
baseline=c86bfa98475dbf348f129c0fa507d117d238914c version=1.4.0

UNITY_FINAL_RUN_LOG
[Licensing::Module] Trying to connect to existing licensing client channel...
Built from '6000.3/staging' branch; Version is '6000.3.23f1 (09d2ecc7fb28) revision 643820'; Using compiler version '194234433'; Build Type 'Release'
[Licensing::IpcConnector] Successfully connected to: "LicenseClient-ONCE" at "2026-09-08T02:21:57.8730523Z"
OS: 'Windows 11  (10.0.26200) Enterprise' Language: 'zh' Physical Memory: 65323 MB
BatchMode: 1, IsHumanControllingUs: 0, StartBugReporterOnCrash: 0, Is64bit: 1
System  architecture: x64
Process architecture: x64
Date: 2026-09-08T02:21:57Z
[Licensing::Client] Code 10 while verifying Licensing Client signature (process Id: 17236, path: "C:/Program Files/WindowsApps/UnityTechnologies.UnityHub_3.21.1.65535_x64__2vrhnee42bhxm/app/UnityLicensingClient_V1/Unity.Licensing.Client.exe")
[Licensing::Module] LicensingClient has failed validation; ignoring
[Licensing::Client] Handshaking with LicensingClient:
  Version:                 1.18.3+d7ffd15
  Session Id:              a407fcd4c9cd4f10b5200fc3d12f6d90
  Correlation Id:          88ea23626f0ad874717cb46d953c358f
  External correlation Id: 3432070634682404940
  Machine Id:              pQ8GbSGPDRbB5TuKiq5VeAXcv3M=
[Licensing::Module] Successfully connected to LicensingClient on channel: "LicenseClient-ONCE" (connect: 0.00s, validation: 0.00s, handshake: 0.03s)
[Licensing::IpcConnector] Successfully connected to: "LicenseClient-ONCE-notifications" at "2026-09-08T02:21:57.9050561Z"
[Licensing::Module] Error: Access token is unavailable; failed to update
[Licensing::Client] Successfully resolved entitlement details
[Licensing::Module] License group:
  Id: F4-RBAU-NDFH-NT7X-YNCU-XXXX
  Product: Unity Personal
  Type: ULF
  Expiration: Unlimited
[Licensing::Module] License group:
  Id: 15669756225009-UnityPersXXXX
  Product: Unity Personal
  Type: Assigned
  Expiration: Unlimited
[Licensing::Client] Successfully updated license, isAsync: True, time: 0.00
[Licensing::Module] Licensing Background thread has ended after 0.03s

COMMAND LINE ARGUMENTS:
C:\Program Files\Unity\Hub\Editor\6000.3.23f1\Editor\Unity.exe
-batchmode
-nographics
-runTests
-projectPath
C:\Users\1\.codex\visualizations\2026\09\07\01a07bfd-c935-7323-9a34-6eae278d83b6\audit-c86bfa9-20260908\probes-presentation\unity_workspace\adapters\unity
-testPlatform
PlayMode
-testFilter
PresentationTargetedMechanismTests
-testResults
presentation-unity-results-3.xml
-logFile
presentation-unity-run-3.log
Successfully changed project path to: C:\Users\1\.codex\visualizations\2026\09\07\01a07bfd-c935-7323-9a34-6eae278d83b6\audit-c86bfa9-20260908\probes-presentation\unity_workspace\adapters\unity
C:/Users/1/.codex/visualizations/2026/09/07/01a07bfd-c935-7323-9a34-6eae278d83b6/audit-c86bfa9-20260908/probes-presentation/unity_workspace/adapters/unity
[UnityMemory] Configuration Parameters - Can be set up in boot.config
    "memorysetup-temp-allocator-size-nav-mesh-worker=65536"
    "memorysetup-temp-allocator-size-audio-worker=65536"
    "memorysetup-temp-allocator-size-gfx=262144"
    "memorysetup-allocator-temp-initial-block-size-main=262144"
    "memorysetup-allocator-temp-initial-block-size-worker=262144"
    "memorysetup-temp-allocator-size-background-worker=32768"
    "memorysetup-temp-allocator-size-job-worker=262144"
    "memorysetup-temp-allocator-size-preload-manager=33554432"
    "memorysetup-remapper-allocator-initial-capacity=32768"
    "memorysetup-temp-allocator-size-gi-baking-worker=262144"
    "memorysetup-temp-allocator-size-gi-baking-worker=262144"
    "memorysetup-temp-allocator-size-gi-baking-worker=262144"
    "memorysetup-temp-allocator-size-gi-baking-worker=262144"
    "memorysetup-temp-allocator-size-gi-baking-worker=262144"
    "memorysetup-bucket-allocator-granularity=16"
    "memorysetup-bucket-allocator-bucket-count=8"
    "memorysetup-bucket-allocator-block-size=33554432"
    "memorysetup-bucket-allocator-block-count=8"
    "memorysetup-main-allocator-block-size=16777216"
    "memorysetup-thread-allocator-block-size=16777216"
    "memorysetup-gfx-main-allocator-block-size=16777216"
    "memorysetup-gfx-thread-allocator-block-size=16777216"
    "memorysetup-cache-allocator-block-size=4194304"
    "memorysetup-typetree-allocator-block-size=2097152"
    "memorysetup-profiler-bucket-allocator-granularity=16"
    "memorysetup-profiler-bucket-allocator-bucket-count=8"
    "memorysetup-profiler-bucket-allocator-block-size=33554432"
    "memorysetup-profiler-bucket-allocator-block-count=8"
    "memorysetup-profiler-allocator-block-size=16777216"
    "memorysetup-profiler-editor-allocator-block-size=1048576"
    "memorysetup-temp-allocator-size-main=16777216"
    "memorysetup-job-temp-allocator-block-size=2097152"
    "memorysetup-job-temp-allocator-block-size-background=1048576"
    "memorysetup-job-temp-allocator-reduction-small-platforms=262144"
    "memorysetup-temp-allocator-size-cloud-worker=32768"
Player connection [39912]  Target information:

Player connection [39912]  * "[IP] 192.168.213.1 [Port] 55504 [Flags] 2 [Guid] 3581932148 [EditorId] 3581932148 [Version] 1048832 [Id] WindowsEditor(7,ONCE20240717) [Debug] 1 [PackageName] WindowsEditor [ProjectName] Editor" 

Player connection [39912]  * "[IP] 192.168.177.1 [Port] 55504 [Flags] 2 [Guid] 3581932148 [EditorId] 3581932148 [Version] 1048832 [Id] WindowsEditor(7,ONCE20240717) [Debug] 1 [PackageName] WindowsEditor [ProjectName] Editor" 

Player connection [39912]  * "[IP] 172.19.48.1 [Port] 55504 [Flags] 2 [Guid] 3581932148 [EditorId] 3581932148 [Version] 1048832 [Id] WindowsEditor(7,ONCE20240717) [Debug] 1 [PackageName] WindowsEditor [ProjectName] Editor" 

Player connection [39912]  * "[IP] 192.168.0.108 [Port] 55504 [Flags] 2 [Guid] 3581932148 [EditorId] 3581932148 [Version] 1048832 [Id] WindowsEditor(7,ONCE20240717) [Debug] 1 [PackageName] WindowsEditor [ProjectName] Editor" 

Player connection [39912] Host joined multi-casting on [225.0.0.222:54997]...
Player connection [39912] Host joined alternative multi-casting on [225.0.0.222:34997]...
Input System module state changed to: Initialized.
[Physics::Module] Initialized fallback backend.
[Physics::Module] Id: 0xdecafbad
[Package Manager] Connected to IPC stream "Upm-39132" after 0.2 seconds.
[Licensing::Client] Successfully resolved entitlement details
[Licensing::Module] License group:
  Id: F4-RBAU-NDFH-NT7X-YNCU-XXXX
  Product: Unity Personal
  Type: ULF
  Expiration: Unlimited
[Licensing::Module] License group:
  Id: 15669756225009-UnityPersXXXX
  Product: Unity Personal
  Type: Assigned
  Expiration: Unlimited
Library Redirect Path: Library/
[Physics::Module] Selected backend.
[Physics::Module] Name: PhysX
[Physics::Module] Id: 0xf2b8ea05
[Physics::Module] SDK Version: 4.1.2
[Physics::Module] Integration Version: 1.0.0
[Physics::Module] Threading Mode: Multi-Threaded
Refreshing native plugins compatible for Editor in 0.08 ms, found 0 plugins.
Preloading 0 native plugins for Editor in 0.00 ms.
Initialize engine version: 6000.3.23f1 (09d2ecc7fb28)
[Subsystems] Discovering subsystems at path C:/Program Files/Unity/Hub/Editor/6000.3.23f1/Editor/Data/Resources/UnitySubsystems
[Subsystems] Discovering subsystems at path C:/Users/1/.codex/visualizations/2026/09/07/01a07bfd-c935-7323-9a34-6eae278d83b6/audit-c86bfa9-20260908/probes-presentation/unity_workspace/adapters/unity/Assets
Forcing GfxDevice: Null
GfxDevice: creating device client; kGfxThreadingModeNonThreaded
NullGfxDevice:
    Version:  NULL 1.0 [1.0]
    Renderer: Null Device
    Vendor:   Unity Technologies
Initialize mono
Mono path[0] = 'C:/Program Files/Unity/Hub/Editor/6000.3.23f1/Editor/Data/Managed'
Mono path[1] = 'C:/Program Files/Unity/Hub/Editor/6000.3.23f1/Editor/Data/MonoBleedingEdge/lib/mono/unityjit-win32'
Mono config path = 'C:/Program Files/Unity/Hub/Editor/6000.3.23f1/Editor/Data/MonoBleedingEdge/etc'
Using monoOptions --debugger-agent=transport=dt_socket,embedding=1,server=y,suspend=n,address=127.0.0.1:56132
Using cacheserver namespaces - metadata:defaultmetadata, artifacts:defaultartifacts
Using cacheserver namespaces - metadata:defaultmetadata, artifacts:defaultartifacts
ImportWorker Server TCP listen port: 0
AcceleratorClientConnectionCallback - disconnected - :0
Begin MonoManager ReloadAssembly
Registering precompiled unity dll's ...
Register platform support module: C:/Program Files/Unity/Hub/Editor/6000.3.23f1/Editor/Data/PlaybackEngines/WindowsStandaloneSupport/UnityEditor.WindowsStandalone.Extensions.dll
Registered in 0.001040 seconds.
- Loaded All Assemblies, in  0.248 seconds
Native extension for WindowsStandalone target not found
Package Manager log level set to [2]
ScheduleIndexationOnStartup MainProcess:False IndexOnStartup:False
Mono: successfully reloaded assembly
- Finished resetting the current domain, in  0.238 seconds
Domain Reload Profiling: 486ms
	BeginReloadAssembly (81ms)
		ExecutionOrderSort (0ms)
		DisableScriptedObjects (0ms)
		BackupInstance (0ms)
		ReleaseScriptingObjects (0ms)
		CreateAndSetChildDomain (1ms)
	RebuildCommonClasses (24ms)
	RebuildNativeTypeToScriptingClass (8ms)
	initialDomainReloadingComplete (28ms)
	LoadAllAssembliesAndSetupDomain (108ms)
		LoadAssemblies (79ms)
		RebuildTransferFunctionScriptingTraits (0ms)
		AnalyzeDomain (106ms)
			TypeCache.Refresh (104ms)
				TypeCache.ScanAssembly (95ms)
			BuildScriptInfoCaches (0ms)
			ResolveRequiredComponents (0ms)
	FinalizeReload (238ms)
		ReleaseScriptCaches (0ms)
		RebuildScriptCaches (0ms)
		SetupLoadedEditorAssemblies (215ms)
			LogAssemblyErrors (0ms)
			InitializePlatformSupportModulesInManaged (28ms)
			SetLoadedEditorAssemblies (2ms)
			BeforeProcessingInitializeOnLoad (50ms)
			ProcessInitializeOnLoadAttributes (85ms)
			ProcessInitializeOnLoadMethodAttributes (49ms)
			AfterProcessingInitializeOnLoad (0ms)
			EditorAssembliesLoaded (0ms)
		ExecutionOrderSort2 (0ms)
		AwakeInstancesAfterBackupRestoration (0ms)
[Licensing::Client] Successfully resolved entitlement details
[Licensing::Module] License group:
  Id: F4-RBAU-NDFH-NT7X-YNCU-XXXX
  Product: Unity Personal
  Type: ULF
  Expiration: Unlimited
[Licensing::Module] License group:
  Id: 15669756225009-UnityPersXXXX
  Product: Unity Personal
  Type: Assigned
  Expiration: Unlimited
Application.AssetDatabase Initial Refresh Start
[Package Manager] Restoring resolved packages state from cache
[Licensing::Client] Successfully resolved entitlement details
[Package Manager] Registered 55 packages:
  Packages from [https://packages.unity.com]:
    com.unity.ide.visualstudio@2.0.22 (location: C:\Users\1\.codex\visualizations\2026\09\07\01a07bfd-c935-7323-9a34-6eae278d83b6\audit-c86bfa9-20260908\probes-presentation\unity_workspace\adapters\unity\Library\PackageCache\com.unity.ide.visualstudio@8140e851d83e)
    com.unity.inputsystem@1.20.0 (location: C:\Users\1\.codex\visualizations\2026\09\07\01a07bfd-c935-7323-9a34-6eae278d83b6\audit-c86bfa9-20260908\probes-presentation\unity_workspace\adapters\unity\Library\PackageCache\com.unity.inputsystem@7a4e1a2a8194)
    com.unity.searcher@4.9.5 (location: C:\Users\1\.codex\visualizations\2026\09\07\01a07bfd-c935-7323-9a34-6eae278d83b6\audit-c86bfa9-20260908\probes-presentation\unity_workspace\adapters\unity\Library\PackageCache\com.unity.searcher@a463122f2c00)
    com.unity.burst@1.8.30 (location: C:\Users\1\.codex\visualizations\2026\09\07\01a07bfd-c935-7323-9a34-6eae278d83b6\audit-c86bfa9-20260908\probes-presentation\unity_workspace\adapters\unity\Library\PackageCache\com.unity.burst@2f3d916873ea)
    com.unity.mathematics@1.3.3 (location: C:\Users\1\.codex\visualizations\2026\09\07\01a07bfd-c935-7323-9a34-6eae278d83b6\audit-c86bfa9-20260908\probes-presentation\unity_workspace\adapters\unity\Library\PackageCache\com.unity.mathematics@19a9377c4ffa)
    com.unity.collections@2.6.8 (location: C:\Users\1\.codex\visualizations\2026\09\07\01a07bfd-c935-7323-9a34-6eae278d83b6\audit-c86bfa9-20260908\probes-presentation\unity_workspace\adapters\unity\Library\PackageCache\com.unity.collections@84e8eb3fc12e)
    com.unity.nuget.mono-cecil@1.11.6 (location: C:\Users\1\.codex\visualizations\2026\09\07\01a07bfd-c935-7323-9a34-6eae278d83b6\audit-c86bfa9-20260908\probes-presentation\unity_workspace\adapters\unity\Library\PackageCache\com.unity.nuget.mono-cecil@ecb9724e46ff)
    com.unity.test-framework.performance@3.5.0 (location: C:\Users\1\.codex\visualizations\2026\09\07\01a07bfd-c935-7323-9a34-6eae278d83b6\audit-c86bfa9-20260908\probes-presentation\unity_workspace\adapters\unity\Library\PackageCache\com.unity.test-framework.performance@8b56083ec0f0)
  Built-in packages:
    com.unity.2d.sprite@1.0.0 (location: C:\Users\1\.codex\visualizations\2026\09\07\01a07bfd-c935-7323-9a34-6eae278d83b6\audit-c86bfa9-20260908\probes-presentation\unity_workspace\adapters\unity\Library\PackageCache\com.unity.2d.sprite@5b922524bd83)
    com.unity.render-pipelines.universal@17.3.0 (location: C:\Users\1\.codex\visualizations\2026\09\07\01a07bfd-c935-7323-9a34-6eae278d83b6\audit-c86bfa9-20260908\probes-presentation\unity_workspace\adapters\unity\Library\PackageCache\com.unity.render-pipelines.universal@7865b6b91f8a)
    com.unity.test-framework@1.6.0 (location: C:\Users\1\.codex\visualizations\2026\09\07\01a07bfd-c935-7323-9a34-6eae278d83b6\audit-c86bfa9-20260908\probes-presentation\unity_workspace\adapters\unity\Library\PackageCache\com.unity.test-framework@bd7f943e9647)
    com.unity.ugui@2.0.0 (location: C:\Users\1\.codex\visualizations\2026\09\07\01a07bfd-c935-7323-9a34-6eae278d83b6\audit-c86bfa9-20260908\probes-presentation\unity_workspace\adapters\unity\Library\PackageCache\com.unity.ugui@27635d171b1a)
    com.unity.modules.accessibility@1.0.0 (location: C:\Users\1\.codex\visualizations\2026\09\07\01a07bfd-c935-7323-9a34-6eae278d83b6\audit-c86bfa9-20260908\probes-presentation\unity_workspace\adapters\unity\Library\PackageCache\com.unity.modules.accessibility)
    com.unity.modules.adaptiveperformance@1.0.0 (location: C:\Users\1\.codex\visualizations\2026\09\07\01a07bfd-c935-7323-9a34-6eae278d83b6\audit-c86bfa9-20260908\probes-presentation\unity_workspace\adapters\unity\Library\PackageCache\com.unity.modules.adaptiveperformance)
    com.unity.modules.ai@1.0.0 (location: C:\Users\1\.codex\visualizations\2026\09\07\01a07bfd-c935-7323-9a34-6eae278d83b6\audit-c86bfa9-20260908\probes-presentation\unity_workspace\adapters\unity\Library\PackageCache\com.unity.modules.ai)
    com.unity.modules.androidjni@1.0.0 (location: C:\Users\1\.codex\visualizations\2026\09\07\01a07bfd-c935-7323-9a34-6eae278d83b6\audit-c86bfa9-20260908\probes-presentation\unity_workspace\adapters\unity\Library\PackageCache\com.unity.modules.androidjni)
    com.unity.modules.animation@1.0.0 (location: C:\Users\1\.codex\visualizations\2026\09\07\01a07bfd-c935-7323-9a34-6eae278d83b6\audit-c86bfa9-20260908\probes-presentation\unity_workspace\adapters\unity\Library\PackageCache\com.unity.modules.animation)
    com.unity.modules.assetbundle@1.0.0 (location: C:\Users\1\.codex\visualizations\2026\09\07\01a07bfd-c935-7323-9a34-6eae278d83b6\audit-c86bfa9-20260908\probes-presentation\unity_workspace\adapters\unity\Library\PackageCache\com.unity.modules.assetbundle)
    com.unity.modules.audio@1.0.0 (location: C:\Users\1\.codex\visualizations\2026\09\07\01a07bfd-c935-7323-9a34-6eae278d83b6\audit-c86bfa9-20260908\probes-presentation\unity_workspace\adapters\unity\Library\PackageCache\com.unity.modules.audio)
    com.unity.modules.cloth@1.0.0 (location: C:\Users\1\.codex\visualizations\2026\09\07\01a07bfd-c935-7323-9a34-6eae278d83b6\audit-c86bfa9-20260908\probes-presentation\unity_workspace\adapters\unity\Library\PackageCache\com.unity.modules.cloth)
    com.unity.modules.director@1.0.0 (location: C:\Users\1\.codex\visualizations\2026\09\07\01a07bfd-c935-7323-9a34-6eae278d83b6\audit-c86bfa9-20260908\probes-presentation\unity_workspace\adapters\unity\Library\PackageCache\com.unity.modules.director)
    com.unity.modules.imageconversion@1.0.0 (location: C:\Users\1\.codex\visualizations\2026\09\07\01a07bfd-c935-7323-9a34-6eae278d83b6\audit-c86bfa9-20260908\probes-presentation\unity_workspace\adapters\unity\Library\PackageCache\com.unity.modules.imageconversion)
    com.unity.modules.imgui@1.0.0 (location: C:\Users\1\.codex\visualizations\2026\09\07\01a07bfd-c935-7323-9a34-6eae278d83b6\audit-c86bfa9-20260908\probes-presentation\unity_workspace\adapters\unity\Library\PackageCache\com.unity.modules.imgui)
    com.unity.modules.jsonserialize@1.0.0 (location: C:\Users\1\.codex\visualizations\2026\09\07\01a07bfd-c935-7323-9a34-6eae278d83b6\audit-c86bfa9-20260908\probes-presentation\unity_workspace\adapters\unity\Library\PackageCache\com.unity.modules.jsonserialize)
    com.unity.modules.particlesystem@1.0.0 (location: C:\Users\1\.codex\visualizations\2026\09\07\01a07bfd-c935-7323-9a34-6eae278d83b6\audit-c86bfa9-20260908\probes-presentation\unity_workspace\adapters\unity\Library\PackageCache\com.unity.modules.particlesystem)
    com.unity.modules.physics@1.0.0 (location: C:\Users\1\.codex\visualizations\2026\09\07\01a07bfd-c935-7323-9a34-6eae278d83b6\audit-c86bfa9-20260908\probes-presentation\unity_workspace\adapters\unity\Library\PackageCache\com.unity.modules.physics)
    com.unity.modules.physics2d@1.0.0 (location: C:\Users\1\.codex\visualizations\2026\09\07\01a07bfd-c935-7323-9a34-6eae278d83b6\audit-c86bfa9-20260908\probes-presentation\unity_workspace\adapters\unity\Library\PackageCache\com.unity.modules.physics2d)
    com.unity.modules.screencapture@1.0.0 (location: C:\Users\1\.codex\visualizations\2026\09\07\01a07bfd-c935-7323-9a34-6eae278d83b6\audit-c86bfa9-20260908\probes-presentation\unity_workspace\adapters\unity\Library\PackageCache\com.unity.modules.screencapture)
    com.unity.modules.terrain@1.0.0 (location: C:\Users\1\.codex\visualizations\2026\09\07\01a07bfd-c935-7323-9a34-6eae278d83b6\audit-c86bfa9-20260908\probes-presentation\unity_workspace\adapters\unity\Library\PackageCache\com.unity.modules.terrain)
    com.unity.modules.terrainphysics@1.0.0 (location: C:\Users\1\.codex\visualizations\2026\09\07\01a07bfd-c935-7323-9a34-6eae278d83b6\audit-c86bfa9-20260908\probes-presentation\unity_workspace\adapters\unity\Library\PackageCache\com.unity.modules.terrainphysics)
    com.unity.modules.tilemap@1.0.0 (location: C:\Users\1\.codex\visualizations\2026\09\07\01a07bfd-c935-7323-9a34-6eae278d83b6\audit-c86bfa9-20260908\probes-presentation\unity_workspace\adapters\unity\Library\PackageCache\com.unity.modules.tilemap)
    com.unity.modules.ui@1.0.0 (location: C:\Users\1\.codex\visualizations\2026\09\07\01a07bfd-c935-7323-9a34-6eae278d83b6\audit-c86bfa9-20260908\probes-presentation\unity_workspace\adapters\unity\Library\PackageCache\com.unity.modules.ui)
    com.unity.modules.uielements@1.0.0 (location: C:\Users\1\.codex\visualizations\2026\09\07\01a07bfd-c935-7323-9a34-6eae278d83b6\audit-c86bfa9-20260908\probes-presentation\unity_workspace\adapters\unity\Library\PackageCache\com.unity.modules.uielements)
    com.unity.modules.umbra@1.0.0 (location: C:\Users\1\.codex\visualizations\2026\09\07\01a07bfd-c935-7323-9a34-6eae278d83b6\audit-c86bfa9-20260908\probes-presentation\unity_workspace\adapters\unity\Library\PackageCache\com.unity.modules.umbra)
    com.unity.modules.unityanalytics@1.0.0 (location: C:\Users\1\.codex\visualizations\2026\09\07\01a07bfd-c935-7323-9a34-6eae278d83b6\audit-c86bfa9-20260908\probes-presentation\unity_workspace\adapters\unity\Library\PackageCache\com.unity.modules.unityanalytics)
    com.unity.modules.unitywebrequest@1.0.0 (location: C:\Users\1\.codex\visualizations\2026\09\07\01a07bfd-c935-7323-9a34-6eae278d83b6\audit-c86bfa9-20260908\probes-presentation\unity_workspace\adapters\unity\Library\PackageCache\com.unity.modules.unitywebrequest)
    com.unity.modules.unitywebrequestassetbundle@1.0.0 (location: C:\Users\1\.codex\visualizations\2026\09\07\01a07bfd-c935-7323-9a34-6eae278d83b6\audit-c86bfa9-20260908\probes-presentation\unity_workspace\adapters\unity\Library\PackageCache\com.unity.modules.unitywebrequestassetbundle)
    com.unity.modules.unitywebrequestaudio@1.0.0 (location: C:\Users\1\.codex\visualizations\2026\09\07\01a07bfd-c935-7323-9a34-6eae278d83b6\audit-c86bfa9-20260908\probes-presentation\unity_workspace\adapters\unity\Library\PackageCache\com.unity.modules.unitywebrequestaudio)
    com.unity.modules.unitywebrequesttexture@1.0.0 (location: C:\Users\1\.codex\visualizations\2026\09\07\01a07bfd-c935-7323-9a34-6eae278d83b6\audit-c86bfa9-20260908\probes-presentation\unity_workspace\adapters\unity\Library\PackageCache\com.unity.modules.unitywebrequesttexture)
    com.unity.modules.unitywebrequestwww@1.0.0 (location: C:\Users\1\.codex\visualizations\2026\09\07\01a07bfd-c935-7323-9a34-6eae278d83b6\audit-c86bfa9-20260908\probes-presentation\unity_workspace\adapters\unity\Library\PackageCache\com.unity.modules.unitywebrequestwww)
    com.unity.modules.vectorgraphics@1.0.0 (location: C:\Users\1\.codex\visualizations\2026\09\07\01a07bfd-c935-7323-9a34-6eae278d83b6\audit-c86bfa9-20260908\probes-presentation\unity_workspace\adapters\unity\Library\PackageCache\com.unity.modules.vectorgraphics)
    com.unity.modules.vehicles@1.0.0 (location: C:\Users\1\.codex\visualizations\2026\09\07\01a07bfd-c935-7323-9a34-6eae278d83b6\audit-c86bfa9-20260908\probes-presentation\unity_workspace\adapters\unity\Library\PackageCache\com.unity.modules.vehicles)
    com.unity.modules.video@1.0.0 (location: C:\Users\1\.codex\visualizations\2026\09\07\01a07bfd-c935-7323-9a34-6eae278d83b6\audit-c86bfa9-20260908\probes-presentation\unity_workspace\adapters\unity\Library\PackageCache\com.unity.modules.video)
    com.unity.modules.vr@1.0.0 (location: C:\Users\1\.codex\visualizations\2026\09\07\01a07bfd-c935-7323-9a34-6eae278d83b6\audit-c86bfa9-20260908\probes-presentation\unity_workspace\adapters\unity\Library\PackageCache\com.unity.modules.vr)
    com.unity.modules.wind@1.0.0 (location: C:\Users\1\.codex\visualizations\2026\09\07\01a07bfd-c935-7323-9a34-6eae278d83b6\audit-c86bfa9-20260908\probes-presentation\unity_workspace\adapters\unity\Library\PackageCache\com.unity.modules.wind)
    com.unity.modules.xr@1.0.0 (location: C:\Users\1\.codex\visualizations\2026\09\07\01a07bfd-c935-7323-9a34-6eae278d83b6\audit-c86bfa9-20260908\probes-presentation\unity_workspace\adapters\unity\Library\PackageCache\com.unity.modules.xr)
    com.unity.modules.subsystems@1.0.0 (location: C:\Users\1\.codex\visualizations\2026\09\07\01a07bfd-c935-7323-9a34-6eae278d83b6\audit-c86bfa9-20260908\probes-presentation\unity_workspace\adapters\unity\Library\PackageCache\com.unity.modules.subsystems)
    com.unity.modules.hierarchycore@1.0.0 (location: C:\Users\1\.codex\visualizations\2026\09\07\01a07bfd-c935-7323-9a34-6eae278d83b6\audit-c86bfa9-20260908\probes-presentation\unity_workspace\adapters\unity\Library\PackageCache\com.unity.modules.hierarchycore)
    com.unity.ext.nunit@2.0.5 (location: C:\Users\1\.codex\visualizations\2026\09\07\01a07bfd-c935-7323-9a34-6eae278d83b6\audit-c86bfa9-20260908\probes-presentation\unity_workspace\adapters\unity\Library\PackageCache\com.unity.ext.nunit@d8c07649098d)
    com.unity.render-pipelines.core@17.3.0 (location: C:\Users\1\.codex\visualizations\2026\09\07\01a07bfd-c935-7323-9a34-6eae278d83b6\audit-c86bfa9-20260908\probes-presentation\unity_workspace\adapters\unity\Library\PackageCache\com.unity.render-pipelines.core@0bb36005e9ba)
    com.unity.shadergraph@17.3.0 (location: C:\Users\1\.codex\visualizations\2026\09\07\01a07bfd-c935-7323-9a34-6eae278d83b6\audit-c86bfa9-20260908\probes-presentation\unity_workspace\adapters\unity\Library\PackageCache\com.unity.shadergraph@b4b75cc00891)
    com.unity.render-pipelines.universal-config@17.0.3 (location: C:\Users\1\.codex\visualizations\2026\09\07\01a07bfd-c935-7323-9a34-6eae278d83b6\audit-c86bfa9-20260908\probes-presentation\unity_workspace\adapters\unity\Library\PackageCache\com.unity.render-pipelines.universal-config@8dc1aab4af1d)
  Embedded packages:
    com.gamefoundation.adapter.unity@file:C:\Users\1\.codex\visualizations\2026\09\07\01a07bfd-c935-7323-9a34-6eae278d83b6\audit-c86bfa9-20260908\probes-presentation\unity_workspace\adapters\unity\Packages\com.gamefoundation.adapter.unity (location: C:\Users\1\.codex\visualizations\2026\09\07\01a07bfd-c935-7323-9a34-6eae278d83b6\audit-c86bfa9-20260908\probes-presentation\unity_workspace\adapters\unity\Packages\com.gamefoundation.adapter.unity)
  Local packages:
    com.gamefoundation.conformance@file:C:\Users\1\.codex\visualizations\2026\09\07\01a07bfd-c935-7323-9a34-6eae278d83b6\audit-c86bfa9-20260908\probes-presentation\unity_workspace\adapters\conformance (location: C:\Users\1\.codex\visualizations\2026\09\07\01a07bfd-c935-7323-9a34-6eae278d83b6\audit-c86bfa9-20260908\probes-presentation\unity_workspace\adapters\conformance)
    com.gamefoundation.game-template@file:C:\Users\1\.codex\visualizations\2026\09\07\01a07bfd-c935-7323-9a34-6eae278d83b6\audit-c86bfa9-20260908\probes-presentation\unity_workspace\games\_template (location: C:\Users\1\.codex\visualizations\2026\09\07\01a07bfd-c935-7323-9a34-6eae278d83b6\audit-c86bfa9-20260908\probes-presentation\unity_workspace\games\_template)
[Subsystems] No new subsystems found in resolved package list.
[Package Manager] Done registering packages in 0.02 seconds
Starting: C:\Program Files\Unity\Hub\Editor\6000.3.23f1\Editor\Data\Tools\BuildPipeline\bee_backend.exe --ipc --defer-dag-verification --dagfile="Library/Bee/1900b0aE.dag" --continue-on-failure --profile="Library/Bee/backend1.traceevents" ScriptAssemblies
WorkingDir: C:/Users/1/.codex/visualizations/2026/09/07/01a07bfd-c935-7323-9a34-6eae278d83b6/audit-c86bfa9-20260908/probes-presentation/unity_workspace/adapters/unity
DisplayProgressbar: Compiling Scripts
ExitCode: 0 Duration: 0s156ms
[558/706    0s] ILPP-Configuration Library/ilpp-configuration.nevergeneratedoutput
*** Tundra build success (0.13 seconds), 1 items updated, 706 evaluated
AssetDatabase: script compilation time: 0.444463s
Begin MonoManager ReloadAssembly
Total cache size 24826536
Total cache size after purge 24826536, took 00:00:00.0165642
DirectoryNotFoundException: Could not find a part of the path "C:\Users\1\.codex\visualizations\2026\09\07\01a07bfd-c935-7323-9a34-6eae278d83b6\audit-c86bfa9-20260908\probes-presentation\unity_workspace\adapters\unity\Library\PackageCache\com.unity.collections@84e8eb3fc12e\Unity.Collections.LowLevel.ILSupport\Unity.Collections.LowLevel.ILSupport.dll"
  at System.IO.FileStream..ctor (System.String path, System.IO.FileMode mode, System.IO.FileAccess access, System.IO.FileShare share, System.Int32 bufferSize, System.Boolean anonymous, System.IO.FileOptions options) [0x0019e] in <d49d4cb128564ee1b54a84338c98d353>:0 
  at System.IO.FileStream..ctor (System.String path, System.IO.FileMode mode, System.IO.FileAccess access, System.IO.FileShare share) [0x00000] in <d49d4cb128564ee1b54a84338c98d353>:0 
  at (wrapper remoting-invoke-with-check) System.IO.FileStream..ctor(string,System.IO.FileMode,System.IO.FileAccess,System.IO.FileShare)
  at Mono.Cecil.ModuleDefinition.GetFileStream (System.String fileName, System.IO.FileMode mode, System.IO.FileAccess access, System.IO.FileShare share) [0x00006] in <4e339395f8074c75847e518298d9c5fd>:0 
  at Mono.Cecil.ModuleDefinition.ReadModule (System.String fileName, Mono.Cecil.ReaderParameters parameters) [0x00008] in <4e339395f8074c75847e518298d9c5fd>:0 
  at Mono.Cecil.AssemblyDefinition.ReadAssembly (System.String fileName, Mono.Cecil.ReaderParameters parameters) [0x00000] in <4e339395f8074c75847e518298d9c5fd>:0 
  at UnityEditor.AssemblyValidation.LoadAssemblyDefinitions (System.String[] assemblyPaths, System.String[] searchPaths) [0x00048] in <a1c4aa6b1d6f4d71b2e529a0fc32c2fd>:0 
  at UnityEditor.AssemblyValidation.ValidateAssemblies (System.String[] assemblyPaths, System.Boolean enableLogging) [0x00007] in <a1c4aa6b1d6f4d71b2e529a0fc32c2fd>:0 

- Loaded All Assemblies, in  0.351 seconds
Refreshing native plugins compatible for Editor in 0.29 ms, found 0 plugins.
Native extension for WindowsStandalone target not found
ScheduleIndexationOnStartup MainProcess:True IndexOnStartup:False
Mono: successfully reloaded assembly
- Finished resetting the current domain, in  1.731 seconds
Domain Reload Profiling: 2081ms
	BeginReloadAssembly (133ms)
		ExecutionOrderSort (0ms)
		DisableScriptedObjects (13ms)
		BackupInstance (0ms)
		ReleaseScriptingObjects (0ms)
		CreateAndSetChildDomain (39ms)
	RebuildCommonClasses (22ms)
	RebuildNativeTypeToScriptingClass (8ms)
	initialDomainReloadingComplete (16ms)
	LoadAllAssembliesAndSetupDomain (171ms)
		LoadAssemblies (128ms)
		RebuildTransferFunctionScriptingTraits (0ms)
		AnalyzeDomain (105ms)
			TypeCache.Refresh (63ms)
				TypeCache.ScanAssembly (57ms)
			BuildScriptInfoCaches (35ms)
			ResolveRequiredComponents (5ms)
	FinalizeReload (1731ms)
		ReleaseScriptCaches (0ms)
		RebuildScriptCaches (0ms)
		SetupLoadedEditorAssemblies (1586ms)
			LogAssemblyErrors (0ms)
			InitializePlatformSupportModulesInManaged (11ms)
			SetLoadedEditorAssemblies (4ms)
			BeforeProcessingInitializeOnLoad (87ms)
			ProcessInitializeOnLoadAttributes (1381ms)
			ProcessInitializeOnLoadMethodAttributes (101ms)
			AfterProcessingInitializeOnLoad (2ms)
			EditorAssembliesLoaded (0ms)
		ExecutionOrderSort2 (0ms)
		AwakeInstancesAfterBackupRestoration (15ms)
Host type is not matching any asset type at Path Packages/com.unity.render-pipelines.universal/Shaders/AutodeskInteractive/AutodeskInteractive.shadergraph.
UnityEngine.Debug:ExtractStackTraceNoAlloc (byte*,int,string)
UnityEngine.StackTraceUtility:ExtractStackTrace ()
UnityEngine.DebugLogHandler:Internal_Log (UnityEngine.LogType,UnityEngine.LogOption,string,UnityEngine.Object)
UnityEngine.DebugLogHandler:LogFormat (UnityEngine.LogType,UnityEngine.Object,string,object[])
UnityEngine.Logger:Log (UnityEngine.LogType,object)
UnityEngine.Debug:LogError (object)
UnityEditor.Rendering.RenderPipelineResourcesEditorUtils:TryReloadContainedNullFields (UnityEngine.Rendering.IRenderPipelineResources)
UnityEditor.Rendering.Settings.RenderPipelineGraphicsSettingsManager:UpdateRenderPipelineGlobalSettings (UnityEditor.Rendering.Settings.RenderPipelineGraphicsSettingsManager/RenderPipelineGraphicsSettingsInfo,UnityEngine.Rendering.RenderPipelineGlobalSettings,bool&,UnityEngine.Rendering.IRenderPipelineGraphicsSettings&)
UnityEditor.Rendering.Settings.RenderPipelineGraphicsSettingsManager:PopulateRenderPipelineGraphicsSettings (UnityEngine.Rendering.RenderPipelineGlobalSettings)
UnityEditor.Rendering.EditorGraphicsSettings:SetRenderPipelineGlobalSettingsAsset (System.Type,UnityEngine.Rendering.RenderPipelineGlobalSettings)
UnityEditor.Rendering.EditorGraphicsSettings:SetRenderPipelineGlobalSettingsAsset<UnityEngine.Rendering.Universal.UniversalRenderPipeline> (UnityEngine.Rendering.RenderPipelineGlobalSettings)
UnityEngine.Rendering.RenderPipelineGlobalSettingsUtils:TryEnsure<UnityEngine.Rendering.Universal.UniversalRenderPipelineGlobalSettings, UnityEngine.Rendering.Universal.UniversalRenderPipeline> (UnityEngine.Rendering.Universal.UniversalRenderPipelineGlobalSettings&,string,bool,System.Exception&) (at ./Library/PackageCache/com.unity.render-pipelines.core@0bb36005e9ba/Runtime/RenderPipeline/RenderPipelineGlobalSettingsUtils.cs:138)
UnityEngine.Rendering.RenderPipelineGlobalSettingsUtils:TryEnsure<UnityEngine.Rendering.Universal.UniversalRenderPipelineGlobalSettings, UnityEngine.Rendering.Universal.UniversalRenderPipeline> (UnityEngine.Rendering.Universal.UniversalRenderPipelineGlobalSettings&,string,bool) (at ./Library/PackageCache/com.unity.render-pipelines.core@0bb36005e9ba/Runtime/RenderPipeline/RenderPipelineGlobalSettingsUtils.cs:90)
UnityEngine.Rendering.Universal.UniversalRenderPipelineGlobalSettings:Ensure (bool) (at ./Library/PackageCache/com.unity.render-pipelines.universal@7865b6b91f8a/Runtime/UniversalRenderPipelineGlobalSettings.cs:284)
UnityEditor.Rendering.Universal.UniversalRenderPipelineGlobalSettingsPostprocessor:OnPostprocessAllAssets (string[],string[],string[],string[],bool) (at ./Library/PackageCache/com.unity.render-pipelines.universal@7865b6b91f8a/Editor/AssetPostProcessors/UniversalRenderPipelineGlobalSettingsPostprocessor.cs:14)
System.Reflection.RuntimeMethodInfo:Invoke (object,System.Reflection.BindingFlags,System.Reflection.Binder,object[],System.Globalization.CultureInfo)
System.Reflection.MethodBase:Invoke (object,object[])
UnityEditor.AssetPostprocessingInternal:InvokeMethod (System.Reflection.MethodInfo,object[])
UnityEditor.AssetPostprocessingInternal:PostprocessAllAssets (string[],string[],string[],string[],string[],bool)

(Filename: ./Library/PackageCache/com.unity.render-pipelines.core@0bb36005e9ba/Runtime/RenderPipeline/RenderPipelineGlobalSettingsUtils.cs Line: 138)

Host type is not matching any asset type at Path Packages/com.unity.render-pipelines.core/Editor/Lighting/ProbeVolume/VirtualOffset/TraceVirtualOffset.urtshader.
UnityEngine.Debug:ExtractStackTraceNoAlloc (byte*,int,string)
UnityEngine.StackTraceUtility:ExtractStackTrace ()
UnityEngine.DebugLogHandler:Internal_Log (UnityEngine.LogType,UnityEngine.LogOption,string,UnityEngine.Object)
UnityEngine.DebugLogHandler:LogFormat (UnityEngine.LogType,UnityEngine.Object,string,object[])
UnityEngine.Logger:Log (UnityEngine.LogType,object)
UnityEngine.Debug:LogError (object)
UnityEditor.Rendering.RenderPipelineResourcesEditorUtils:TryReloadContainedNullFields (UnityEngine.Rendering.IRenderPipelineResources)
UnityEditor.Rendering.Settings.RenderPipelineGraphicsSettingsManager:UpdateRenderPipelineGlobalSettings (UnityEditor.Rendering.Settings.RenderPipelineGraphicsSettingsManager/RenderPipelineGraphicsSettingsInfo,UnityEngine.Rendering.RenderPipelineGlobalSettings,bool&,UnityEngine.Rendering.IRenderPipelineGraphicsSettings&)
UnityEditor.Rendering.Settings.RenderPipelineGraphicsSettingsManager:PopulateRenderPipelineGraphicsSettings (UnityEngine.Rendering.RenderPipelineGlobalSettings)
UnityEditor.Rendering.EditorGraphicsSettings:SetRenderPipelineGlobalSettingsAsset (System.Type,UnityEngine.Rendering.RenderPipelineGlobalSettings)
UnityEditor.Rendering.EditorGraphicsSettings:SetRenderPipelineGlobalSettingsAsset<UnityEngine.Rendering.Universal.UniversalRenderPipeline> (UnityEngine.Rendering.RenderPipelineGlobalSettings)
UnityEngine.Rendering.RenderPipelineGlobalSettingsUtils:TryEnsure<UnityEngine.Rendering.Universal.UniversalRenderPipelineGlobalSettings, UnityEngine.Rendering.Universal.UniversalRenderPipeline> (UnityEngine.Rendering.Universal.UniversalRenderPipelineGlobalSettings&,string,bool,System.Exception&) (at ./Library/PackageCache/com.unity.render-pipelines.core@0bb36005e9ba/Runtime/RenderPipeline/RenderPipelineGlobalSettingsUtils.cs:138)
UnityEngine.Rendering.RenderPipelineGlobalSettingsUtils:TryEnsure<UnityEngine.Rendering.Universal.UniversalRenderPipelineGlobalSettings, UnityEngine.Rendering.Universal.UniversalRenderPipeline> (UnityEngine.Rendering.Universal.UniversalRenderPipelineGlobalSettings&,string,bool) (at ./Library/PackageCache/com.unity.render-pipelines.core@0bb36005e9ba/Runtime/RenderPipeline/RenderPipelineGlobalSettingsUtils.cs:90)
UnityEngine.Rendering.Universal.UniversalRenderPipelineGlobalSettings:Ensure (bool) (at ./Library/PackageCache/com.unity.render-pipelines.universal@7865b6b91f8a/Runtime/UniversalRenderPipelineGlobalSettings.cs:284)
UnityEditor.Rendering.Universal.UniversalRenderPipelineGlobalSettingsPostprocessor:OnPostprocessAllAssets (string[],string[],string[],string[],bool) (at ./Library/PackageCache/com.unity.render-pipelines.universal@7865b6b91f8a/Editor/AssetPostProcessors/UniversalRenderPipelineGlobalSettingsPostprocessor.cs:14)
System.Reflection.RuntimeMethodInfo:Invoke (object,System.Reflection.BindingFlags,System.Reflection.Binder,object[],System.Globalization.CultureInfo)
System.Reflection.MethodBase:Invoke (object,object[])
UnityEditor.AssetPostprocessingInternal:InvokeMethod (System.Reflection.MethodInfo,object[])
UnityEditor.AssetPostprocessingInternal:PostprocessAllAssets (string[],string[],string[],string[],string[],bool)

(Filename: ./Library/PackageCache/com.unity.render-pipelines.core@0bb36005e9ba/Runtime/RenderPipeline/RenderPipelineGlobalSettingsUtils.cs Line: 138)

Asset Pipeline Refresh (id=f2c837bb5fec54a408fe67fafe859262): Total: 2.803 seconds - Initiated by InitialRefreshV2(ForceSynchronousImport)
	Summary:
		Imports: total=0 (actual=0, local cache=0, cache server=0)
		Asset DB Process Time: managed=0 ms, native=1943 ms
		Asset DB Callback time: managed=18 ms, native=21 ms
		Scripting: domain reloads=1, domain reload time=351 ms, compile time=445 ms, other=22 ms
		Project Asset Count: scripts=1059, non-scripts=2108
		Asset File Changes: new=0, changed=0, moved=0, deleted=0
		Scan Filter Count: 0
	InvokeCustomDependenciesCallbacks: 0.001ms
	InvokePackagesCallback: 22.678ms
	ApplyChangesToAssetFolders: 0.618ms
	Scan: 69.331ms
	OnSourceAssetsModified: 0.002ms
	CategorizeAssetsWithTransientArtifact: 14.036ms
	ProcessAssetsWithTransientArtifactChanges: 28.317ms
	CategorizeAssets: 22.194ms
	ImportOutOfDateAssets: 1735.456ms (1288.516ms without children)
		CompileScripts: 445.390ms
		ReloadNativeAssets: 0.021ms
		UnloadImportedAssets: 0.776ms
		EnsureUptoDateAssetsAreRegisteredWithGuidPM: 0.295ms
		InitializingProgressBar: 0.000ms
		PostProcessAllAssetNotificationsAddChangedAssets: 0.000ms
		OnDemandSchedulerStart: 0.458ms
	PostProcessAllAssets: 18.587ms
	GatherAllCurrentPrimaryArtifactRevisions: 0.002ms
	UnloadStreamsBegin: 0.830ms
	PersistCurrentRevisions: 0.079ms
	UnloadStreamsEnd: 0.001ms
	GenerateScriptTypeHashes: 1.333ms
	Untracked: 890.599ms

Application.AssetDatabase Initial Refresh End
Scanning for USB devices : 4.910ms
Initializing Unity extensions:
[MODES] ModeService[none].Initialize
[MODES] ModeService[none].LoadModes
[MODES] Loading mode Default (0) for mode-current-id-unity
Unloading 72 Unused Serialized files (Serialized files now loaded: 0)
Unloading 3867 unused Assets / (9.9 MB). Loaded Objects now: 4601.
Memory consumption went from 169.5 MB to 159.5 MB.
Total: 8.042300 ms (FindLiveObjects: 0.460100 ms CreateObjectMapping: 0.155100 ms MarkObjects: 4.067100 ms  DeleteObjects: 3.359200 ms)

Unity is not designed to run with Administrator privileges.

With elevated access, scripts in your project can modify system files, registry settings, or protected areas, even accidentally.
This could make your system unstable or unbootable.

Restart as a standard user for the safest experience.
Microsoft Media Foundation video decoding to texture disabled: graphics device is Null, only Direct3D 11 and Direct3D 12 (only on desktop) are supported for hardware-accelerated video decoding.
[Project] Loading completed in 4.549 seconds
	Project init time: 				4.093 seconds
		Template init time: 		0.000 seconds
		Package Manager init time: 		0.233 seconds
		Asset Database init time: 		0.369 seconds
		Global illumination init time: 	0.002 seconds
		Assemblies load time: 			0.496 seconds
		Unity extensions init time: 	0.013 seconds
		Asset Database refresh time: 	2.803 seconds
	Scene opening time: 			0.187 seconds
##utp:{"type":"ProjectInfo","version":2,"phase":"Immediate","time":1788834122405,"processId":39132,"projectLoad":4.548589,"projectInit":4.0930276,"templateInit":0.0,"packageManagerInit":0.2334865,"assetDatabaseInit":0.3688373,"globalIlluminationInit":0.0024663,"assembliesLoad":0.4960754,"unityExtensionsInit":0.0130892,"assetDatabaseRefresh":2.8028576,"sceneOpening":0.1869956}
##utp:{"type":"EditorInfo","version":2,"phase":"Immediate","time":1788834122405,"processId":39132,"editorVersion":"6000.3.23f1 (09d2ecc7fb28)","branch":"6000.3/staging","buildType":"Release","platform":"Windows"}
[Licensing::Client] Successfully resolved entitlement details
Running tests for ExecutionSettings with details:
targetPlatform = 
playerHeartbeatTimeout = 600
filters[0] = 
   Filter with settings:
   testMode = PlayMode
   targetPlatform = 
   testNames = null
   groupNames = PresentationTargetedMechanismTests
   categoryNames = null
   assemblyNames = null
ignoreTests = {}
featureFlags = null

UnityEngine.Debug:ExtractStackTraceNoAlloc (byte*,int,string)
UnityEngine.StackTraceUtility:ExtractStackTrace ()
UnityEngine.DebugLogHandler:Internal_Log (UnityEngine.LogType,UnityEngine.LogOption,string,UnityEngine.Object)
UnityEngine.DebugLogHandler:LogFormat (UnityEngine.LogType,UnityEngine.Object,string,object[])
UnityEngine.Logger:Log (UnityEngine.LogType,object)
UnityEngine.Debug:Log (object)
UnityEditor.TestTools.TestRunner.CommandLineTest.Executer:InitializeAndExecuteRun (string[]) (at ./Library/PackageCache/com.unity.test-framework@bd7f943e9647/UnityEditor.TestRunner/CommandLineTest/Executer.cs:53)
UnityEditor.TestTools.TestRunner.CommandLineTest.TestStarter:InitializeAndExecuteRun () (at ./Library/PackageCache/com.unity.test-framework@bd7f943e9647/UnityEditor.TestRunner/CommandLineTest/TestStarter.cs:64)
UnityEditor.EditorApplication:Internal_CallUpdateFunctions ()

(Filename: ./Library/PackageCache/com.unity.test-framework@bd7f943e9647/UnityEditor.TestRunner/CommandLineTest/Executer.cs Line: 53)

DisplayProgressbar: Material Upgrader re-import
Start importing Packages/com.unity.render-pipelines.universal/Runtime/Materials/Decal.mat using Guid(31d0dcc6f2dd4e4408d18036a2c93862) (NativeFormatImporter) -> (artifact id: '8f3d32c29394a79b41f28a25b53defe8') in 0.0072124 seconds
Start importing Packages/com.unity.render-pipelines.universal/Runtime/Materials/Lit.mat using Guid(31321ba15b8f8eb4c954353edc038b1d) (NativeFormatImporter) -> (artifact id: '960643f9fe6857c5d72b0d2fd2085c0e') in 0.0012106 seconds
Start importing Packages/com.unity.render-pipelines.universal/Runtime/Materials/Mesh2D-Unlit-Default.mat using Guid(71942363c5608a64bb62421349d39c9c) (NativeFormatImporter) -> (artifact id: 'ef7311a66811940111367c78fa0cdd5d') in 0.0015489 seconds
Start importing Packages/com.unity.render-pipelines.universal/Editor/SceneTemplates/Materials/Emissive.mat using Guid(92f845725428c954b878da352f657fe5) (NativeFormatImporter) -> (artifact id: 'b1f26f5eeb8ffbff6a8f6611506c4115') in 0.0011318 seconds
Start importing Packages/com.unity.render-pipelines.universal/Editor/SceneTemplates/Materials/Gold.mat using Guid(c2e40fa84d53ccd428f640eac126b1fb) (NativeFormatImporter) -> (artifact id: '9f9661d44e363023702c87ca4956e3f6') in 0.0010554 seconds
Start importing Packages/com.unity.render-pipelines.universal/Editor/SceneTemplates/Materials/Metal_Black.mat using Guid(b34b07a45ba63ce47896c9e674f3a7a7) (NativeFormatImporter) -> (artifact id: '2e543c70b0a48798291a154a0176c0e2') in 0.0013917 seconds
Start importing Packages/com.unity.render-pipelines.universal/Runtime/Materials/Mesh2D-Lit-Default.mat using Guid(9452ae1262a74094f8a68013fbcd1834) (NativeFormatImporter) -> (artifact id: 'a9f6a1c64081483a70fbc1be53f18baa') in 0.0011229 seconds
Start importing Packages/com.unity.render-pipelines.universal/Runtime/Materials/SpriteMask-Default.mat using Guid(15d0c3709176029428a0da2f8cecf0b5) (NativeFormatImporter) -> (artifact id: '9b9123c1145efbdb38e316f85cad951e') in 0.0008674 seconds
Start importing Packages/com.unity.render-pipelines.universal/Runtime/Materials/SpatialMappingOcclusion.mat using Guid(b51db210fe78df745a372851b3db949e) (NativeFormatImporter) -> (artifact id: 'e725b235a682e6bf286c10ab07552b74') in 0.0013814 seconds
Start importing Packages/com.unity.render-pipelines.universal/Editor/SceneTemplates/Materials/Ground.mat using Guid(761d8e1f988ed2345a28312145c79c6e) (NativeFormatImporter) -> (artifact id: '27ce923cbd5bcc4047b0e855e6fb0af9') in 0.0011068 seconds
Start importing Packages/com.unity.render-pipelines.universal/Runtime/Materials/RenderAs2D-Flattening.mat using Guid(b697f6a938056384e968ccf6527dac83) (NativeFormatImporter) -> (artifact id: '5ecfe90ca8080262222ed764ee85060b') in 0.0016468 seconds
Start importing Assets/TextMesh Pro/Resources/Fonts & Materials/LiberationSans SDF - Drop Shadow.mat using Guid(e73a58f6e2794ae7b1b7e50b7fb811b0) (NativeFormatImporter) -> (artifact id: '53cd7411e8ddcc0d67023915d3374914') in 0.001874 seconds
Start importing Packages/com.unity.render-pipelines.universal/Runtime/Materials/FullscreenInvertColors.mat using Guid(78a08787ca30045abb69f6f7dd878e09) (NativeFormatImporter) -> (artifact id: 'ee24d1240c4d3093a35a8ce9cd6a6123') in 0.0012009 seconds
Start importing Packages/com.unity.render-pipelines.universal/Runtime/Materials/SpatialMappingWireframe.mat using Guid(9875a245ac49007498213638a307faa1) (NativeFormatImporter) -> (artifact id: '40a3a03ad30c23572795ee7951b74454') in 0.001372 seconds
Start importing Packages/com.unity.render-pipelines.universal/Runtime/Materials/ParticlesUnlit.mat using Guid(e823cd5b5d27c0f4b8256e7c12ee3e6d) (NativeFormatImporter) -> (artifact id: 'aa862bff269d59d834f13819255630e6') in 0.0010659 seconds
Start importing Packages/com.unity.render-pipelines.universal/Runtime/Materials/TerrainLit.mat using Guid(594ea882c5a793440b60ff72d896021e) (NativeFormatImporter) -> (artifact id: '32c0756065a4c99773d8b19abfdb7370') in 0.0012985 seconds
Start importing Assets/TextMesh Pro/Resources/Fonts & Materials/LiberationSans SDF - Outline.mat using Guid(79459efec17a4d00a321bdcc27bbc385) (NativeFormatImporter) -> (artifact id: 'b4a32ea08af8e5f658044d3fd454ceeb') in 0.001637 seconds
Start importing Packages/com.unity.render-pipelines.universal/Runtime/Materials/Sprite-Lit-Default.mat using Guid(a97c105638bdf8b4a8650670310a4cd3) (NativeFormatImporter) -> (artifact id: '6b65b378b739cf40c13c1e455b16dff7') in 0.0017694 seconds
Start importing Packages/com.unity.render-pipelines.universal/Editor/SceneTemplates/Materials/White.mat using Guid(f96821bbefeea864b9b418af4b8615ac) (NativeFormatImporter) -> (artifact id: 'b0a10ce88eba78cadb227317064359ad') in 0.0017902 seconds
Start importing Packages/com.unity.render-pipelines.universal/Runtime/Materials/SimpleLit.mat using Guid(6a1143ee683302f4aa628c052723efc1) (NativeFormatImporter) -> (artifact id: '4e947c4ad6c49ec8c3dbccd89f2ba9c5') in 0.0017977 seconds
Start importing Packages/com.unity.render-pipelines.universal/Runtime/RendererFeatures/SurfaceCacheGI/FallbackMaterial.mat using Guid(8a239b3da89050c4e89ac06b168fc684) (NativeFormatImporter) -> (artifact id: '365f287f19db505f8da5f5a7aa1bdbca') in 0.0016771 seconds
Start importing Packages/com.unity.render-pipelines.universal/Runtime/Materials/Sprite-Unlit-Default.mat using Guid(9dfc825aed78fcd4ba02077103263b40) (NativeFormatImporter) -> (artifact id: '3535407266e63a704ebed07394e8e29d') in 0.001133 seconds
Start importing Packages/com.unity.render-pipelines.universal/Editor/SceneTemplates/Materials/Black.mat using Guid(4f1ef37ae953c484bbc5d5e4049147e5) (NativeFormatImporter) -> (artifact id: 'c073248664ba5268b69bc9cf80293393') in 0.0014091 seconds
Start importing Packages/com.unity.searcher/Editor/Resources/FlatSkin/Font/Roboto-Black.ttf using Guid(1062c701058745940ae5dca6219c64c8) (TrueTypeFontImporter) -> (artifact id: 'fcfd246391a0ea71ca2a779a06bcb3ac') in 0.0033214 seconds
Start importing Packages/com.unity.searcher/Editor/Resources/FlatSkin/Font/Roboto-Regular.ttf using Guid(30dc370b164eefc43b95744fc796dad0) (TrueTypeFontImporter) -> (artifact id: 'e88265dec696838b96bfa89259eca3ee') in 0.0015377 seconds
Start importing Packages/com.unity.searcher/Editor/Resources/FlatSkin/Font/Roboto-ThinItalic.ttf using Guid(b2ea3b3f1765e544b9eb5bd1a93a91ce) (TrueTypeFontImporter) -> (artifact id: 'ebed3587f31469b7ed1f215111200e64') in 0.0016744 seconds
Start importing Assets/TextMesh Pro/Fonts/LiberationSans.ttf using Guid(e3265ab4bf004d28a9537516768c1c75) (TrueTypeFontImporter) -> (artifact id: 'f6eeb5eb2da53984d52eb47713930cc6') in 0.2473498 seconds
Start importing Packages/com.unity.render-pipelines.core/Runtime/Debugging/Prefabs/Fonts/PerfectDOSVGA437.ttf using Guid(74a5091d8707f334b9a5c31ef71a64ba) (TrueTypeFontImporter) -> (artifact id: '17baae82c87969a57920915e78c06aca') in 0.0012714 seconds
Start importing Packages/com.unity.searcher/Editor/Resources/FlatSkin/Font/Roboto-Medium.ttf using Guid(a51a3aebb43ac044989270407476b208) (TrueTypeFontImporter) -> (artifact id: 'c7ced244834c79c4d9a56b36e5ad331e') in 0.0012574 seconds
Start importing Packages/com.unity.searcher/Editor/Resources/FlatSkin/Font/Roboto-Bold.ttf using Guid(3750c318f40cab44a97d3a81beaefeb3) (TrueTypeFontImporter) -> (artifact id: '77cfd2f7ac0b12233821a3de72324c7e') in 0.0013447 seconds
Start importing Packages/com.unity.searcher/Editor/Resources/FlatSkin/Font/Roboto-Italic.ttf using Guid(c839255fc8f6b4b4d90bf8c1af9f9bd1) (TrueTypeFontImporter) -> (artifact id: '34aea38e6f5ad75c669903fb2eec0ef8') in 0.0011806 seconds
Start importing Packages/com.unity.searcher/Editor/Resources/FlatSkin/Font/Roboto-Thin.ttf using Guid(19a9abb883540be48b75b951a927ae03) (TrueTypeFontImporter) -> (artifact id: 'e8d19da7ff636d3206784d80f5127fa1') in 0.0011786 seconds
Start importing Packages/com.unity.searcher/Editor/Resources/FlatSkin/Font/Roboto-MediumItalic.ttf using Guid(d93c1bc57fdf1ac4dad1bf04fac05464) (TrueTypeFontImporter) -> (artifact id: 'ab2288725cdc36cc9451e88898f02f8a') in 0.0011497 seconds
Start importing Packages/com.unity.searcher/Editor/Resources/FlatSkin/Font/Roboto-BlackItalic.ttf using Guid(f95147a9bab9fe649b8070170fa7ebd2) (TrueTypeFontImporter) -> (artifact id: '9c0c207a65eaebb5461a5bd9b6761002') in 0.0011945 seconds
Start importing Packages/com.unity.searcher/Editor/Resources/FlatSkin/Font/Roboto-Light.ttf using Guid(2a29e27936eb547458f646f71125b264) (TrueTypeFontImporter) -> (artifact id: '8f695168e63791c8e295a36a555f03a5') in 0.0012053 seconds
Start importing Assets/Framework/Resources/Fonts/noto_sans_cjk_sc.otf using Guid(db21497e60977de40bde9f2b5101b334) (TrueTypeFontImporter) -> (artifact id: '159a17a70e60302b5647a99e0760f3e9') in 0.0217461 seconds
Start importing Packages/com.unity.searcher/Editor/Resources/FlatSkin/Font/Roboto-LightItalic.ttf using Guid(5e63515167650a541b309ba3bfd4db3d) (TrueTypeFontImporter) -> (artifact id: '06e9040f082a33cb064bc66f23766c41') in 0.0017074 seconds
Start importing Packages/com.unity.searcher/Editor/Resources/FlatSkin/Font/Roboto-BoldItalic.ttf using Guid(dfb97a9307a577a41bcacba34b9a7e32) (TrueTypeFontImporter) -> (artifact id: 'd506485d512ee8ab5f45626384ac7773') in 0.0013449 seconds
Start importing Assets/TextMesh Pro/Shaders/TMP_SDF-HDRP UNLIT.shadergraph using Guid(f63d574838ccfb44f84acc05fed0af48) (ScriptedImporter)Launched and connected shader compiler UnityShaderCompiler.exe after 0.01 seconds
 -> (artifact id: '1752d3e688d7873a86f10213e0838fee') in 0.161028 seconds
Start importing Assets/TextMesh Pro/Shaders/TMP_SDF-HDRP LIT.shadergraph using Guid(ca2ed216f98028c4dae6c5224a952b3c) (ScriptedImporter) -> (artifact id: 'b113aac12bfd436117790d8e9dcd8504') in 0.0163457 seconds
Start importing Packages/com.unity.render-pipelines.core/Runtime/RenderPipelineResources/Mesh/SamplesFixture.fbx using Guid(b28fa67a0ff82c5478f27368dc627683) (FBXImporter) -> (artifact id: 'a0f2bfb54cf8f81ebb1826b1b3f553b5') in 0.0296849 seconds
Start importing Packages/com.unity.render-pipelines.core/Runtime/RenderPipelineResources/Mesh/SamplesFloorSpotlight.fbx using Guid(1dbf28c1bb322474d981b2dc555e28b0) (FBXImporter) -> (artifact id: '45478e9e8914bf97dcf51a84c34e895f') in 0.0103755 seconds
Start importing Assets/TextMesh Pro/Resources/Fonts & Materials/LiberationSans SDF - Fallback.asset using Guid(2e498d1c8094910479dc3e1b768306a4) (NativeFormatImporter) -> (artifact id: '904ebae6ee4474c266c74cd8e9f372b7') in 0.0037856 seconds
Start importing Assets/TextMesh Pro/Resources/Fonts & Materials/LiberationSans SDF.asset using Guid(8f586378b4e144a9851e7b34d9b748ee) (NativeFormatImporter) -> (artifact id: '7055972fc60a7912ea5976ba5c66435a') in 0.002093 seconds
Refreshing native plugins compatible for Editor in 0.25 ms, found 0 plugins.
Preloading 0 native plugins for Editor in 0.00 ms.
Asset Pipeline Refresh (id=ea6877a90bb7cca4cabbb8c5c9c8828d): Total: 0.697 seconds - Initiated by StopAssetImportingV2(NoUpdateAssetOptions)
	Summary:
		Imports: total=44 (actual=44, local cache=0, cache server=0)
		Asset DB Process Time: managed=17 ms, native=596 ms
		Asset DB Callback time: managed=66 ms, native=15 ms
		Scripting: domain reloads=0, domain reload time=0 ms, compile time=0 ms, other=0 ms
		Project Asset Count: scripts=1059, non-scripts=2108
		Asset File Changes: new=0, changed=0, moved=0, deleted=0
		Scan Filter Count: 73
	InvokeCustomDependenciesCallbacks: 0.001ms
	InvokePackagesCallback: 0.001ms
	ApplyChangesToAssetFolders: 0.113ms
	Scan: 17.862ms
	OnSourceAssetsModified: 0.001ms
	CategorizeAssetsWithTransientArtifact: 0.071ms
	ProcessAssetsWithTransientArtifactChanges: 0.065ms
	CategorizeAssets: 19.767ms
	ImportOutOfDateAssets: 570.856ms (0.176ms without children)
		ImportManagerImport: 570.060ms (13.697ms without children)
			ImportInProcess: 556.201ms
			UpdateCategorizedAssets: 0.162ms
		ReloadNativeAssets: 0.019ms
		UnloadImportedAssets: 0.114ms
		ReloadImportedAssets: 0.002ms
		EnsureUptoDateAssetsAreRegisteredWithGuidPM: 0.257ms
		InitializingProgressBar: 0.005ms
		PostProcessAllAssetNotificationsAddChangedAssets: 0.000ms
		OnDemandSchedulerStart: 0.223ms
	PostProcessAllAssets: 82.204ms
	Hotreload: 0.462ms
	GatherAllCurrentPrimaryArtifactRevisions: 0.108ms
	UnloadStreamsBegin: 0.054ms
	PersistCurrentRevisions: 0.075ms
	UnloadStreamsEnd: 0.072ms
	Untracked: 5.555ms

[UnityConnectServicesConfig] config is NOT valid, switching to default
Created GICache directory at C:/Users/1/AppData/LocalLow/Unity/Caches/GiCache. Took: 0.008s, timestamps: [4.551 - 4.559]
Unloading 70 Unused Serialized files (Serialized files now loaded: 0)
Unloading 109 unused Assets / (2.4 MB). Loaded Objects now: 4631.
Memory consumption went from 180.5 MB to 178.1 MB.
Total: 6.333700 ms (FindLiveObjects: 0.129700 ms CreateObjectMapping: 0.044800 ms MarkObjects: 5.735000 ms  DeleteObjects: 0.423400 ms)

Start importing Assets/InitTestScene65bdc482-6430-45fa-9b7d-8f311f6c9255.unity using Guid(a7cd0fd086146ac4fae7e5354da1a8ab) (DefaultImporter) -> (artifact id: '563ce0c587faf8690b389f46d0aea561') in 0.000711 seconds
Refreshing native plugins compatible for Editor in 0.19 ms, found 0 plugins.
Preloading 0 native plugins for Editor in 0.00 ms.
Asset Pipeline Refresh (id=62450fd3073a8c045ae3b61bcd46f3c5): Total: 0.023 seconds - Initiated by StopAssetImportingV2(NoUpdateAssetOptions)
Executing IPrebuildSetup for: Unity.PerformanceTesting.Editor.TestRunBuilder.
UnityEngine.Debug:ExtractStackTraceNoAlloc (byte*,int,string)
UnityEngine.StackTraceUtility:ExtractStackTrace ()
UnityEngine.DebugLogHandler:Internal_Log (UnityEngine.LogType,UnityEngine.LogOption,string,UnityEngine.Object)
UnityEngine.DebugLogHandler:LogFormat (UnityEngine.LogType,UnityEngine.Object,string,object[])
UnityEngine.Logger:Log (UnityEngine.LogType,object)
UnityEngine.Debug:Log (object)
UnityEditor.TestTools.TestRunner.TestRun.Tasks.BuildActionTaskBase`1/<ExecuteMethods>d__8<UnityEngine.TestTools.IPrebuildSetup>:MoveNext () (at ./Library/PackageCache/com.unity.test-framework@bd7f943e9647/UnityEditor.TestRunner/TestRun/Tasks/BuildActionTaskBase.cs:48)
UnityEditor.TestTools.TestRunner.TestRun.Tasks.BuildActionTaskBase`1/<Execute>d__7<UnityEngine.TestTools.IPrebuildSetup>:MoveNext () (at ./Library/PackageCache/com.unity.test-framework@bd7f943e9647/UnityEditor.TestRunner/TestRun/Tasks/BuildActionTaskBase.cs:34)
UnityEditor.TestTools.TestRunner.TestRun.TestJobRunner:ExecuteStep () (at ./Library/PackageCache/com.unity.test-framework@bd7f943e9647/UnityEditor.TestRunner/TestRun/TestJobRunner.cs:173)
UnityEditor.TestTools.TestRunner.TestRun.TestJobRunner:ExecuteCallback () (at ./Library/PackageCache/com.unity.test-framework@bd7f943e9647/UnityEditor.TestRunner/TestRun/TestJobRunner.cs:108)
UnityEditor.EditorApplication:Internal_CallUpdateFunctions ()

(Filename: ./Library/PackageCache/com.unity.test-framework@bd7f943e9647/UnityEditor.TestRunner/TestRun/Tasks/BuildActionTaskBase.cs Line: 48)

Reloading assemblies for play mode.
Reloading assemblies after forced synchronous recompile.
Begin MonoManager ReloadAssembly
- Loaded All Assemblies, in  0.399 seconds
Refreshing native plugins compatible for Editor in 0.22 ms, found 0 plugins.
Native extension for WindowsStandalone target not found
ScheduleIndexationOnStartup MainProcess:True IndexOnStartup:False
Mono: successfully reloaded assembly
- Finished resetting the current domain, in  0.539 seconds
Domain Reload Profiling: 938ms
	BeginReloadAssembly (240ms)
		ExecutionOrderSort (0ms)
		DisableScriptedObjects (15ms)
		BackupInstance (0ms)
		ReleaseScriptingObjects (0ms)
		CreateAndSetChildDomain (143ms)
	RebuildCommonClasses (22ms)
	RebuildNativeTypeToScriptingClass (8ms)
	initialDomainReloadingComplete (15ms)
	LoadAllAssembliesAndSetupDomain (114ms)
		LoadAssemblies (81ms)
		RebuildTransferFunctionScriptingTraits (0ms)
		AnalyzeDomain (92ms)
			TypeCache.Refresh (4ms)
				TypeCache.ScanAssembly (0ms)
			BuildScriptInfoCaches (69ms)
			ResolveRequiredComponents (16ms)
	FinalizeReload (539ms)
		ReleaseScriptCaches (0ms)
		RebuildScriptCaches (0ms)
		SetupLoadedEditorAssemblies (373ms)
			LogAssemblyErrors (0ms)
			InitializePlatformSupportModulesInManaged (11ms)
			SetLoadedEditorAssemblies (2ms)
			BeforeProcessingInitializeOnLoad (87ms)
			ProcessInitializeOnLoadAttributes (175ms)
			ProcessInitializeOnLoadMethodAttributes (96ms)
			AfterProcessingInitializeOnLoad (2ms)
			EditorAssembliesLoaded (0ms)
		ExecutionOrderSort2 (0ms)
		AwakeInstancesAfterBackupRestoration (17ms)
Host type is not matching any asset type at Path Packages/com.unity.render-pipelines.universal/Shaders/AutodeskInteractive/AutodeskInteractive.shadergraph.
UnityEngine.Debug:ExtractStackTraceNoAlloc (byte*,int,string)
UnityEngine.StackTraceUtility:ExtractStackTrace ()
UnityEngine.DebugLogHandler:Internal_Log (UnityEngine.LogType,UnityEngine.LogOption,string,UnityEngine.Object)
UnityEngine.DebugLogHandler:LogFormat (UnityEngine.LogType,UnityEngine.Object,string,object[])
UnityEngine.Logger:Log (UnityEngine.LogType,object)
UnityEngine.Debug:LogError (object)
UnityEditor.Rendering.RenderPipelineResourcesEditorUtils:TryReloadContainedNullFields (UnityEngine.Rendering.IRenderPipelineResources)
UnityEditor.Rendering.Settings.RenderPipelineGraphicsSettingsManager:UpdateRenderPipelineGlobalSettings (UnityEditor.Rendering.Settings.RenderPipelineGraphicsSettingsManager/RenderPipelineGraphicsSettingsInfo,UnityEngine.Rendering.RenderPipelineGlobalSettings,bool&,UnityEngine.Rendering.IRenderPipelineGraphicsSettings&)
UnityEditor.Rendering.Settings.RenderPipelineGraphicsSettingsManager:PopulateRenderPipelineGraphicsSettings (UnityEngine.Rendering.RenderPipelineGlobalSettings)
UnityEditor.Rendering.EditorGraphicsSettings:SetRenderPipelineGlobalSettingsAsset (System.Type,UnityEngine.Rendering.RenderPipelineGlobalSettings)
UnityEditor.Rendering.EditorGraphicsSettings:SetRenderPipelineGlobalSettingsAsset<UnityEngine.Rendering.Universal.UniversalRenderPipeline> (UnityEngine.Rendering.RenderPipelineGlobalSettings)
UnityEngine.Rendering.RenderPipelineGlobalSettingsUtils:TryEnsure<UnityEngine.Rendering.Universal.UniversalRenderPipelineGlobalSettings, UnityEngine.Rendering.Universal.UniversalRenderPipeline> (UnityEngine.Rendering.Universal.UniversalRenderPipelineGlobalSettings&,string,bool,System.Exception&) (at ./Library/PackageCache/com.unity.render-pipelines.core@0bb36005e9ba/Runtime/RenderPipeline/RenderPipelineGlobalSettingsUtils.cs:138)
UnityEngine.Rendering.RenderPipelineGlobalSettingsUtils:TryEnsure<UnityEngine.Rendering.Universal.UniversalRenderPipelineGlobalSettings, UnityEngine.Rendering.Universal.UniversalRenderPipeline> (UnityEngine.Rendering.Universal.UniversalRenderPipelineGlobalSettings&,string,bool) (at ./Library/PackageCache/com.unity.render-pipelines.core@0bb36005e9ba/Runtime/RenderPipeline/RenderPipelineGlobalSettingsUtils.cs:90)
UnityEngine.Rendering.Universal.UniversalRenderPipelineGlobalSettings:Ensure (bool) (at ./Library/PackageCache/com.unity.render-pipelines.universal@7865b6b91f8a/Runtime/UniversalRenderPipelineGlobalSettings.cs:284)
UnityEditor.Rendering.Universal.UniversalRenderPipelineGlobalSettingsPostprocessor:OnPostprocessAllAssets (string[],string[],string[],string[],bool) (at ./Library/PackageCache/com.unity.render-pipelines.universal@7865b6b91f8a/Editor/AssetPostProcessors/UniversalRenderPipelineGlobalSettingsPostprocessor.cs:14)
System.Reflection.RuntimeMethodInfo:Invoke (object,System.Reflection.BindingFlags,System.Reflection.Binder,object[],System.Globalization.CultureInfo)
System.Reflection.MethodBase:Invoke (object,object[])
UnityEditor.AssetPostprocessingInternal:InvokeMethod (System.Reflection.MethodInfo,object[])
UnityEditor.AssetPostprocessingInternal:PostprocessAllAssets (string[],string[],string[],string[],string[],bool)

(Filename: ./Library/PackageCache/com.unity.render-pipelines.core@0bb36005e9ba/Runtime/RenderPipeline/RenderPipelineGlobalSettingsUtils.cs Line: 138)

Host type is not matching any asset type at Path Packages/com.unity.render-pipelines.core/Editor/Lighting/ProbeVolume/VirtualOffset/TraceVirtualOffset.urtshader.
UnityEngine.Debug:ExtractStackTraceNoAlloc (byte*,int,string)
UnityEngine.StackTraceUtility:ExtractStackTrace ()
UnityEngine.DebugLogHandler:Internal_Log (UnityEngine.LogType,UnityEngine.LogOption,string,UnityEngine.Object)
UnityEngine.DebugLogHandler:LogFormat (UnityEngine.LogType,UnityEngine.Object,string,object[])
UnityEngine.Logger:Log (UnityEngine.LogType,object)
UnityEngine.Debug:LogError (object)
UnityEditor.Rendering.RenderPipelineResourcesEditorUtils:TryReloadContainedNullFields (UnityEngine.Rendering.IRenderPipelineResources)
UnityEditor.Rendering.Settings.RenderPipelineGraphicsSettingsManager:UpdateRenderPipelineGlobalSettings (UnityEditor.Rendering.Settings.RenderPipelineGraphicsSettingsManager/RenderPipelineGraphicsSettingsInfo,UnityEngine.Rendering.RenderPipelineGlobalSettings,bool&,UnityEngine.Rendering.IRenderPipelineGraphicsSettings&)
UnityEditor.Rendering.Settings.RenderPipelineGraphicsSettingsManager:PopulateRenderPipelineGraphicsSettings (UnityEngine.Rendering.RenderPipelineGlobalSettings)
UnityEditor.Rendering.EditorGraphicsSettings:SetRenderPipelineGlobalSettingsAsset (System.Type,UnityEngine.Rendering.RenderPipelineGlobalSettings)
UnityEditor.Rendering.EditorGraphicsSettings:SetRenderPipelineGlobalSettingsAsset<UnityEngine.Rendering.Universal.UniversalRenderPipeline> (UnityEngine.Rendering.RenderPipelineGlobalSettings)
UnityEngine.Rendering.RenderPipelineGlobalSettingsUtils:TryEnsure<UnityEngine.Rendering.Universal.UniversalRenderPipelineGlobalSettings, UnityEngine.Rendering.Universal.UniversalRenderPipeline> (UnityEngine.Rendering.Universal.UniversalRenderPipelineGlobalSettings&,string,bool,System.Exception&) (at ./Library/PackageCache/com.unity.render-pipelines.core@0bb36005e9ba/Runtime/RenderPipeline/RenderPipelineGlobalSettingsUtils.cs:138)
UnityEngine.Rendering.RenderPipelineGlobalSettingsUtils:TryEnsure<UnityEngine.Rendering.Universal.UniversalRenderPipelineGlobalSettings, UnityEngine.Rendering.Universal.UniversalRenderPipeline> (UnityEngine.Rendering.Universal.UniversalRenderPipelineGlobalSettings&,string,bool) (at ./Library/PackageCache/com.unity.render-pipelines.core@0bb36005e9ba/Runtime/RenderPipeline/RenderPipelineGlobalSettingsUtils.cs:90)
UnityEngine.Rendering.Universal.UniversalRenderPipelineGlobalSettings:Ensure (bool) (at ./Library/PackageCache/com.unity.render-pipelines.universal@7865b6b91f8a/Runtime/UniversalRenderPipelineGlobalSettings.cs:284)
UnityEditor.Rendering.Universal.UniversalRenderPipelineGlobalSettingsPostprocessor:OnPostprocessAllAssets (string[],string[],string[],string[],bool) (at ./Library/PackageCache/com.unity.render-pipelines.universal@7865b6b91f8a/Editor/AssetPostProcessors/UniversalRenderPipelineGlobalSettingsPostprocessor.cs:14)
System.Reflection.RuntimeMethodInfo:Invoke (object,System.Reflection.BindingFlags,System.Reflection.Binder,object[],System.Globalization.CultureInfo)
System.Reflection.MethodBase:Invoke (object,object[])
UnityEditor.AssetPostprocessingInternal:InvokeMethod (System.Reflection.MethodInfo,object[])
UnityEditor.AssetPostprocessingInternal:PostprocessAllAssets (string[],string[],string[],string[],string[],bool)

(Filename: ./Library/PackageCache/com.unity.render-pipelines.core@0bb36005e9ba/Runtime/RenderPipeline/RenderPipelineGlobalSettingsUtils.cs Line: 138)

Asset Pipeline Refresh (id=0d40d721868638842b901b8b7bb91137): Total: 1.009 seconds - Initiated by StopAssetImportingV2(ForceSynchronousImport | ForceDomainReload)
	Summary:
		Imports: total=0 (actual=0, local cache=0, cache server=0)
		Asset DB Process Time: managed=0 ms, native=584 ms
		Asset DB Callback time: managed=17 ms, native=0 ms
		Scripting: domain reloads=1, domain reload time=405 ms, compile time=1 ms, other=0 ms
		Project Asset Count: scripts=1059, non-scripts=2109
		Asset File Changes: new=0, changed=0, moved=0, deleted=0
		Scan Filter Count: 0
	InvokeCustomDependenciesCallbacks: 0.001ms
	InvokePackagesCallback: 1.615ms
	ApplyChangesToAssetFolders: 0.207ms
	Scan: 0.000ms
	OnSourceAssetsModified: 0.001ms
	CategorizeAssetsWithTransientArtifact: 0.002ms
	ProcessAssetsWithTransientArtifactChanges: 1.437ms
	CategorizeAssets: 21.735ms
	ImportOutOfDateAssets: 542.101ms (538.220ms without children)
		CompileScripts: 0.749ms
		CollectScriptTypesHashes: 1.718ms
		ReloadNativeAssets: 0.765ms
		UnloadImportedAssets: 0.126ms
		EnsureUptoDateAssetsAreRegisteredWithGuidPM: 0.333ms
		InitializingProgressBar: 0.000ms
		PostProcessAllAssetNotificationsAddChangedAssets: 0.000ms
		OnDemandSchedulerStart: 0.191ms
	PostProcessAllAssets: 17.768ms
	GatherAllCurrentPrimaryArtifactRevisions: 0.120ms
	UnloadStreamsBegin: 0.101ms
	PersistCurrentRevisions: 0.080ms
	UnloadStreamsEnd: 0.001ms
	GenerateScriptTypeHashes: 2.597ms
	Untracked: 423.879ms

Loaded scene 'Temp/__Backupscenes/0.backup'
	Deserialize:            0.525 ms
	Integration:            117.954 ms
	Integration of assets:  0.001 ms
	Thread Wait Time:       0.008 ms
	Total Operation Time:   118.489 ms
[MODES] ModeService[none].Initialize
[MODES] ModeService[none].LoadModes
[Licensing::Client] Successfully resolved entitlement details
[GlobalPlayModeTestSetup] 已把用户数据根重定向到测试专属目录：C:/Users/1/AppData/LocalLow/DefaultCompany/unity\_playmode_tests（预清理存档子目录=C:/Users/1/AppData/LocalLow/DefaultCompany/unity\_playmode_tests\saves，删除文件数=0），真实存档目录未被触碰。
UnityEngine.Debug:ExtractStackTraceNoAlloc (byte*,int,string)
UnityEngine.StackTraceUtility:ExtractStackTrace ()
UnityEngine.DebugLogHandler:Internal_Log (UnityEngine.LogType,UnityEngine.LogOption,string,UnityEngine.Object)
UnityEngine.DebugLogHandler:LogFormat (UnityEngine.LogType,UnityEngine.Object,string,object[])
UnityEngine.Logger:Log (UnityEngine.LogType,object)
UnityEngine.Debug:Log (object)
Adapter.Unity.Tests.Runtime.GlobalPlayModeTestSetup:RedirectUserDataRootBeforeAnyTestRuns () (at ./Packages/com.gamefoundation.adapter.unity/Tests/Runtime/GlobalPlayModeTestSetup.cs:125)
System.Reflection.RuntimeMethodInfo:Invoke (object,System.Reflection.BindingFlags,System.Reflection.Binder,object[],System.Globalization.CultureInfo)
System.Reflection.MethodBase:Invoke (object,object[])
NUnit.Framework.Internal.Reflect:InvokeMethod (System.Reflection.MethodInfo,object,object[])
NUnit.Framework.Internal.Reflect:InvokeMethod (System.Reflection.MethodInfo,object)
NUnit.Framework.Internal.Commands.SetUpTearDownItem:RunNonAsyncMethod (System.Reflection.MethodInfo,NUnit.Framework.Internal.ITestExecutionContext)
NUnit.Framework.Internal.Commands.SetUpTearDownItem:RunSetUpOrTearDownMethod (NUnit.Framework.Internal.ITestExecutionContext,System.Reflection.MethodInfo)
NUnit.Framework.Internal.Commands.SetUpTearDownItem:RunSetUp (NUnit.Framework.Internal.ITestExecutionContext)
NUnit.Framework.Internal.Commands.OneTimeSetUpCommand:Execute (NUnit.Framework.Internal.ITestExecutionContext)
UnityEngine.TestRunner.NUnitExtensions.Runner.CompositeWorkItem:PerformOneTimeSetUp () (at ./Library/PackageCache/com.unity.test-framework@bd7f943e9647/UnityEngine.TestRunner/NUnitExtensions/Runner/CompositeWorkItem.cs:171)
UnityEngine.TestRunner.NUnitExtensions.Runner.CompositeWorkItem/<PerformWork>d__13:MoveNext () (at ./Library/PackageCache/com.unity.test-framework@bd7f943e9647/UnityEngine.TestRunner/NUnitExtensions/Runner/CompositeWorkItem.cs:74)
UnityEngine.TestRunner.NUnitExtensions.Runner.CompositeWorkItem/<RunChildren>d__17:MoveNext () (at ./Library/PackageCache/com.unity.test-framework@bd7f943e9647/UnityEngine.TestRunner/NUnitExtensions/Runner/CompositeWorkItem.cs:207)
UnityEngine.TestRunner.NUnitExtensions.Runner.CompositeWorkItem/<PerformWork>d__13:MoveNext () (at ./Library/PackageCache/com.unity.test-framework@bd7f943e9647/UnityEngine.TestRunner/NUnitExtensions/Runner/CompositeWorkItem.cs:82)
UnityEngine.TestRunner.NUnitExtensions.Runner.CompositeWorkItem/<RunChildren>d__17:MoveNext () (at ./Library/PackageCache/com.unity.test-framework@bd7f943e9647/UnityEngine.TestRunner/NUnitExtensions/Runner/CompositeWorkItem.cs:207)
UnityEngine.TestRunner.NUnitExtensions.Runner.CompositeWorkItem/<PerformWork>d__13:MoveNext () (at ./Library/PackageCache/com.unity.test-framework@bd7f943e9647/UnityEngine.TestRunner/NUnitExtensions/Runner/CompositeWorkItem.cs:82)
UnityEngine.TestRunner.NUnitExtensions.Runner.CompositeWorkItem/<RunChildren>d__17:MoveNext () (at ./Library/PackageCache/com.unity.test-framework@bd7f943e9647/UnityEngine.TestRunner/NUnitExtensions/Runner/CompositeWorkItem.cs:207)
UnityEngine.TestRunner.NUnitExtensions.Runner.CompositeWorkItem/<PerformWork>d__13:MoveNext () (at ./Library/PackageCache/com.unity.test-framework@bd7f943e9647/UnityEngine.TestRunner/NUnitExtensions/Runner/CompositeWorkItem.cs:82)
UnityEngine.TestRunner.NUnitExtensions.Runner.CompositeWorkItem/<RunChildren>d__17:MoveNext () (at ./Library/PackageCache/com.unity.test-framework@bd7f943e9647/UnityEngine.TestRunner/NUnitExtensions/Runner/CompositeWorkItem.cs:207)
UnityEngine.TestRunner.NUnitExtensions.Runner.CompositeWorkItem/<PerformWork>d__13:MoveNext () (at ./Library/PackageCache/com.unity.test-framework@bd7f943e9647/UnityEngine.TestRunner/NUnitExtensions/Runner/CompositeWorkItem.cs:82)
UnityEngine.TestRunner.NUnitExtensions.Runner.CompositeWorkItem/<RunChildren>d__17:MoveNext () (at ./Library/PackageCache/com.unity.test-framework@bd7f943e9647/UnityEngine.TestRunner/NUnitExtensions/Runner/CompositeWorkItem.cs:207)
UnityEngine.TestRunner.NUnitExtensions.Runner.CompositeWorkItem/<PerformWork>d__13:MoveNext () (at ./Library/PackageCache/com.unity.test-framework@bd7f943e9647/UnityEngine.TestRunner/NUnitExtensions/Runner/CompositeWorkItem.cs:82)
UnityEngine.TestTools.TestRunner.PlaymodeTestsController/<TestRunnerCoroutine>d__24:MoveNext () (at ./Library/PackageCache/com.unity.test-framework@bd7f943e9647/UnityEngine.TestRunner/TestRunner/PlaymodeTestsController.cs:94)
UnityEngine.SetupCoroutine:InvokeMoveNext (System.Collections.IEnumerator,intptr)

(Filename: ./Packages/com.gamefoundation.adapter.unity/Tests/Runtime/GlobalPlayModeTestSetup.cs Line: 125)

There are no audio listeners in the scene. Please ensure there is always one audio listener in the scene
PRESENTATION_PROBE animator expected_finished=1 actual_finished=0 current_idle=True normalized=1.951345
UnityEngine.Debug:ExtractStackTraceNoAlloc (byte*,int,string)
UnityEngine.StackTraceUtility:ExtractStackTrace ()
UnityEngine.DebugLogHandler:Internal_Log (UnityEngine.LogType,UnityEngine.LogOption,string,UnityEngine.Object)
UnityEngine.DebugLogHandler:LogFormat (UnityEngine.LogType,UnityEngine.Object,string,object[])
UnityEngine.Logger:Log (UnityEngine.LogType,object)
UnityEngine.Debug:Log (object)
Adapter.Unity.Tests.Runtime.PresentationTargetedMechanismTests/<AnimatorAttackExitTransition_DoesNotEmitFinished>d__1:MoveNext () (at ./Packages/com.gamefoundation.adapter.unity/Tests/Runtime/PresentationTargetedMechanismTests.cs:68)
UnityEngine.TestTools.TestEnumerator/<Execute>d__7:MoveNext () (at ./Library/PackageCache/com.unity.test-framework@bd7f943e9647/UnityEngine.TestRunner/NUnitExtensions/Attributes/TestEnumerator.cs:44)
UnityEngine.TestTools.EnumerableTestMethodCommand/<ExecuteEnumerableAndRecordExceptions>d__4:MoveNext () (at ./Library/PackageCache/com.unity.test-framework@bd7f943e9647/UnityEngine.TestRunner/NUnitExtensions/Commands/EnumerableTestMethodCommand.cs:79)
UnityEngine.TestTools.EnumerableTestMethodCommand:AdvanceEnumerator (System.Collections.IEnumerator) (at ./Library/PackageCache/com.unity.test-framework@bd7f943e9647/UnityEngine.TestRunner/NUnitExtensions/Commands/EnumerableTestMethodCommand.cs:64)
UnityEngine.TestTools.EnumerableTestMethodCommand/<ExecuteEnumerable>d__2:MoveNext () (at ./Library/PackageCache/com.unity.test-framework@bd7f943e9647/UnityEngine.TestRunner/NUnitExtensions/Commands/EnumerableTestMethodCommand.cs:47)
UnityEngine.TestRunner.NUnitExtensions.Runner.UnityLogCheckDelegatingCommand/<ExecuteEnumerable>d__3:MoveNext () (at ./Library/PackageCache/com.unity.test-framework@bd7f943e9647/UnityEngine.TestRunner/NUnitExtensions/Runner/UnityLogCheckDelegatingCommand.cs:48)
UnityEngine.TestTools.BeforeAfterTestCommandBase`1/<ExecuteEnumerable>d__16<NUnit.Framework.ITestAction>:MoveNext () (at ./Library/PackageCache/com.unity.test-framework@bd7f943e9647/UnityEngine.TestRunner/NUnitExtensions/Commands/BeforeAfterTestCommandBase.cs:212)
UnityEngine.TestTools.BeforeAfterTestCommandBase`1/<ExecuteEnumerable>d__16<System.Reflection.MethodInfo>:MoveNext () (at ./Library/PackageCache/com.unity.test-framework@bd7f943e9647/UnityEngine.TestRunner/NUnitExtensions/Commands/BeforeAfterTestCommandBase.cs:212)
UnityEngine.TestTools.BeforeAfterTestCommandBase`1/<ExecuteEnumerable>d__16<System.Reflection.MethodInfo>:MoveNext () (at ./Library/PackageCache/com.unity.test-framework@bd7f943e9647/UnityEngine.TestRunner/NUnitExtensions/Commands/BeforeAfterTestCommandBase.cs:212)
UnityEngine.TestTools.BeforeAfterTestCommandBase`1/<ExecuteEnumerable>d__16<UnityEngine.TestTools.IOuterUnityTestAction>:MoveNext () (at ./Library/PackageCache/com.unity.test-framework@bd7f943e9647/UnityEngine.TestRunner/NUnitExtensions/Commands/BeforeAfterTestCommandBase.cs:212)
UnityEngine.TestTools.RetryCommand/<ExecuteEnumerable>d__2:MoveNext () (at ./Library/PackageCache/com.unity.test-framework@bd7f943e9647/UnityEngine.TestRunner/NUnitExtensions/Commands/RetryCommand.cs:37)
UnityEngine.TestTools.RepeatCommand/<ExecuteEnumerable>d__2:MoveNext () (at ./Library/PackageCache/com.unity.test-framework@bd7f943e9647/UnityEngine.TestRunner/NUnitExtensions/Commands/RepeatCommand.cs:36)
UnityEngine.TestTools.IgnoreTestCommand/<ExecuteEnumerable>d__3:MoveNext () (at ./Library/PackageCache/com.unity.test-framework@bd7f943e9647/UnityEngine.TestRunner/NUnitExtensions/Commands/IgnoreTestCommand.cs:42)
UnityEngine.TestTools.StrictCheckCommand/<ExecuteEnumerable>d__2:MoveNext () (at ./Library/PackageCache/com.unity.test-framework@bd7f943e9647/UnityEngine.TestRunner/NUnitExtensions/Commands/StrictCheckCommand.cs:29)
UnityEngine.TestTools.Utils.CoroutineRunner/<WrapEnumeratorForChecks>d__8:MoveNext () (at ./Library/PackageCache/com.unity.test-framework@bd7f943e9647/UnityEngine.TestRunner/Utils/CoroutineRunner.cs:58)
UnityEngine.SetupCoroutine:InvokeMoveNext (System.Collections.IEnumerator,intptr)

(Filename: ./Packages/com.gamefoundation.adapter.unity/Tests/Runtime/PresentationTargetedMechanismTests.cs Line: 68)

PRESENTATION_PROBE blob expected_abs_dot>0.1 actual_abs_dot=1.1920929E-07 blob_forward=(0.00, -1.00, 0.00) camera_forward=(0.00, 0.00, 1.00)
UnityEngine.Debug:ExtractStackTraceNoAlloc (byte*,int,string)
UnityEngine.StackTraceUtility:ExtractStackTrace ()
UnityEngine.DebugLogHandler:Internal_Log (UnityEngine.LogType,UnityEngine.LogOption,string,UnityEngine.Object)
UnityEngine.DebugLogHandler:LogFormat (UnityEngine.LogType,UnityEngine.Object,string,object[])
UnityEngine.Logger:Log (UnityEngine.LogType,object)
UnityEngine.Debug:Log (object)
Adapter.Unity.Tests.Runtime.PresentationTargetedMechanismTests/<BlobQuad_NormalAgainstDefaultCamera_IsSideOn>d__0:MoveNext () (at ./Packages/com.gamefoundation.adapter.unity/Tests/Runtime/PresentationTargetedMechanismTests.cs:33)
UnityEngine.TestTools.TestEnumerator/<Execute>d__7:MoveNext () (at ./Library/PackageCache/com.unity.test-framework@bd7f943e9647/UnityEngine.TestRunner/NUnitExtensions/Attributes/TestEnumerator.cs:44)
UnityEngine.TestTools.EnumerableTestMethodCommand/<ExecuteEnumerableAndRecordExceptions>d__4:MoveNext () (at ./Library/PackageCache/com.unity.test-framework@bd7f943e9647/UnityEngine.TestRunner/NUnitExtensions/Commands/EnumerableTestMethodCommand.cs:79)
UnityEngine.TestTools.EnumerableTestMethodCommand:AdvanceEnumerator (System.Collections.IEnumerator) (at ./Library/PackageCache/com.unity.test-framework@bd7f943e9647/UnityEngine.TestRunner/NUnitExtensions/Commands/EnumerableTestMethodCommand.cs:64)
UnityEngine.TestTools.EnumerableTestMethodCommand/<ExecuteEnumerable>d__2:MoveNext () (at ./Library/PackageCache/com.unity.test-framework@bd7f943e9647/UnityEngine.TestRunner/NUnitExtensions/Commands/EnumerableTestMethodCommand.cs:47)
UnityEngine.TestRunner.NUnitExtensions.Runner.UnityLogCheckDelegatingCommand/<ExecuteEnumerable>d__3:MoveNext () (at ./Library/PackageCache/com.unity.test-framework@bd7f943e9647/UnityEngine.TestRunner/NUnitExtensions/Runner/UnityLogCheckDelegatingCommand.cs:48)
UnityEngine.TestTools.BeforeAfterTestCommandBase`1/<ExecuteEnumerable>d__16<NUnit.Framework.ITestAction>:MoveNext () (at ./Library/PackageCache/com.unity.test-framework@bd7f943e9647/UnityEngine.TestRunner/NUnitExtensions/Commands/BeforeAfterTestCommandBase.cs:212)
UnityEngine.TestTools.BeforeAfterTestCommandBase`1/<ExecuteEnumerable>d__16<System.Reflection.MethodInfo>:MoveNext () (at ./Library/PackageCache/com.unity.test-framework@bd7f943e9647/UnityEngine.TestRunner/NUnitExtensions/Commands/BeforeAfterTestCommandBase.cs:212)
UnityEngine.TestTools.BeforeAfterTestCommandBase`1/<ExecuteEnumerable>d__16<System.Reflection.MethodInfo>:MoveNext () (at ./Library/PackageCache/com.unity.test-framework@bd7f943e9647/UnityEngine.TestRunner/NUnitExtensions/Commands/BeforeAfterTestCommandBase.cs:212)
UnityEngine.TestTools.BeforeAfterTestCommandBase`1/<ExecuteEnumerable>d__16<UnityEngine.TestTools.IOuterUnityTestAction>:MoveNext () (at ./Library/PackageCache/com.unity.test-framework@bd7f943e9647/UnityEngine.TestRunner/NUnitExtensions/Commands/BeforeAfterTestCommandBase.cs:212)
UnityEngine.TestTools.RetryCommand/<ExecuteEnumerable>d__2:MoveNext () (at ./Library/PackageCache/com.unity.test-framework@bd7f943e9647/UnityEngine.TestRunner/NUnitExtensions/Commands/RetryCommand.cs:37)
UnityEngine.TestTools.RepeatCommand/<ExecuteEnumerable>d__2:MoveNext () (at ./Library/PackageCache/com.unity.test-framework@bd7f943e9647/UnityEngine.TestRunner/NUnitExtensions/Commands/RepeatCommand.cs:36)
UnityEngine.TestTools.IgnoreTestCommand/<ExecuteEnumerable>d__3:MoveNext () (at ./Library/PackageCache/com.unity.test-framework@bd7f943e9647/UnityEngine.TestRunner/NUnitExtensions/Commands/IgnoreTestCommand.cs:42)
UnityEngine.TestTools.StrictCheckCommand/<ExecuteEnumerable>d__2:MoveNext () (at ./Library/PackageCache/com.unity.test-framework@bd7f943e9647/UnityEngine.TestRunner/NUnitExtensions/Commands/StrictCheckCommand.cs:29)
UnityEngine.TestTools.Utils.CoroutineRunner/<WrapEnumeratorForChecks>d__8:MoveNext () (at ./Library/PackageCache/com.unity.test-framework@bd7f943e9647/UnityEngine.TestRunner/Utils/CoroutineRunner.cs:58)
UnityEngine.SetupCoroutine:InvokeMoveNext (System.Collections.IEnumerator,intptr)

(Filename: ./Packages/com.gamefoundation.adapter.unity/Tests/Runtime/PresentationTargetedMechanismTests.cs Line: 33)

[UnityRenderer3D] 找不到模型资源 "model.audit_swap_probe_140"（约定路径 Resources/GameFoundation/models/audit_swap_probe_140）：先使用占位模型呈现并发起异步加载，加载完成后原地替换为真实内容；请确认该预制体已放在 adapters/unity 包的 Assets/Resources/GameFoundation/models/ 目录下。
UnityEngine.Debug:ExtractStackTraceNoAlloc (byte*,int,string)
UnityEngine.StackTraceUtility:ExtractStackTrace ()
UnityEngine.DebugLogHandler:Internal_Log (UnityEngine.LogType,UnityEngine.LogOption,string,UnityEngine.Object)
UnityEngine.DebugLogHandler:LogFormat (UnityEngine.LogType,UnityEngine.Object,string,object[])
UnityEngine.Logger:Log (UnityEngine.LogType,object)
UnityEngine.Debug:LogWarning (object)
Adapter.Unity.EngineAdapter.UnityRenderer3D:CreateModelInstance (Core.Foundation.Common.Id) (at ./Packages/com.gamefoundation.adapter.unity/Runtime/EngineAdapter/UnityRenderer3D.cs:235)
Adapter.Unity.Tests.Runtime.PresentationTargetedMechanismTests/<ConditionalAsyncSwap_DestroysSocketChildAndLosesShadowOverride>d__2:MoveNext () (at ./Packages/com.gamefoundation.adapter.unity/Tests/Runtime/PresentationTargetedMechanismTests.cs:85)
UnityEngine.TestTools.TestEnumerator/<Execute>d__7:MoveNext () (at ./Library/PackageCache/com.unity.test-framework@bd7f943e9647/UnityEngine.TestRunner/NUnitExtensions/Attributes/TestEnumerator.cs:44)
UnityEngine.TestTools.EnumerableTestMethodCommand/<ExecuteEnumerableAndRecordExceptions>d__4:MoveNext () (at ./Library/PackageCache/com.unity.test-framework@bd7f943e9647/UnityEngine.TestRunner/NUnitExtensions/Commands/EnumerableTestMethodCommand.cs:79)
UnityEngine.TestTools.EnumerableTestMethodCommand:AdvanceEnumerator (System.Collections.IEnumerator) (at ./Library/PackageCache/com.unity.test-framework@bd7f943e9647/UnityEngine.TestRunner/NUnitExtensions/Commands/EnumerableTestMethodCommand.cs:64)
UnityEngine.TestTools.EnumerableTestMethodCommand/<ExecuteEnumerable>d__2:MoveNext () (at ./Library/PackageCache/com.unity.test-framework@bd7f943e9647/UnityEngine.TestRunner/NUnitExtensions/Commands/EnumerableTestMethodCommand.cs:47)
UnityEngine.TestRunner.NUnitExtensions.Runner.UnityLogCheckDelegatingCommand/<ExecuteEnumerable>d__3:MoveNext () (at ./Library/PackageCache/com.unity.test-framework@bd7f943e9647/UnityEngine.TestRunner/NUnitExtensions/Runner/UnityLogCheckDelegatingCommand.cs:48)
UnityEngine.TestTools.BeforeAfterTestCommandBase`1/<ExecuteEnumerable>d__16<NUnit.Framework.ITestAction>:MoveNext () (at ./Library/PackageCache/com.unity.test-framework@bd7f943e9647/UnityEngine.TestRunner/NUnitExtensions/Commands/BeforeAfterTestCommandBase.cs:212)
UnityEngine.TestTools.BeforeAfterTestCommandBase`1/<ExecuteEnumerable>d__16<System.Reflection.MethodInfo>:MoveNext () (at ./Library/PackageCache/com.unity.test-framework@bd7f943e9647/UnityEngine.TestRunner/NUnitExtensions/Commands/BeforeAfterTestCommandBase.cs:212)
UnityEngine.TestTools.BeforeAfterTestCommandBase`1/<ExecuteEnumerable>d__16<System.Reflection.MethodInfo>:MoveNext () (at ./Library/PackageCache/com.unity.test-framework@bd7f943e9647/UnityEngine.TestRunner/NUnitExtensions/Commands/BeforeAfterTestCommandBase.cs:212)
UnityEngine.TestTools.BeforeAfterTestCommandBase`1/<ExecuteEnumerable>d__16<UnityEngine.TestTools.IOuterUnityTestAction>:MoveNext () (at ./Library/PackageCache/com.unity.test-framework@bd7f943e9647/UnityEngine.TestRunner/NUnitExtensions/Commands/BeforeAfterTestCommandBase.cs:212)
UnityEngine.TestTools.RetryCommand/<ExecuteEnumerable>d__2:MoveNext () (at ./Library/PackageCache/com.unity.test-framework@bd7f943e9647/UnityEngine.TestRunner/NUnitExtensions/Commands/RetryCommand.cs:37)
UnityEngine.TestTools.RepeatCommand/<ExecuteEnumerable>d__2:MoveNext () (at ./Library/PackageCache/com.unity.test-framework@bd7f943e9647/UnityEngine.TestRunner/NUnitExtensions/Commands/RepeatCommand.cs:36)
UnityEngine.TestTools.IgnoreTestCommand/<ExecuteEnumerable>d__3:MoveNext () (at ./Library/PackageCache/com.unity.test-framework@bd7f943e9647/UnityEngine.TestRunner/NUnitExtensions/Commands/IgnoreTestCommand.cs:42)
UnityEngine.TestTools.StrictCheckCommand/<ExecuteEnumerable>d__2:MoveNext () (at ./Library/PackageCache/com.unity.test-framework@bd7f943e9647/UnityEngine.TestRunner/NUnitExtensions/Commands/StrictCheckCommand.cs:29)
UnityEngine.TestTools.Utils.CoroutineRunner/<WrapEnumeratorForChecks>d__8:MoveNext () (at ./Library/PackageCache/com.unity.test-framework@bd7f943e9647/UnityEngine.TestRunner/Utils/CoroutineRunner.cs:58)
UnityEngine.SetupCoroutine:InvokeMoveNext (System.Collections.IEnumerator,intptr)

(Filename: ./Packages/com.gamefoundation.adapter.unity/Runtime/EngineAdapter/UnityRenderer3D.cs Line: 235)

Start importing Assets/Resources/GameFoundation/models/audit_swap_probe_140.prefab using Guid(718d75abf6b23974fbefb775fe7cde79) (PrefabImporter) -> (artifact id: 'c309f78e53e6491fd7df261dbb99a94e') in 0.017464 seconds
Refreshing native plugins compatible for Editor in 0.29 ms, found 0 plugins.
Preloading 0 native plugins for Editor in 0.00 ms.
Asset Pipeline Refresh (id=cbf7e99edf5f266469d503eb2c876d24): Total: 0.081 seconds - Initiated by RefreshV2(NoUpdateAssetOptions)
PRESENTATION_PROBE async_swap expected_parent_real=true old_child_destroyed=true detach_exception=true new_shadow_on=false actual_parent_real=True placeholder_all_off=True old_child_destroyed=True child_lookup_still_tracked=True child_lookup_unity_alive=False detach_exception=MissingReferenceException new_shadow_on=True
UnityEngine.Debug:ExtractStackTraceNoAlloc (byte*,int,string)
UnityEngine.StackTraceUtility:ExtractStackTrace ()
UnityEngine.DebugLogHandler:Internal_Log (UnityEngine.LogType,UnityEngine.LogOption,string,UnityEngine.Object)
UnityEngine.DebugLogHandler:LogFormat (UnityEngine.LogType,UnityEngine.Object,string,object[])
UnityEngine.Logger:Log (UnityEngine.LogType,object)
UnityEngine.Debug:Log (object)
Adapter.Unity.Tests.Runtime.PresentationTargetedMechanismTests/<ConditionalAsyncSwap_DestroysSocketChildAndLosesShadowOverride>d__2:MoveNext () (at ./Packages/com.gamefoundation.adapter.unity/Tests/Runtime/PresentationTargetedMechanismTests.cs:121)
UnityEngine.TestTools.TestEnumerator/<Execute>d__7:MoveNext () (at ./Library/PackageCache/com.unity.test-framework@bd7f943e9647/UnityEngine.TestRunner/NUnitExtensions/Attributes/TestEnumerator.cs:44)
UnityEngine.TestTools.EnumerableTestMethodCommand/<ExecuteEnumerableAndRecordExceptions>d__4:MoveNext () (at ./Library/PackageCache/com.unity.test-framework@bd7f943e9647/UnityEngine.TestRunner/NUnitExtensions/Commands/EnumerableTestMethodCommand.cs:79)
UnityEngine.TestTools.EnumerableTestMethodCommand:AdvanceEnumerator (System.Collections.IEnumerator) (at ./Library/PackageCache/com.unity.test-framework@bd7f943e9647/UnityEngine.TestRunner/NUnitExtensions/Commands/EnumerableTestMethodCommand.cs:64)
UnityEngine.TestTools.EnumerableTestMethodCommand/<ExecuteEnumerable>d__2:MoveNext () (at ./Library/PackageCache/com.unity.test-framework@bd7f943e9647/UnityEngine.TestRunner/NUnitExtensions/Commands/EnumerableTestMethodCommand.cs:47)
UnityEngine.TestRunner.NUnitExtensions.Runner.UnityLogCheckDelegatingCommand/<ExecuteEnumerable>d__3:MoveNext () (at ./Library/PackageCache/com.unity.test-framework@bd7f943e9647/UnityEngine.TestRunner/NUnitExtensions/Runner/UnityLogCheckDelegatingCommand.cs:48)
UnityEngine.TestTools.BeforeAfterTestCommandBase`1/<ExecuteEnumerable>d__16<NUnit.Framework.ITestAction>:MoveNext () (at ./Library/PackageCache/com.unity.test-framework@bd7f943e9647/UnityEngine.TestRunner/NUnitExtensions/Commands/BeforeAfterTestCommandBase.cs:212)
UnityEngine.TestTools.BeforeAfterTestCommandBase`1/<ExecuteEnumerable>d__16<System.Reflection.MethodInfo>:MoveNext () (at ./Library/PackageCache/com.unity.test-framework@bd7f943e9647/UnityEngine.TestRunner/NUnitExtensions/Commands/BeforeAfterTestCommandBase.cs:212)
UnityEngine.TestTools.BeforeAfterTestCommandBase`1/<ExecuteEnumerable>d__16<System.Reflection.MethodInfo>:MoveNext () (at ./Library/PackageCache/com.unity.test-framework@bd7f943e9647/UnityEngine.TestRunner/NUnitExtensions/Commands/BeforeAfterTestCommandBase.cs:212)
UnityEngine.TestTools.BeforeAfterTestCommandBase`1/<ExecuteEnumerable>d__16<UnityEngine.TestTools.IOuterUnityTestAction>:MoveNext () (at ./Library/PackageCache/com.unity.test-framework@bd7f943e9647/UnityEngine.TestRunner/NUnitExtensions/Commands/BeforeAfterTestCommandBase.cs:212)
UnityEngine.TestTools.RetryCommand/<ExecuteEnumerable>d__2:MoveNext () (at ./Library/PackageCache/com.unity.test-framework@bd7f943e9647/UnityEngine.TestRunner/NUnitExtensions/Commands/RetryCommand.cs:37)
UnityEngine.TestTools.RepeatCommand/<ExecuteEnumerable>d__2:MoveNext () (at ./Library/PackageCache/com.unity.test-framework@bd7f943e9647/UnityEngine.TestRunner/NUnitExtensions/Commands/RepeatCommand.cs:36)
UnityEngine.TestTools.IgnoreTestCommand/<ExecuteEnumerable>d__3:MoveNext () (at ./Library/PackageCache/com.unity.test-framework@bd7f943e9647/UnityEngine.TestRunner/NUnitExtensions/Commands/IgnoreTestCommand.cs:42)
UnityEngine.TestTools.StrictCheckCommand/<ExecuteEnumerable>d__2:MoveNext () (at ./Library/PackageCache/com.unity.test-framework@bd7f943e9647/UnityEngine.TestRunner/NUnitExtensions/Commands/StrictCheckCommand.cs:29)
UnityEngine.TestTools.Utils.CoroutineRunner/<WrapEnumeratorForChecks>d__8:MoveNext () (at ./Library/PackageCache/com.unity.test-framework@bd7f943e9647/UnityEngine.TestRunner/Utils/CoroutineRunner.cs:58)
UnityEngine.SetupCoroutine:InvokeMoveNext (System.Collections.IEnumerator,intptr)

(Filename: ./Packages/com.gamefoundation.adapter.unity/Tests/Runtime/PresentationTargetedMechanismTests.cs Line: 121)

[GlobalPlayModeTestSetup] 已恢复用户数据根覆盖为 null，已清理测试专属目录：C:/Users/1/AppData/LocalLow/DefaultCompany/unity\_playmode_tests
UnityEngine.Debug:ExtractStackTraceNoAlloc (byte*,int,string)
UnityEngine.StackTraceUtility:ExtractStackTrace ()
UnityEngine.DebugLogHandler:Internal_Log (UnityEngine.LogType,UnityEngine.LogOption,string,UnityEngine.Object)
UnityEngine.DebugLogHandler:LogFormat (UnityEngine.LogType,UnityEngine.Object,string,object[])
UnityEngine.Logger:Log (UnityEngine.LogType,object)
UnityEngine.Debug:Log (object)
Adapter.Unity.Tests.Runtime.GlobalPlayModeTestSetup:RestoreUserDataRootAfterAllTestsRun () (at ./Packages/com.gamefoundation.adapter.unity/Tests/Runtime/GlobalPlayModeTestSetup.cs:149)
System.Reflection.RuntimeMethodInfo:Invoke (object,System.Reflection.BindingFlags,System.Reflection.Binder,object[],System.Globalization.CultureInfo)
System.Reflection.MethodBase:Invoke (object,object[])
NUnit.Framework.Internal.Reflect:InvokeMethod (System.Reflection.MethodInfo,object,object[])
NUnit.Framework.Internal.Reflect:InvokeMethod (System.Reflection.MethodInfo,object)
NUnit.Framework.Internal.Commands.SetUpTearDownItem:RunNonAsyncMethod (System.Reflection.MethodInfo,NUnit.Framework.Internal.ITestExecutionContext)
NUnit.Framework.Internal.Commands.SetUpTearDownItem:RunSetUpOrTearDownMethod (NUnit.Framework.Internal.ITestExecutionContext,System.Reflection.MethodInfo)
NUnit.Framework.Internal.Commands.SetUpTearDownItem:RunTearDown (NUnit.Framework.Internal.ITestExecutionContext)
NUnit.Framework.Internal.Commands.OneTimeTearDownCommand:Execute (NUnit.Framework.Internal.ITestExecutionContext)
UnityEngine.TestRunner.NUnitExtensions.Runner.CompositeWorkItem:PerformOneTimeTearDown () (at ./Library/PackageCache/com.unity.test-framework@bd7f943e9647/UnityEngine.TestRunner/NUnitExtensions/Runner/CompositeWorkItem.cs:314)
UnityEngine.TestRunner.NUnitExtensions.Runner.CompositeWorkItem/<PerformWork>d__13:MoveNext () (at ./Library/PackageCache/com.unity.test-framework@bd7f943e9647/UnityEngine.TestRunner/NUnitExtensions/Runner/CompositeWorkItem.cs:102)
UnityEngine.TestRunner.NUnitExtensions.Runner.CompositeWorkItem/<RunChildren>d__17:MoveNext () (at ./Library/PackageCache/com.unity.test-framework@bd7f943e9647/UnityEngine.TestRunner/NUnitExtensions/Runner/CompositeWorkItem.cs:207)
UnityEngine.TestRunner.NUnitExtensions.Runner.CompositeWorkItem/<PerformWork>d__13:MoveNext () (at ./Library/PackageCache/com.unity.test-framework@bd7f943e9647/UnityEngine.TestRunner/NUnitExtensions/Runner/CompositeWorkItem.cs:82)
UnityEngine.TestRunner.NUnitExtensions.Runner.CompositeWorkItem/<RunChildren>d__17:MoveNext () (at ./Library/PackageCache/com.unity.test-framework@bd7f943e9647/UnityEngine.TestRunner/NUnitExtensions/Runner/CompositeWorkItem.cs:207)
UnityEngine.TestRunner.NUnitExtensions.Runner.CompositeWorkItem/<PerformWork>d__13:MoveNext () (at ./Library/PackageCache/com.unity.test-framework@bd7f943e9647/UnityEngine.TestRunner/NUnitExtensions/Runner/CompositeWorkItem.cs:82)
UnityEngine.TestRunner.NUnitExtensions.Runner.CompositeWorkItem/<RunChildren>d__17:MoveNext () (at ./Library/PackageCache/com.unity.test-framework@bd7f943e9647/UnityEngine.TestRunner/NUnitExtensions/Runner/CompositeWorkItem.cs:207)
UnityEngine.TestRunner.NUnitExtensions.Runner.CompositeWorkItem/<PerformWork>d__13:MoveNext () (at ./Library/PackageCache/com.unity.test-framework@bd7f943e9647/UnityEngine.TestRunner/NUnitExtensions/Runner/CompositeWorkItem.cs:82)
UnityEngine.TestRunner.NUnitExtensions.Runner.CompositeWorkItem/<RunChildren>d__17:MoveNext () (at ./Library/PackageCache/com.unity.test-framework@bd7f943e9647/UnityEngine.TestRunner/NUnitExtensions/Runner/CompositeWorkItem.cs:207)
UnityEngine.TestRunner.NUnitExtensions.Runner.CompositeWorkItem/<PerformWork>d__13:MoveNext () (at ./Library/PackageCache/com.unity.test-framework@bd7f943e9647/UnityEngine.TestRunner/NUnitExtensions/Runner/CompositeWorkItem.cs:82)
UnityEngine.TestRunner.NUnitExtensions.Runner.CompositeWorkItem/<RunChildren>d__17:MoveNext () (at ./Library/PackageCache/com.unity.test-framework@bd7f943e9647/UnityEngine.TestRunner/NUnitExtensions/Runner/CompositeWorkItem.cs:207)
UnityEngine.TestRunner.NUnitExtensions.Runner.CompositeWorkItem/<PerformWork>d__13:MoveNext () (at ./Library/PackageCache/com.unity.test-framework@bd7f943e9647/UnityEngine.TestRunner/NUnitExtensions/Runner/CompositeWorkItem.cs:82)
UnityEngine.TestTools.TestRunner.PlaymodeTestsController/<TestRunnerCoroutine>d__24:MoveNext () (at ./Library/PackageCache/com.unity.test-framework@bd7f943e9647/UnityEngine.TestRunner/TestRunner/PlaymodeTestsController.cs:94)
UnityEngine.SetupCoroutine:InvokeMoveNext (System.Collections.IEnumerator,intptr)

(Filename: ./Packages/com.gamefoundation.adapter.unity/Tests/Runtime/GlobalPlayModeTestSetup.cs Line: 149)

Saving results to: C:/Users/1/AppData/LocalLow/DefaultCompany/unity\TestResults.xml
Saving results to: presentation-unity-results-3.xml
Unloading 1 Unused Serialized files (Serialized files now loaded: 0)
Loaded scene 'Temp/__Backupscenes/0.backup'
	Deserialize:            0.347 ms
	Integration:            98.532 ms
	Integration of assets:  0.001 ms
	Thread Wait Time:       0.008 ms
	Total Operation Time:   98.887 ms
Unloading 211 unused Assets / (0.6 MB). Loaded Objects now: 4642.
Memory consumption went from 172.6 MB to 172.0 MB.
Total: 5.094200 ms (FindLiveObjects: 0.171500 ms CreateObjectMapping: 0.047700 ms MarkObjects: 4.361300 ms  DeleteObjects: 0.512800 ms)

Executing IPostBuildCleanup for: Unity.PerformanceTesting.Editor.TestRunBuilder.
UnityEngine.Debug:ExtractStackTraceNoAlloc (byte*,int,string)
UnityEngine.StackTraceUtility:ExtractStackTrace ()
UnityEngine.DebugLogHandler:Internal_Log (UnityEngine.LogType,UnityEngine.LogOption,string,UnityEngine.Object)
UnityEngine.DebugLogHandler:LogFormat (UnityEngine.LogType,UnityEngine.Object,string,object[])
UnityEngine.Logger:Log (UnityEngine.LogType,object)
UnityEngine.Debug:Log (object)
UnityEditor.TestTools.TestRunner.TestRun.Tasks.BuildActionTaskBase`1/<ExecuteMethods>d__8<UnityEngine.TestTools.IPostBuildCleanup>:MoveNext () (at ./Library/PackageCache/com.unity.test-framework@bd7f943e9647/UnityEditor.TestRunner/TestRun/Tasks/BuildActionTaskBase.cs:48)
UnityEditor.TestTools.TestRunner.TestRun.Tasks.BuildActionTaskBase`1/<Execute>d__7<UnityEngine.TestTools.IPostBuildCleanup>:MoveNext () (at ./Library/PackageCache/com.unity.test-framework@bd7f943e9647/UnityEditor.TestRunner/TestRun/Tasks/BuildActionTaskBase.cs:34)
UnityEditor.TestTools.TestRunner.TestRun.TestJobRunner:ExecuteStep () (at ./Library/PackageCache/com.unity.test-framework@bd7f943e9647/UnityEditor.TestRunner/TestRun/TestJobRunner.cs:173)
UnityEditor.TestTools.TestRunner.TestRun.TestJobRunner:ExecuteCallback () (at ./Library/PackageCache/com.unity.test-framework@bd7f943e9647/UnityEditor.TestRunner/TestRun/TestJobRunner.cs:108)
UnityEditor.EditorApplication:Internal_CallUpdateFunctions ()

(Filename: ./Library/PackageCache/com.unity.test-framework@bd7f943e9647/UnityEditor.TestRunner/TestRun/Tasks/BuildActionTaskBase.cs Line: 48)

Unloading 1 Unused Serialized files (Serialized files now loaded: 0)
Unloading 0 unused Assets / (2.2 KB). Loaded Objects now: 4647.
Memory consumption went from 165.2 MB to 165.2 MB.
Total: 4.830800 ms (FindLiveObjects: 0.127200 ms CreateObjectMapping: 0.042200 ms MarkObjects: 4.653900 ms  DeleteObjects: 0.006700 ms)

Refreshing native plugins compatible for Editor in 0.23 ms, found 0 plugins.
Preloading 0 native plugins for Editor in 0.00 ms.
Asset Pipeline Refresh (id=08832b7ea6af1774eb09a537c4976ae9): Total: 0.019 seconds - Initiated by StopAssetImportingV2(NoUpdateAssetOptions)
DisplayProgressbar: Undo
Files generated by test without cleanup.
    Found 1 new files.
    Assets/Resources/GameFoundation/models/audit_swap_probe_140.prefab
UnityEngine.Debug:ExtractStackTraceNoAlloc (byte*,int,string)
UnityEngine.StackTraceUtility:ExtractStackTrace ()
UnityEngine.DebugLogHandler:Internal_Log (UnityEngine.LogType,UnityEngine.LogOption,string,UnityEngine.Object)
UnityEngine.DebugLogHandler:LogFormat (UnityEngine.LogType,UnityEngine.Object,string,object[])
UnityEngine.Logger:Log (UnityEngine.LogType,object)
UnityEngine.Debug:LogWarning (object)
UnityEditor.TestTools.TestRunner.TestRun.Tasks.CleanupVerificationTask:LogWarningForFilesIfAny (string[],bool) (at ./Library/PackageCache/com.unity.test-framework@bd7f943e9647/UnityEditor.TestRunner/TestRun/Tasks/CleanupVerificationTask.cs:55)
UnityEditor.TestTools.TestRunner.TestRun.Tasks.CleanupVerificationTask/<Execute>d__3:MoveNext () (at ./Library/PackageCache/com.unity.test-framework@bd7f943e9647/UnityEditor.TestRunner/TestRun/Tasks/CleanupVerificationTask.cs:27)
UnityEditor.TestTools.TestRunner.TestRun.TestJobRunner:ExecuteStep () (at ./Library/PackageCache/com.unity.test-framework@bd7f943e9647/UnityEditor.TestRunner/TestRun/TestJobRunner.cs:173)
UnityEditor.TestTools.TestRunner.TestRun.TestJobRunner:ExecuteCallback () (at ./Library/PackageCache/com.unity.test-framework@bd7f943e9647/UnityEditor.TestRunner/TestRun/TestJobRunner.cs:108)
UnityEditor.EditorApplication:Internal_CallUpdateFunctions ()

(Filename: ./Library/PackageCache/com.unity.test-framework@bd7f943e9647/UnityEditor.TestRunner/TestRun/Tasks/CleanupVerificationTask.cs Line: 55)

Test run completed. Exiting with code 0 (Ok). Run completed.
UnityEngine.Debug:ExtractStackTraceNoAlloc (byte*,int,string)
UnityEngine.StackTraceUtility:ExtractStackTrace ()
UnityEngine.DebugLogHandler:Internal_Log (UnityEngine.LogType,UnityEngine.LogOption,string,UnityEngine.Object)
UnityEngine.DebugLogHandler:LogFormat (UnityEngine.LogType,UnityEngine.Object,string,object[])
UnityEngine.Logger:Log (UnityEngine.LogType,object)
UnityEngine.Debug:Log (object)
UnityEditor.TestTools.TestRunner.CommandLineTest.Executer:ExitApplication (UnityEditor.TestTools.TestRunner.CommandLineTest.Executer/ReturnCodes,string) (at ./Library/PackageCache/com.unity.test-framework@bd7f943e9647/UnityEditor.TestRunner/CommandLineTest/Executer.cs:81)
UnityEditor.TestTools.TestRunner.CommandLineTest.Executer:ExitIfRunIsCompleted () (at ./Library/PackageCache/com.unity.test-framework@bd7f943e9647/UnityEditor.TestRunner/CommandLineTest/Executer.cs:74)
UnityEditor.EditorApplication:Internal_CallUpdateFunctions ()

(Filename: ./Library/PackageCache/com.unity.test-framework@bd7f943e9647/UnityEditor.TestRunner/CommandLineTest/Executer.cs Line: 81)

Start importing ProjectSettings/ProjectSettings.asset using Guid(00000000000000004000000000000000) (LibraryAssetImporter) -> (artifact id: 'b48967e07bae4a45f91725b938b602c5') in 0.0016723 seconds
Refreshing native plugins compatible for Editor in 0.22 ms, found 0 plugins.
Preloading 0 native plugins for Editor in 0.00 ms.
Asset Pipeline Refresh (id=4e8642cef8c91d64495ae3d382c2cfa2): Total: 0.009 seconds - Initiated by StopAssetImportingV2(NoUpdateAssetOptions)
[Physics::Module] Cleanup current backend.
[Physics::Module] Id: 0xf2b8ea05
Input System module state changed to: ShutdownInProgress.
Input System polling thread exited.
Input System module state changed to: Shutdown.
[Licensing::IpcConnector] LicenseClient-ONCE-notifications channel disconnected successfully.
[Licensing::IpcConnector] LicenseClient-ONCE channel disconnected successfully.
AcceleratorClientConnectionCallback - disconnected - :0
Cleanup mono
Checking for leaked weakptr:
  Found no leaked weakptrs.
[Package Manager] Server process was shutdown
##utp:{"type":"MemoryLeaks","version":2,"phase":"Immediate","time":1788834125640,"processId":39132,"allocatedMemory":33797094,"memoryLabels":[{"Default":14409},{"Permanent":15236},{"NewDelete":70227},{"Thread":4230344},{"Manager":51733},{"VertexData":8},{"Geometry":816},{"Texture":296},{"Shader":79381},{"Material":24},{"GfxDevice":55872},{"Animation":392},{"Audio":2664},{"Font":18570228},{"FreeType":815502},{"FontEngine":736},{"Physics":2146},{"Physics2D":16},{"Serialization":656},{"Input":14984},{"JobScheduler":33024},{"TextLib":280},{"Mono":32},{"MonoCode":64},{"ScriptingNativeRuntime":155060},{"BaseObject":1620208},{"Resource":1336},{"Renderer":3000},{"Transform":4685},{"File":9779},{"WebCam":616},{"Culling":32},{"Terrain":11394},{"Wind":24},{"STL":40},{"String":14409},{"DynamicArray":101385},{"HashMap":88555},{"Utility":2662998},{"Curl":2478},{"PoolAlloc":2152},{"AI":80},{"TypeTree":5341},{"ScriptManager":512},{"RuntimeInitializeOnLoadManager":64},{"SpriteAtlas":112},{"GI":7792},{"Director":8240},{"CloudService":432},{"WebRequest":552},{"VR":47994},{"SceneManager":504},{"Video":64},{"LazyScriptCache":32},{"Camera":17},{"Secure":2377},{"SerializationCache":1576},{"APIUpdating":10320},{"Subsystems":336},{"VirtualTexturing":57888},{"StaticSafetyDebugInfo":278528},{"Analytics":336},{"Hierarchy":608},{"CoreStats":13112},{"Identifiers":6480},{"Gui":96},{"EditorUtility":108553},{"VersionControl":4},{"Undo":947},{"AssetDatabase":4549613},{"EditorGi":328},{"UnityConnect":29232},{"Upm":1896},{"AssetCompliance":64},{"DrivenProperties":72},{"LocalIPC":258},{"ProfilerEditor":9746},{"CoreBusinessMetrics":3236},{"Licensing":12571},{"AssetReference":32},{"IPCStream":32}]}

UNITY_FINAL_RESULTS_XML
<?xml version="1.0" encoding="utf-8"?>
<test-run id="2" testcasecount="3" result="Passed" total="3" passed="3" failed="0" inconclusive="0" skipped="0" asserts="0" engine-version="3.5.0.0" clr-version="4.0.30319.42000" start-time="2026-09-08 02:22:04Z" end-time="2026-09-08 02:22:04Z" duration="0.1722961">
  <test-suite type="TestSuite" id="1275" name="unity" fullname="unity" runstate="Runnable" testcasecount="221" result="Passed" start-time="2026-09-08 02:22:04Z" end-time="2026-09-08 02:22:04Z" duration="0.172296" total="3" passed="3" failed="0" inconclusive="0" skipped="0" asserts="0">
    <properties>
      <property name="platform" value="PlayMode" />
    </properties>
    <test-suite type="Assembly" id="1257" name="Adapter.Unity.Tests.Runtime.dll" fullname="C:/Users/1/.codex/visualizations/2026/09/07/01a07bfd-c935-7323-9a34-6eae278d83b6/audit-c86bfa9-20260908/probes-presentation/unity_workspace/adapters/unity/Library/ScriptAssemblies/Adapter.Unity.Tests.Runtime.dll" runstate="Runnable" testcasecount="217" result="Passed" start-time="2026-09-08 02:22:04Z" end-time="2026-09-08 02:22:04Z" duration="0.166923" total="3" passed="3" failed="0" inconclusive="0" skipped="0" asserts="0">
      <properties>
        <property name="_PID" value="39132" />
        <property name="_APPDOMAIN" value="Unity Child Domain" />
        <property name="platform" value="PlayMode" />
        <property name="EditorOnly" value="False" />
      </properties>
      <test-suite type="TestSuite" id="1258" name="Adapter" fullname="Adapter" runstate="Runnable" testcasecount="217" result="Passed" start-time="2026-09-08 02:22:04Z" end-time="2026-09-08 02:22:04Z" duration="0.166092" total="3" passed="3" failed="0" inconclusive="0" skipped="0" asserts="0">
        <properties />
        <test-suite type="TestSuite" id="1259" name="Unity" fullname="Adapter.Unity" runstate="Runnable" testcasecount="217" result="Passed" start-time="2026-09-08 02:22:04Z" end-time="2026-09-08 02:22:04Z" duration="0.165437" total="3" passed="3" failed="0" inconclusive="0" skipped="0" asserts="0">
          <properties />
          <test-suite type="TestSuite" id="1260" name="Tests" fullname="Adapter.Unity.Tests" runstate="Runnable" testcasecount="217" result="Passed" start-time="2026-09-08 02:22:04Z" end-time="2026-09-08 02:22:04Z" duration="0.164806" total="3" passed="3" failed="0" inconclusive="0" skipped="0" asserts="0">
            <properties />
            <test-suite type="SetUpFixture" id="1097" name="Runtime" fullname="Adapter.Unity.Tests.Runtime.GlobalPlayModeTestSetup" classname="Adapter.Unity.Tests.Runtime.GlobalPlayModeTestSetup" runstate="Runnable" testcasecount="217" result="Passed" start-time="2026-09-08 02:22:04Z" end-time="2026-09-08 02:22:04Z" duration="0.163856" total="3" passed="3" failed="0" inconclusive="0" skipped="0" asserts="0">
              <properties />
              <output><![CDATA[[GlobalPlayModeTestSetup] 已把用户数据根重定向到测试专属目录：C:/Users/1/AppData/LocalLow/DefaultCompany/unity\_playmode_tests（预清理存档子目录=C:/Users/1/AppData/LocalLow/DefaultCompany/unity\_playmode_tests\saves，删除文件数=0），真实存档目录未被触碰。
]]></output>
              <test-suite type="TestFixture" id="1129" name="PresentationTargetedMechanismTests" fullname="Adapter.Unity.Tests.Runtime.PresentationTargetedMechanismTests" classname="Adapter.Unity.Tests.Runtime.PresentationTargetedMechanismTests" runstate="Runnable" testcasecount="3" result="Passed" start-time="2026-09-08 02:22:04Z" end-time="2026-09-08 02:22:04Z" duration="0.158342" total="3" passed="3" failed="0" inconclusive="0" skipped="0" asserts="0">
                <properties />
                <test-case id="1131" name="AnimatorAttackExitTransition_DoesNotEmitFinished" fullname="Adapter.Unity.Tests.Runtime.PresentationTargetedMechanismTests.AnimatorAttackExitTransition_DoesNotEmitFinished" methodname="AnimatorAttackExitTransition_DoesNotEmitFinished" classname="Adapter.Unity.Tests.Runtime.PresentationTargetedMechanismTests" runstate="Runnable" seed="1446946362" result="Passed" start-time="2026-09-08 02:22:04Z" end-time="2026-09-08 02:22:04Z" duration="0.046461" asserts="0">
                  <properties>
                    <property name="_JOINTYPE" value="UnityCombinatorial" />
                    <property name="retryIteration" value="0" />
                    <property name="repeatIteration" value="0" />
                  </properties>
                  <output><![CDATA[There are no audio listeners in the scene. Please ensure there is always one audio listener in the scene
PRESENTATION_PROBE animator expected_finished=1 actual_finished=0 current_idle=True normalized=1.951345
]]></output>
                </test-case>
                <test-case id="1130" name="BlobQuad_NormalAgainstDefaultCamera_IsSideOn" fullname="Adapter.Unity.Tests.Runtime.PresentationTargetedMechanismTests.BlobQuad_NormalAgainstDefaultCamera_IsSideOn" methodname="BlobQuad_NormalAgainstDefaultCamera_IsSideOn" classname="Adapter.Unity.Tests.Runtime.PresentationTargetedMechanismTests" runstate="Runnable" seed="45523794" result="Passed" start-time="2026-09-08 02:22:04Z" end-time="2026-09-08 02:22:04Z" duration="0.010181" asserts="0">
                  <properties>
                    <property name="_JOINTYPE" value="UnityCombinatorial" />
                    <property name="retryIteration" value="0" />
                    <property name="repeatIteration" value="0" />
                  </properties>
                  <output><![CDATA[PRESENTATION_PROBE blob expected_abs_dot>0.1 actual_abs_dot=1.1920929E-07 blob_forward=(0.00, -1.00, 0.00) camera_forward=(0.00, 0.00, 1.00)
]]></output>
                </test-case>
                <test-case id="1132" name="ConditionalAsyncSwap_DestroysSocketChildAndLosesShadowOverride" fullname="Adapter.Unity.Tests.Runtime.PresentationTargetedMechanismTests.ConditionalAsyncSwap_DestroysSocketChildAndLosesShadowOverride" methodname="ConditionalAsyncSwap_DestroysSocketChildAndLosesShadowOverride" classname="Adapter.Unity.Tests.Runtime.PresentationTargetedMechanismTests" runstate="Runnable" seed="1696470897" result="Passed" start-time="2026-09-08 02:22:04Z" end-time="2026-09-08 02:22:04Z" duration="0.095934" asserts="0">
                  <properties>
                    <property name="_JOINTYPE" value="UnityCombinatorial" />
                    <property name="retryIteration" value="0" />
                    <property name="repeatIteration" value="0" />
                  </properties>
                  <output><![CDATA[[UnityRenderer3D] 找不到模型资源 "model.audit_swap_probe_140"（约定路径 Resources/GameFoundation/models/audit_swap_probe_140）：先使用占位模型呈现并发起异步加载，加载完成后原地替换为真实内容；请确认该预制体已放在 adapters/unity 包的 Assets/Resources/GameFoundation/models/ 目录下。
PRESENTATION_PROBE async_swap expected_parent_real=true old_child_destroyed=true detach_exception=true new_shadow_on=false actual_parent_real=True placeholder_all_off=True old_child_destroyed=True child_lookup_still_tracked=True child_lookup_unity_alive=False detach_exception=MissingReferenceException new_shadow_on=True
[GlobalPlayModeTestSetup] 已恢复用户数据根覆盖为 null，已清理测试专属目录：C:/Users/1/AppData/LocalLow/DefaultCompany/unity\_playmode_tests
Saving results to: C:/Users/1/AppData/LocalLow/DefaultCompany/unity\TestResults.xml
]]></output>
                </test-case>
              </test-suite>
            </test-suite>
          </test-suite>
        </test-suite>
      </test-suite>
    </test-suite>
  </test-suite>
</test-run>

AOE_PROBE_RAW_RERUN
C:\Users\1\.codex\visualizations\2026\09\07\01a07bfd-c935-7323-9a34-6eae278d83b6\audit-c86bfa9-20260908\probes-presentation\aoe\Program.cs(77,30): warning CS0067: 从不使用事件“Program.Sink.PendingPlaybackChanged” [C:\Users\1\.codex\visualizations\2026\09\07\01a07bfd-c935-7323-9a34-6eae278d83b6\audit-c86bfa9-20260908\probes-presentation\aoe\FeedbackHitFrameAoEProbe.csproj]
feedback-hit-frame-aoe-probe baseline=c86bfa9 version=1.4.0
same_attacker_targets expected_before=0 actual_before=0 expected_pending_before=true actual_pending_before=True
same_attacker_targets expected_after_one_frame=1 actual_after_one_frame=1 expected_pending_after_one=true actual_pending_after_one=True
new_target_then_second_frame expected_after_second_frame=2 actual_after_second_frame=2 expected_pending_after_second=true actual_pending_after_second=True
timeout expected_total=3 actual_total=3 expected_pending_final=false actual_pending_final=False
release_order=unit.target.a,unit.target.b,unit.target.c
RESULT=PASS reproduction=one_hit_frame_releases_only_first_pending_entry_then_old_second_then_timeout_third
HARNESS_EXIT_CODE=0 ELAPSED_MS=1116
