[Licensing::Module] Trying to connect to existing licensing client channel...
Built from '6000.3/staging' branch; Version is '6000.3.23f1 (09d2ecc7fb28) revision 643820'; Using compiler version '194234433'; Build Type 'Release'
[Licensing::IpcConnector] Channel LicenseClient-ONCE doesn't exist
OS: 'Windows 11  (10.0.26200) Enterprise' Language: 'zh' Physical Memory: 65323 MB
BatchMode: 1, IsHumanControllingUs: 0, StartBugReporterOnCrash: 0, Is64bit: 1
System  architecture: x64
Process architecture: x64
Date: 2026-09-09T17:30:58Z
[Licensing::Module] Successfully launched the LicensingClient (PId: 53188)
[Licensing::IpcConnector] Successfully connected to: "LicenseClient-ONCE" at "2026-09-09T17:30:58.3810716Z"

COMMAND LINE ARGUMENTS:
C:\Program Files\Unity\Hub\Editor\6000.3.23f1\Editor\Unity.exe
-batchmode
-projectPath
D:\workespace\ws-game-unity-audit-76d16a5\copyRoot\adapters\unity
-runTests
-testPlatform
PlayMode
-testFilter
EquipmentVisualSaveLoadResetTests|VfxAnchorFollowTests
-testResults
D:\workespace\ws-game-artifacts\audit-76d16a5-20260910\presentation\filtered-play.xml
-logFile
D:\workespace\ws-game-artifacts\audit-76d16a5-20260910\presentation\filtered-play.log
Successfully changed project path to: D:\workespace\ws-game-unity-audit-76d16a5\copyRoot\adapters\unity
D:/workespace/ws-game-unity-audit-76d16a5/copyRoot/adapters/unity
[UnityMemory] Configuration Parameters - Can be set up in boot.config
    "memorysetup-temp-allocator-size-nav-mesh-worker=65536"
    "memorysetup-temp-allocator-size-audio-worker=65536"
    "memorysetup-temp-allocator-size-gfx=262144"
    "memorysetup-allocator-temp-initial-block-size-main=262144"
    "memorysetup-allocator-temp-initial-block-size-worker=262144"
    "memorysetup-temp-allocator-size-background-worker=32768"
    "memorysetup-temp-allocator-size-job-worker=262144"
    "memorysetup-temp-allocator-size-preload-manager=33554432"
    "memorysetup-remapper-allocator-initial-capacity=32768"
    "memorysetup-temp-allocator-size-gi-baking-worker=262144"
    "memorysetup-temp-allocator-size-gi-baking-worker=262144"
    "memorysetup-temp-allocator-size-gi-baking-worker=262144"
    "memorysetup-temp-allocator-size-gi-baking-worker=262144"
    "memorysetup-temp-allocator-size-gi-baking-worker=262144"
    "memorysetup-bucket-allocator-granularity=16"
    "memorysetup-bucket-allocator-bucket-count=8"
    "memorysetup-bucket-allocator-block-size=33554432"
    "memorysetup-bucket-allocator-block-count=8"
    "memorysetup-main-allocator-block-size=16777216"
    "memorysetup-thread-allocator-block-size=16777216"
    "memorysetup-gfx-main-allocator-block-size=16777216"
    "memorysetup-gfx-thread-allocator-block-size=16777216"
    "memorysetup-cache-allocator-block-size=4194304"
    "memorysetup-typetree-allocator-block-size=2097152"
    "memorysetup-profiler-bucket-allocator-granularity=16"
    "memorysetup-profiler-bucket-allocator-bucket-count=8"
    "memorysetup-profiler-bucket-allocator-block-size=33554432"
    "memorysetup-profiler-bucket-allocator-block-count=8"
    "memorysetup-profiler-allocator-block-size=16777216"
    "memorysetup-profiler-editor-allocator-block-size=1048576"
    "memorysetup-temp-allocator-size-main=16777216"
    "memorysetup-job-temp-allocator-block-size=2097152"
    "memorysetup-job-temp-allocator-block-size-background=1048576"
    "memorysetup-job-temp-allocator-reduction-small-platforms=262144"
    "memorysetup-temp-allocator-size-cloud-worker=32768"
Player connection [37108]  Target information:

Player connection [37108]  * "[IP] 192.168.213.1 [Port] 55504 [Flags] 2 [Guid] 3909904380 [EditorId] 3909904380 [Version] 1048832 [Id] WindowsEditor(7,ONCE20240717) [Debug] 1 [PackageName] WindowsEditor [ProjectName] Editor" 

Player connection [37108]  * "[IP] 192.168.177.1 [Port] 55504 [Flags] 2 [Guid] 3909904380 [EditorId] 3909904380 [Version] 1048832 [Id] WindowsEditor(7,ONCE20240717) [Debug] 1 [PackageName] WindowsEditor [ProjectName] Editor" 

Player connection [37108]  * "[IP] 192.168.0.108 [Port] 55504 [Flags] 2 [Guid] 3909904380 [EditorId] 3909904380 [Version] 1048832 [Id] WindowsEditor(7,ONCE20240717) [Debug] 1 [PackageName] WindowsEditor [ProjectName] Editor" 

Player connection [37108] Host joined multi-casting on [225.0.0.222:54997]...
Player connection [37108] Host joined alternative multi-casting on [225.0.0.222:34997]...
Input System module state changed to: Initialized.
[Physics::Module] Initialized fallback backend.
[Physics::Module] Id: 0xdecafbad
[Licensing::Client] Code 10 while verifying Licensing Client signature (process Id: 53188, path: "C:/Program Files/Unity/Hub/Editor/6000.3.23f1/Editor/Data/Resources/Licensing/Client/Unity.Licensing.Client.exe")
[Licensing::Module] LicensingClient has failed validation; ignoring
[Licensing::Client] Handshaking with LicensingClient:
  Version:                 1.18.3+d7ffd15
  Session Id:              3f8dd69234b74f8492fc31f194b72298
  Correlation Id:          690155f8d122eadd819e6e7f576eca0a
  External correlation Id: 5222525005369378530
  Machine Id:              pQ8GbSGPDRbB5TuKiq5VeAXcv3M=
[Licensing::Module] Successfully connected to LicensingClient on channel: "LicenseClient-ONCE" (connect: 0.25s, validation: 0.10s, handshake: 0.11s)
[Licensing::IpcConnector] Successfully connected to: "LicenseClient-ONCE-notifications" at "2026-09-09T17:30:58.591128Z"
[Licensing::Module] Connected to LicensingClient (PId: 53188, launch time: 0.01, total connection time: 0.46s)
[Licensing::Module] Error: Access token is unavailable; failed to update
[Licensing::Client] Successfully resolved entitlement details
[Licensing::Module] License group:
  Id: F4-RBAU-NDFH-NT7X-YNCU-XXXX
  Product: Unity Personal
  Type: ULF
  Expiration: Unlimited
[Licensing::Client] Successfully updated license, isAsync: True, time: 0.01
[Licensing::Module] Licensing Background thread has ended after 0.51s
[Package Manager] Connected to IPC stream "Upm-52556" after 0.2 seconds.
[Licensing::Client] Successfully resolved entitlement details
Library Redirect Path: Library/
Rebuilding Library because the asset database could not be found!
[Physics::Module] Selected backend.
[Physics::Module] Name: PhysX
[Physics::Module] Id: 0xf2b8ea05
[Physics::Module] SDK Version: 4.1.2
[Physics::Module] Integration Version: 1.0.0
[Physics::Module] Threading Mode: Multi-Threaded
Refreshing native plugins compatible for Editor in 0.00 ms, found 0 plugins.
Preloading 0 native plugins for Editor in 0.00 ms.
Initialize engine version: 6000.3.23f1 (09d2ecc7fb28)
[Subsystems] Discovering subsystems at path C:/Program Files/Unity/Hub/Editor/6000.3.23f1/Editor/Data/Resources/UnitySubsystems
[Subsystems] Discovering subsystems at path D:/workespace/ws-game-unity-audit-76d16a5/copyRoot/adapters/unity/Assets
GfxDevice: creating device client; kGfxThreadingModeNonThreaded
d3d12: failed to query info queue interface (0x80004002).
Direct3D:
    Version:         Direct3D 12 [level 12.2]
    Renderer:        NVIDIA GeForce RTX 4090 (ID=0x2684)
    Vendor:          NVIDIA
    VRAM:            24138 MB
    App VRAM Budget: 23370 MB
    Driver:          32.0.16.1074
Initialize mono
Mono path[0] = 'C:/Program Files/Unity/Hub/Editor/6000.3.23f1/Editor/Data/Managed'
Mono path[1] = 'C:/Program Files/Unity/Hub/Editor/6000.3.23f1/Editor/Data/MonoBleedingEdge/lib/mono/unityjit-win32'
Mono config path = 'C:/Program Files/Unity/Hub/Editor/6000.3.23f1/Editor/Data/MonoBleedingEdge/etc'
Using monoOptions --debugger-agent=transport=dt_socket,embedding=1,server=y,suspend=n,address=127.0.0.1:56556
Using cacheserver namespaces - metadata:defaultmetadata, artifacts:defaultartifacts
Using cacheserver namespaces - metadata:defaultmetadata, artifacts:defaultartifacts
ImportWorker Server TCP listen port: 0
AcceleratorClientConnectionCallback - disconnected - :0
Begin MonoManager ReloadAssembly
Registering precompiled unity dll's ...
Register platform support module: C:/Program Files/Unity/Hub/Editor/6000.3.23f1/Editor/Data/PlaybackEngines/WindowsStandaloneSupport/UnityEditor.WindowsStandalone.Extensions.dll
Registered in 0.000948 seconds.
- Loaded All Assemblies, in  0.279 seconds
Native extension for WindowsStandalone target not found
Package Manager log level set to [2]
ScheduleIndexationOnStartup MainProcess:False IndexOnStartup:False
Mono: successfully reloaded assembly
- Finished resetting the current domain, in  0.249 seconds
Domain Reload Profiling: 528ms
	BeginReloadAssembly (95ms)
		ExecutionOrderSort (0ms)
		DisableScriptedObjects (0ms)
		BackupInstance (0ms)
		ReleaseScriptingObjects (0ms)
		CreateAndSetChildDomain (5ms)
	RebuildCommonClasses (24ms)
	RebuildNativeTypeToScriptingClass (8ms)
	initialDomainReloadingComplete (28ms)
	LoadAllAssembliesAndSetupDomain (123ms)
		LoadAssemblies (89ms)
		RebuildTransferFunctionScriptingTraits (0ms)
		AnalyzeDomain (121ms)
			TypeCache.Refresh (120ms)
				TypeCache.ScanAssembly (111ms)
			BuildScriptInfoCaches (0ms)
			ResolveRequiredComponents (0ms)
	FinalizeReload (249ms)
		ReleaseScriptCaches (0ms)
		RebuildScriptCaches (0ms)
		SetupLoadedEditorAssemblies (224ms)
			LogAssemblyErrors (0ms)
			InitializePlatformSupportModulesInManaged (28ms)
			SetLoadedEditorAssemblies (2ms)
			BeforeProcessingInitializeOnLoad (51ms)
			ProcessInitializeOnLoadAttributes (92ms)
			ProcessInitializeOnLoadMethodAttributes (50ms)
			AfterProcessingInitializeOnLoad (0ms)
			EditorAssembliesLoaded (0ms)
		ExecutionOrderSort2 (0ms)
		AwakeInstancesAfterBackupRestoration (0ms)
[Licensing::Client] Successfully resolved entitlement details
Application.AssetDatabase Initial Refresh Start
[Package Manager] Done resolving packages in 11.18 seconds
[Licensing::Client] Successfully resolved entitlement details
[Package Manager] Registered 55 packages:
  Packages from [https://packages.unity.com]:
    com.unity.ide.visualstudio@2.0.22 (location: D:\workespace\ws-game-unity-audit-76d16a5\copyRoot\adapters\unity\Library\PackageCache\com.unity.ide.visualstudio@8140e851d83e)
    com.unity.inputsystem@1.20.0 (location: D:\workespace\ws-game-unity-audit-76d16a5\copyRoot\adapters\unity\Library\PackageCache\com.unity.inputsystem@7a4e1a2a8194)
    com.unity.searcher@4.9.5 (location: D:\workespace\ws-game-unity-audit-76d16a5\copyRoot\adapters\unity\Library\PackageCache\com.unity.searcher@a463122f2c00)
    com.unity.burst@1.8.30 (location: D:\workespace\ws-game-unity-audit-76d16a5\copyRoot\adapters\unity\Library\PackageCache\com.unity.burst@2f3d916873ea)
    com.unity.mathematics@1.3.3 (location: D:\workespace\ws-game-unity-audit-76d16a5\copyRoot\adapters\unity\Library\PackageCache\com.unity.mathematics@19a9377c4ffa)
    com.unity.collections@2.6.8 (location: D:\workespace\ws-game-unity-audit-76d16a5\copyRoot\adapters\unity\Library\PackageCache\com.unity.collections@84e8eb3fc12e)
    com.unity.nuget.mono-cecil@1.11.6 (location: D:\workespace\ws-game-unity-audit-76d16a5\copyRoot\adapters\unity\Library\PackageCache\com.unity.nuget.mono-cecil@ecb9724e46ff)
    com.unity.test-framework.performance@3.5.0 (location: D:\workespace\ws-game-unity-audit-76d16a5\copyRoot\adapters\unity\Library\PackageCache\com.unity.test-framework.performance@8b56083ec0f0)
  Built-in packages:
    com.unity.2d.sprite@1.0.0 (location: D:\workespace\ws-game-unity-audit-76d16a5\copyRoot\adapters\unity\Library\PackageCache\com.unity.2d.sprite@5b922524bd83)
    com.unity.render-pipelines.universal@17.3.0 (location: D:\workespace\ws-game-unity-audit-76d16a5\copyRoot\adapters\unity\Library\PackageCache\com.unity.render-pipelines.universal@7865b6b91f8a)
    com.unity.test-framework@1.6.0 (location: D:\workespace\ws-game-unity-audit-76d16a5\copyRoot\adapters\unity\Library\PackageCache\com.unity.test-framework@bd7f943e9647)
    com.unity.ugui@2.0.0 (location: D:\workespace\ws-game-unity-audit-76d16a5\copyRoot\adapters\unity\Library\PackageCache\com.unity.ugui@27635d171b1a)
    com.unity.modules.accessibility@1.0.0 (location: D:\workespace\ws-game-unity-audit-76d16a5\copyRoot\adapters\unity\Library\PackageCache\com.unity.modules.accessibility)
    com.unity.modules.adaptiveperformance@1.0.0 (location: D:\workespace\ws-game-unity-audit-76d16a5\copyRoot\adapters\unity\Library\PackageCache\com.unity.modules.adaptiveperformance)
    com.unity.modules.ai@1.0.0 (location: D:\workespace\ws-game-unity-audit-76d16a5\copyRoot\adapters\unity\Library\PackageCache\com.unity.modules.ai)
    com.unity.modules.androidjni@1.0.0 (location: D:\workespace\ws-game-unity-audit-76d16a5\copyRoot\adapters\unity\Library\PackageCache\com.unity.modules.androidjni)
    com.unity.modules.animation@1.0.0 (location: D:\workespace\ws-game-unity-audit-76d16a5\copyRoot\adapters\unity\Library\PackageCache\com.unity.modules.animation)
    com.unity.modules.assetbundle@1.0.0 (location: D:\workespace\ws-game-unity-audit-76d16a5\copyRoot\adapters\unity\Library\PackageCache\com.unity.modules.assetbundle)
    com.unity.modules.audio@1.0.0 (location: D:\workespace\ws-game-unity-audit-76d16a5\copyRoot\adapters\unity\Library\PackageCache\com.unity.modules.audio)
    com.unity.modules.cloth@1.0.0 (location: D:\workespace\ws-game-unity-audit-76d16a5\copyRoot\adapters\unity\Library\PackageCache\com.unity.modules.cloth)
    com.unity.modules.director@1.0.0 (location: D:\workespace\ws-game-unity-audit-76d16a5\copyRoot\adapters\unity\Library\PackageCache\com.unity.modules.director)
    com.unity.modules.imageconversion@1.0.0 (location: D:\workespace\ws-game-unity-audit-76d16a5\copyRoot\adapters\unity\Library\PackageCache\com.unity.modules.imageconversion)
    com.unity.modules.imgui@1.0.0 (location: D:\workespace\ws-game-unity-audit-76d16a5\copyRoot\adapters\unity\Library\PackageCache\com.unity.modules.imgui)
    com.unity.modules.jsonserialize@1.0.0 (location: D:\workespace\ws-game-unity-audit-76d16a5\copyRoot\adapters\unity\Library\PackageCache\com.unity.modules.jsonserialize)
    com.unity.modules.particlesystem@1.0.0 (location: D:\workespace\ws-game-unity-audit-76d16a5\copyRoot\adapters\unity\Library\PackageCache\com.unity.modules.particlesystem)
    com.unity.modules.physics@1.0.0 (location: D:\workespace\ws-game-unity-audit-76d16a5\copyRoot\adapters\unity\Library\PackageCache\com.unity.modules.physics)
    com.unity.modules.physics2d@1.0.0 (location: D:\workespace\ws-game-unity-audit-76d16a5\copyRoot\adapters\unity\Library\PackageCache\com.unity.modules.physics2d)
    com.unity.modules.screencapture@1.0.0 (location: D:\workespace\ws-game-unity-audit-76d16a5\copyRoot\adapters\unity\Library\PackageCache\com.unity.modules.screencapture)
    com.unity.modules.terrain@1.0.0 (location: D:\workespace\ws-game-unity-audit-76d16a5\copyRoot\adapters\unity\Library\PackageCache\com.unity.modules.terrain)
    com.unity.modules.terrainphysics@1.0.0 (location: D:\workespace\ws-game-unity-audit-76d16a5\copyRoot\adapters\unity\Library\PackageCache\com.unity.modules.terrainphysics)
    com.unity.modules.tilemap@1.0.0 (location: D:\workespace\ws-game-unity-audit-76d16a5\copyRoot\adapters\unity\Library\PackageCache\com.unity.modules.tilemap)
    com.unity.modules.ui@1.0.0 (location: D:\workespace\ws-game-unity-audit-76d16a5\copyRoot\adapters\unity\Library\PackageCache\com.unity.modules.ui)
    com.unity.modules.uielements@1.0.0 (location: D:\workespace\ws-game-unity-audit-76d16a5\copyRoot\adapters\unity\Library\PackageCache\com.unity.modules.uielements)
    com.unity.modules.umbra@1.0.0 (location: D:\workespace\ws-game-unity-audit-76d16a5\copyRoot\adapters\unity\Library\PackageCache\com.unity.modules.umbra)
    com.unity.modules.unityanalytics@1.0.0 (location: D:\workespace\ws-game-unity-audit-76d16a5\copyRoot\adapters\unity\Library\PackageCache\com.unity.modules.unityanalytics)
    com.unity.modules.unitywebrequest@1.0.0 (location: D:\workespace\ws-game-unity-audit-76d16a5\copyRoot\adapters\unity\Library\PackageCache\com.unity.modules.unitywebrequest)
    com.unity.modules.unitywebrequestassetbundle@1.0.0 (location: D:\workespace\ws-game-unity-audit-76d16a5\copyRoot\adapters\unity\Library\PackageCache\com.unity.modules.unitywebrequestassetbundle)
    com.unity.modules.unitywebrequestaudio@1.0.0 (location: D:\workespace\ws-game-unity-audit-76d16a5\copyRoot\adapters\unity\Library\PackageCache\com.unity.modules.unitywebrequestaudio)
    com.unity.modules.unitywebrequesttexture@1.0.0 (location: D:\workespace\ws-game-unity-audit-76d16a5\copyRoot\adapters\unity\Library\PackageCache\com.unity.modules.unitywebrequesttexture)
    com.unity.modules.unitywebrequestwww@1.0.0 (location: D:\workespace\ws-game-unity-audit-76d16a5\copyRoot\adapters\unity\Library\PackageCache\com.unity.modules.unitywebrequestwww)
    com.unity.modules.vectorgraphics@1.0.0 (location: D:\workespace\ws-game-unity-audit-76d16a5\copyRoot\adapters\unity\Library\PackageCache\com.unity.modules.vectorgraphics)
    com.unity.modules.vehicles@1.0.0 (location: D:\workespace\ws-game-unity-audit-76d16a5\copyRoot\adapters\unity\Library\PackageCache\com.unity.modules.vehicles)
    com.unity.modules.video@1.0.0 (location: D:\workespace\ws-game-unity-audit-76d16a5\copyRoot\adapters\unity\Library\PackageCache\com.unity.modules.video)
    com.unity.modules.vr@1.0.0 (location: D:\workespace\ws-game-unity-audit-76d16a5\copyRoot\adapters\unity\Library\PackageCache\com.unity.modules.vr)
    com.unity.modules.wind@1.0.0 (location: D:\workespace\ws-game-unity-audit-76d16a5\copyRoot\adapters\unity\Library\PackageCache\com.unity.modules.wind)
    com.unity.modules.xr@1.0.0 (location: D:\workespace\ws-game-unity-audit-76d16a5\copyRoot\adapters\unity\Library\PackageCache\com.unity.modules.xr)
    com.unity.modules.subsystems@1.0.0 (location: D:\workespace\ws-game-unity-audit-76d16a5\copyRoot\adapters\unity\Library\PackageCache\com.unity.modules.subsystems)
    com.unity.modules.hierarchycore@1.0.0 (location: D:\workespace\ws-game-unity-audit-76d16a5\copyRoot\adapters\unity\Library\PackageCache\com.unity.modules.hierarchycore)
    com.unity.ext.nunit@2.0.5 (location: D:\workespace\ws-game-unity-audit-76d16a5\copyRoot\adapters\unity\Library\PackageCache\com.unity.ext.nunit@d8c07649098d)
    com.unity.render-pipelines.core@17.3.0 (location: D:\workespace\ws-game-unity-audit-76d16a5\copyRoot\adapters\unity\Library\PackageCache\com.unity.render-pipelines.core@0bb36005e9ba)
    com.unity.shadergraph@17.3.0 (location: D:\workespace\ws-game-unity-audit-76d16a5\copyRoot\adapters\unity\Library\PackageCache\com.unity.shadergraph@b4b75cc00891)
    com.unity.render-pipelines.universal-config@17.0.3 (location: D:\workespace\ws-game-unity-audit-76d16a5\copyRoot\adapters\unity\Library\PackageCache\com.unity.render-pipelines.universal-config@8dc1aab4af1d)
  Embedded packages:
    com.gamefoundation.adapter.unity@file:D:\workespace\ws-game-unity-audit-76d16a5\copyRoot\adapters\unity\Packages\com.gamefoundation.adapter.unity (location: D:\workespace\ws-game-unity-audit-76d16a5\copyRoot\adapters\unity\Packages\com.gamefoundation.adapter.unity)
  Local packages:
    com.gamefoundation.conformance@file:D:\workespace\ws-game-unity-audit-76d16a5\copyRoot\adapters\conformance (location: D:\workespace\ws-game-unity-audit-76d16a5\copyRoot\adapters\conformance)
    com.gamefoundation.game-template@file:D:\workespace\ws-game-unity-audit-76d16a5\copyRoot\games\_template (location: D:\workespace\ws-game-unity-audit-76d16a5\copyRoot\games\_template)
[Subsystems] No new subsystems found in resolved package list.
[Package Manager] Done registering packages in 0.00 seconds
GUID [87d010f9dc269ef47bb53f6738d1d835] for asset 'Assets/StreamingAssets/GameFoundation/data/game/arch.meta' conflicts with:
  'Packages/com.gamefoundation.game-template/data/game/arch.meta'
Assigning a new guid.
GUID [978a890b0a54608469c74a3e14f9ede3] for asset 'Assets/StreamingAssets/GameFoundation/data/game/arch/arch.class.json.meta' conflicts with:
  'Packages/com.gamefoundation.game-template/data/game/arch/arch.class.json.meta'
Assigning a new guid.
GUID [b78d74b4ce808fe4fa66ad71ed42faba] for asset 'Assets/StreamingAssets/GameFoundation/data/game/combat.meta' conflicts with:
  'Packages/com.gamefoundation.game-template/data/game/combat.meta'
Assigning a new guid.
GUID [f1330ffc5d315c34e9e33fb4270ba505] for asset 'Assets/StreamingAssets/GameFoundation/data/game/combat/combat.hit_table_config.json.meta' conflicts with:
  'Packages/com.gamefoundation.game-template/data/game/combat/combat.hit_table_config.json.meta'
Assigning a new guid.
GUID [0bee9570405b5c3499f6def02216e935] for asset 'Assets/StreamingAssets/GameFoundation/data/game/combat/combat.resist_curve.json.meta' conflicts with:
  'Packages/com.gamefoundation.game-template/data/game/combat/combat.resist_curve.json.meta'
Assigning a new guid.
GUID [ea9ac65b91fa24e4ea1754c76d709192] for asset 'Assets/StreamingAssets/GameFoundation/data/game/diff.meta' conflicts with:
  'Packages/com.gamefoundation.game-template/data/game/diff.meta'
Assigning a new guid.
GUID [281ca7ab5c56e794d90430b1673c3d80] for asset 'Assets/StreamingAssets/GameFoundation/data/game/diff/diff.tier.json.meta' conflicts with:
  'Packages/com.gamefoundation.game-template/data/game/diff/diff.tier.json.meta'
Assigning a new guid.
GUID [c1c4363a55da46847a8c29e09a0eb8e8] for asset 'Assets/StreamingAssets/GameFoundation/data/game/fac.meta' conflicts with:
  'Packages/com.gamefoundation.game-template/data/game/fac.meta'
Assigning a new guid.
GUID [0281aa5d504984941b2ef32a665fe2f1] for asset 'Assets/StreamingAssets/GameFoundation/data/game/fac/fac.faction.json.meta' conflicts with:
  'Packages/com.gamefoundation.game-template/data/game/fac/fac.faction.json.meta'
Assigning a new guid.
GUID [8e58e1d28c2bf0f40a3c647be6e3fece] for asset 'Assets/StreamingAssets/GameFoundation/data/game/found.meta' conflicts with:
  'Packages/com.gamefoundation.game-template/data/game/found.meta'
Assigning a new guid.
GUID [22ddf3de5040ed24c842b462d51c85d4] for asset 'Assets/StreamingAssets/GameFoundation/data/game/found/found.time_model.json.meta' conflicts with:
  'Packages/com.gamefoundation.game-template/data/game/found/found.time_model.json.meta'
Assigning a new guid.
GUID [eab78fdaf363f2c46a0e4cd2b8f83bd7] for asset 'Assets/StreamingAssets/GameFoundation/data/game/item.meta' conflicts with:
  'Packages/com.gamefoundation.game-template/data/game/item.meta'
Assigning a new guid.
GUID [f6601c77af8799d4896c66c2d66b10bd] for asset 'Assets/StreamingAssets/GameFoundation/data/game/item/item.budget_curve.json.meta' conflicts with:
  'Packages/com.gamefoundation.game-template/data/game/item/item.budget_curve.json.meta'
Assigning a new guid.
GUID [ea52fda0e4eef3242bd769085f4afd62] for asset 'Assets/StreamingAssets/GameFoundation/data/game/l10n.meta' conflicts with:
  'Packages/com.gamefoundation.game-template/data/game/l10n.meta'
Assigning a new guid.
GUID [00fbfb2d0814fb64286109e8408844b8] for asset 'Assets/StreamingAssets/GameFoundation/data/game/l10n/l10n.locale.json.meta' conflicts with:
  'Packages/com.gamefoundation.game-template/data/game/l10n/l10n.locale.json.meta'
Assigning a new guid.
GUID [3d730b81b4a64de408979cb8f80f6039] for asset 'Assets/StreamingAssets/GameFoundation/data/game/l10n/l10n.text.json.meta' conflicts with:
  'Packages/com.gamefoundation.game-template/data/game/l10n/l10n.text.json.meta'
Assigning a new guid.
GUID [f1e68661590b12e4aaea3637a158b54c] for asset 'Assets/StreamingAssets/GameFoundation/data/game/prog.meta' conflicts with:
  'Packages/com.gamefoundation.game-template/data/game/prog.meta'
Assigning a new guid.
GUID [bdadaa085afc5cb45b69795967691a22] for asset 'Assets/StreamingAssets/GameFoundation/data/game/prog/prog.level_curve.json.meta' conflicts with:
  'Packages/com.gamefoundation.game-template/data/game/prog/prog.level_curve.json.meta'
Assigning a new guid.
GUID [b454d19ad8948a64e8f77c398bf9cc38] for asset 'Assets/StreamingAssets/GameFoundation/data/game/shell.meta' conflicts with:
  'Packages/com.gamefoundation.game-template/data/game/shell.meta'
Assigning a new guid.
GUID [84884a0eb913aa54d96274b0f03d4300] for asset 'Assets/StreamingAssets/GameFoundation/data/game/shell/shell_menu_definition.json.meta' conflicts with:
  'Packages/com.gamefoundation.game-template/data/game/shell/shell_menu_definition.json.meta'
Assigning a new guid.
GUID [71d9f280ae2950642b2c812180af76e3] for asset 'Assets/StreamingAssets/GameFoundation/data/game/stat.meta' conflicts with:
  'Packages/com.gamefoundation.game-template/data/game/stat.meta'
Assigning a new guid.
GUID [825d5d16dd0c1c64daac2621bb410daf] for asset 'Assets/StreamingAssets/GameFoundation/data/game/stat/stat.definition.json.meta' conflicts with:
  'Packages/com.gamefoundation.game-template/data/game/stat/stat.definition.json.meta'
Assigning a new guid.
GUID [0840f58f3c42a784c92bc5121c043908] for asset 'Assets/StreamingAssets/GameFoundation/data/game/world.meta' conflicts with:
  'Packages/com.gamefoundation.game-template/data/game/world.meta'
Assigning a new guid.
GUID [931d8e32ef9f2d14d8fc5751c0f22f3f] for asset 'Assets/StreamingAssets/GameFoundation/data/game/world/world.map.json.meta' conflicts with:
  'Packages/com.gamefoundation.game-template/data/game/world/world.map.json.meta'
Assigning a new guid.
GUID [87d010f9dc269ef47bb53f6738d1d835] for asset 'Packages/com.gamefoundation.game-template/data/game/arch.meta' conflicts with:
  'Assets/StreamingAssets/GameFoundation/data/game/arch.meta'
Assigning a new guid.
GUID [978a890b0a54608469c74a3e14f9ede3] for asset 'Packages/com.gamefoundation.game-template/data/game/arch/arch.class.json.meta' conflicts with:
  'Assets/StreamingAssets/GameFoundation/data/game/arch/arch.class.json.meta'
Assigning a new guid.
GUID [b78d74b4ce808fe4fa66ad71ed42faba] for asset 'Packages/com.gamefoundation.game-template/data/game/combat.meta' conflicts with:
  'Assets/StreamingAssets/GameFoundation/data/game/combat.meta'
Assigning a new guid.
GUID [f1330ffc5d315c34e9e33fb4270ba505] for asset 'Packages/com.gamefoundation.game-template/data/game/combat/combat.hit_table_config.json.meta' conflicts with:
  'Assets/StreamingAssets/GameFoundation/data/game/combat/combat.hit_table_config.json.meta'
Assigning a new guid.
GUID [0bee9570405b5c3499f6def02216e935] for asset 'Packages/com.gamefoundation.game-template/data/game/combat/combat.resist_curve.json.meta' conflicts with:
  'Assets/StreamingAssets/GameFoundation/data/game/combat/combat.resist_curve.json.meta'
Assigning a new guid.
GUID [ea9ac65b91fa24e4ea1754c76d709192] for asset 'Packages/com.gamefoundation.game-template/data/game/diff.meta' conflicts with:
  'Assets/StreamingAssets/GameFoundation/data/game/diff.meta'
Assigning a new guid.
GUID [281ca7ab5c56e794d90430b1673c3d80] for asset 'Packages/com.gamefoundation.game-template/data/game/diff/diff.tier.json.meta' conflicts with:
  'Assets/StreamingAssets/GameFoundation/data/game/diff/diff.tier.json.meta'
Assigning a new guid.
GUID [c1c4363a55da46847a8c29e09a0eb8e8] for asset 'Packages/com.gamefoundation.game-template/data/game/fac.meta' conflicts with:
  'Assets/StreamingAssets/GameFoundation/data/game/fac.meta'
Assigning a new guid.
GUID [0281aa5d504984941b2ef32a665fe2f1] for asset 'Packages/com.gamefoundation.game-template/data/game/fac/fac.faction.json.meta' conflicts with:
  'Assets/StreamingAssets/GameFoundation/data/game/fac/fac.faction.json.meta'
Assigning a new guid.
GUID [8e58e1d28c2bf0f40a3c647be6e3fece] for asset 'Packages/com.gamefoundation.game-template/data/game/found.meta' conflicts with:
  'Assets/StreamingAssets/GameFoundation/data/game/found.meta'
Assigning a new guid.
GUID [22ddf3de5040ed24c842b462d51c85d4] for asset 'Packages/com.gamefoundation.game-template/data/game/found/found.time_model.json.meta' conflicts with:
  'Assets/StreamingAssets/GameFoundation/data/game/found/found.time_model.json.meta'
Assigning a new guid.
GUID [eab78fdaf363f2c46a0e4cd2b8f83bd7] for asset 'Packages/com.gamefoundation.game-template/data/game/item.meta' conflicts with:
  'Assets/StreamingAssets/GameFoundation/data/game/item.meta'
Assigning a new guid.
GUID [f6601c77af8799d4896c66c2d66b10bd] for asset 'Packages/com.gamefoundation.game-template/data/game/item/item.budget_curve.json.meta' conflicts with:
  'Assets/StreamingAssets/GameFoundation/data/game/item/item.budget_curve.json.meta'
Assigning a new guid.
GUID [ea52fda0e4eef3242bd769085f4afd62] for asset 'Packages/com.gamefoundation.game-template/data/game/l10n.meta' conflicts with:
  'Assets/StreamingAssets/GameFoundation/data/game/l10n.meta'
Assigning a new guid.
GUID [00fbfb2d0814fb64286109e8408844b8] for asset 'Packages/com.gamefoundation.game-template/data/game/l10n/l10n.locale.json.meta' conflicts with:
  'Assets/StreamingAssets/GameFoundation/data/game/l10n/l10n.locale.json.meta'
Assigning a new guid.
GUID [3d730b81b4a64de408979cb8f80f6039] for asset 'Packages/com.gamefoundation.game-template/data/game/l10n/l10n.text.json.meta' conflicts with:
  'Assets/StreamingAssets/GameFoundation/data/game/l10n/l10n.text.json.meta'
Assigning a new guid.
GUID [f1e68661590b12e4aaea3637a158b54c] for asset 'Packages/com.gamefoundation.game-template/data/game/prog.meta' conflicts with:
  'Assets/StreamingAssets/GameFoundation/data/game/prog.meta'
Assigning a new guid.
GUID [bdadaa085afc5cb45b69795967691a22] for asset 'Packages/com.gamefoundation.game-template/data/game/prog/prog.level_curve.json.meta' conflicts with:
  'Assets/StreamingAssets/GameFoundation/data/game/prog/prog.level_curve.json.meta'
Assigning a new guid.
GUID [b454d19ad8948a64e8f77c398bf9cc38] for asset 'Packages/com.gamefoundation.game-template/data/game/shell.meta' conflicts with:
  'Assets/StreamingAssets/GameFoundation/data/game/shell.meta'
Assigning a new guid.
GUID [84884a0eb913aa54d96274b0f03d4300] for asset 'Packages/com.gamefoundation.game-template/data/game/shell/shell_menu_definition.json.meta' conflicts with:
  'Assets/StreamingAssets/GameFoundation/data/game/shell/shell_menu_definition.json.meta'
Assigning a new guid.
GUID [71d9f280ae2950642b2c812180af76e3] for asset 'Packages/com.gamefoundation.game-template/data/game/stat.meta' conflicts with:
  'Assets/StreamingAssets/GameFoundation/data/game/stat.meta'
Assigning a new guid.
GUID [825d5d16dd0c1c64daac2621bb410daf] for asset 'Packages/com.gamefoundation.game-template/data/game/stat/stat.definition.json.meta' conflicts with:
  'Assets/StreamingAssets/GameFoundation/data/game/stat/stat.definition.json.meta'
Assigning a new guid.
GUID [0840f58f3c42a784c92bc5121c043908] for asset 'Packages/com.gamefoundation.game-template/data/game/world.meta' conflicts with:
  'Assets/StreamingAssets/GameFoundation/data/game/world.meta'
Assigning a new guid.
GUID [931d8e32ef9f2d14d8fc5751c0f22f3f] for asset 'Packages/com.gamefoundation.game-template/data/game/world/world.map.json.meta' conflicts with:
  'Assets/StreamingAssets/GameFoundation/data/game/world/world.map.json.meta'
Assigning a new guid.
[API Updater] Processing imported assemblies took 40 ms (0/0 assembly(ies)).
Assembly Updater Post Process Assets time: 0.041869s
[ScriptCompilation] Requested script compilation because: Assembly Definition File(s) changed
[ScriptCompilation] Requested script compilation because: Assetdatabase observed changes in script compilation related files
Starting: C:\Program Files\Unity\Hub\Editor\6000.3.23f1\Editor\Data\Tools\BuildPipeline\bee_backend.exe --ipc --defer-dag-verification --dagfile="Library/Bee/1900b0aE.dag" --continue-on-failure --profile="Library/Bee/backend1.traceevents" ScriptAssemblies
WorkingDir: D:/workespace/ws-game-unity-audit-76d16a5/copyRoot/adapters/unity
ExitCode: 4 Duration: 0s34ms
[             ] Require frontend run.  Library/Bee/1900b0aE.dag couldn't be loaded
DisplayProgressbar: Compiling Scripts
Starting: C:\Program Files\Unity\Hub\Editor\6000.3.23f1\Editor\Data\netcorerun\netcorerun.exe "C:\Program Files\Unity\Hub\Editor\6000.3.23f1\Editor\Data\Tools\BuildPipeline\ScriptCompilationBuildProgram.exe" "Library/Bee/1900b0aE.dag.json" "Library/Bee/1900b0aE-inputdata.json" "Library\Bee\buildprogram0.traceevents"
WorkingDir: D:/workespace/ws-game-unity-audit-76d16a5/copyRoot/adapters/unity
ExitCode: 0 Duration: 0s352ms
Starting: C:\Program Files\Unity\Hub\Editor\6000.3.23f1\Editor\Data\Tools\BuildPipeline\bee_backend.exe --ipc --defer-dag-verification --dagfile="Library/Bee/1900b0aE.dag" --continue-on-failure --dagfilejson="Library\Bee\1900b0aE.dag.json" --profile="Library/Bee/backend2.traceevents" ScriptAssemblies
WorkingDir: D:/workespace/ws-game-unity-audit-76d16a5/copyRoot/adapters/unity
ExitCode: 0 Duration: 11s
Finished compiling graph: 720 nodes, 12381 flattened edges (10331 ToBuild, 110 ToUse), maximum node priority 784
[  1/716    0s] WriteText Library/Bee/artifacts/1900b0aE.dag/UnityEngine.TestRunner.rsp2
[  2/716    0s] WriteText Library/Bee/artifacts/1900b0aE.dag/UnityEngine.TestRunner.UnityAdditionalFile.txt
[  3/716    0s] MovedFromExtractor Library/Bee/artifacts/mvdfrm/UnityEditor.SceneViewModule.dll_C1ADB7DC44EEEB46.mvfrm
[  4/716    0s] MovedFromExtractor Library/Bee/artifacts/mvdfrm/UnityEditor.SketchUpModule.dll_00B6826A4725D046.mvfrm
[  5/716    0s] MovedFromExtractor Library/Bee/artifacts/mvdfrm/UnityEditor.GraphViewModule.dll_82FDD4D44FCC1E38.mvfrm
[  6/716    0s] MovedFromExtractor Library/Bee/artifacts/mvdfrm/UnityEditor.GridAndSnapModule.dll_AF7544C1C8A83D70.mvfrm
[  7/716    0s] MovedFromExtractor Library/Bee/artifacts/mvdfrm/UnityEditor.SpriteMaskModule.dll_66815AF21ADC6CA0.mvfrm
[  8/716    0s] MovedFromExtractor Library/Bee/artifacts/mvdfrm/UnityEditor.GIModule.dll_0EE859ADB6488D11.mvfrm
[  9/716    0s] MovedFromExtractor Library/Bee/artifacts/mvdfrm/UnityEditor.SafeModeModule.dll_18A19D19FBF4342F.mvfrm
[ 10/716    0s] MovedFromExtractor Library/Bee/artifacts/mvdfrm/UnityEditor.PlayModeModule.dll_5E958ED39ABD4396.mvfrm
[ 11/716    0s] MovedFromExtractor Library/Bee/artifacts/mvdfrm/UnityEditor.ClothModule.dll_9DC6091769F51A8F.mvfrm
[ 12/716    0s] MovedFromExtractor Library/Bee/artifacts/mvdfrm/UnityEditor.MediaModule.dll_029DC5AE0E24C439.mvfrm
[ 13/716    0s] MovedFromExtractor Library/Bee/artifacts/mvdfrm/UnityEditor.PropertiesModule.dll_AA9027A06C583B62.mvfrm
[ 14/716    0s] MovedFromExtractor Library/Bee/artifacts/mvdfrm/UnityEditor.EmbreeModule.dll_353EE215FA7B9E37.mvfrm
[ 15/716    0s] MovedFromExtractor Library/Bee/artifacts/mvdfrm/UnityEditor.DeviceSimulatorModule.dll_B6BB8F7F0D1DC2F3.mvfrm
[ 16/716    0s] MovedFromExtractor Library/Bee/artifacts/mvdfrm/UnityEditor.GraphicsStateCollectionSerializerModule.dll_DE3FAC91133960FB.mvfrm
[ 17/716    0s] MovedFromExtractor Library/Bee/artifacts/mvdfrm/UnityEditor.Physics2DModule.dll_E8435004E5A6388E.mvfrm
[ 18/716    0s] MovedFromExtractor Library/Bee/artifacts/mvdfrm/UnityEditor.PresetsUIModule.dll_3E640DB65224763D.mvfrm
[ 19/716    0s] MovedFromExtractor Library/Bee/artifacts/mvdfrm/UnityEditor.BuildProfileModule.dll_DDBEF5044FA1A4CA.mvfrm
[ 20/716    0s] MovedFromExtractor Library/Bee/artifacts/mvdfrm/UnityEditor.GridModule.dll_FFAD100B17B15A25.mvfrm
[ 21/716    0s] MovedFromExtractor Library/Bee/artifacts/mvdfrm/UnityEditor.CoreModule.dll_223BF41CFF5CC42E.mvfrm
[ 22/716    0s] MovedFromExtractor Library/Bee/artifacts/mvdfrm/UnityEditor.QuickInstallModule.dll_BC9E4343912812FD.mvfrm
[ 23/716    0s] MovedFromExtractor Library/Bee/artifacts/mvdfrm/UnityEditor.HierarchyModule.dll_7071DBB00DAB5CFA.mvfrm
[ 24/716    0s] MovedFromExtractor Library/Bee/artifacts/mvdfrm/UnityEditor.PhysicsModule.dll_638973B085E9D9DC.mvfrm
[ 25/716    0s] MovedFromExtractor Library/Bee/artifacts/mvdfrm/UnityEditor.SceneTemplateModule.dll_29774E8C76E53A9B.mvfrm
[ 26/716    0s] MovedFromExtractor Library/Bee/artifacts/mvdfrm/UnityEditor.CoreBusinessMetricsModule.dll_1275FD04E62CE1F9.mvfrm
[ 27/716    0s] MovedFromExtractor Library/Bee/artifacts/mvdfrm/UnityEditor.ShaderCompilationModule.dll_8141D20BE508FE33.mvfrm
[ 28/716    0s] MovedFromExtractor Library/Bee/artifacts/mvdfrm/UnityEditor.MultiplayerModule.dll_EE975F3CA70EAEBF.mvfrm
[ 29/716    0s] MovedFromExtractor Library/Bee/artifacts/mvdfrm/UnityEditor.AssetComplianceModule.dll_EF969F6D87D9A720.mvfrm
[ 30/716    0s] MovedFromExtractor Library/Bee/artifacts/mvdfrm/UnityEditor.ShaderBuildSettingsModule.dll_9AB14A3392E4E441.mvfrm
[ 31/716    0s] MovedFromExtractor Library/Bee/artifacts/mvdfrm/UnityEditor.EditorToolbarModule.dll_05D7DDCE77F89063.mvfrm
[ 32/716    0s] MovedFromExtractor Library/Bee/artifacts/mvdfrm/UnityEditor.ShaderFoundryModule.dll_68571ECF9994B729.mvfrm
[ 33/716    0s] MovedFromExtractor Library/Bee/artifacts/mvdfrm/UnityEditor.QuickSearchModule.dll_30CBDF4D9E1A7CDA.mvfrm
[ 34/716    0s] MovedFromExtractor Library/Bee/artifacts/mvdfrm/UnityEditor.DiagnosticsModule.dll_A5BC5E4045438081.mvfrm
[ 35/716    0s] MovedFromExtractor Library/Bee/artifacts/mvdfrm/UnityEditor.SpriteShapeModule.dll_8850700AA3E95951.mvfrm
[ 36/716    0s] MovedFromExtractor Library/Bee/artifacts/mvdfrm/UnityEditor.SubstanceModule.dll_2CDD61ADDF83F645.mvfrm
[ 37/716    0s] MovedFromExtractor Library/Bee/artifacts/mvdfrm/UnityEditor.TilemapModule.dll_1CCC56A0736503D3.mvfrm
[ 38/716    0s] MovedFromExtractor Library/Bee/artifacts/mvdfrm/UnityEditor.TreeModule.dll_7FE7E92B8722596D.mvfrm
[ 39/716    0s] MovedFromExtractor Library/Bee/artifacts/mvdfrm/UnityEditor.TextRenderingModule.dll_731A70C7C941EBF4.mvfrm
[ 40/716    0s] MovedFromExtractor Library/Bee/artifacts/mvdfrm/UnityEditor.UIAutomationModule.dll_8E5FE3F4EC156D8A.mvfrm
[ 41/716    0s] MovedFromExtractor Library/Bee/artifacts/mvdfrm/UnityEditor.TerrainModule.dll_7DCFEF1F5BA822CA.mvfrm
[ 42/716    0s] MovedFromExtractor Library/Bee/artifacts/mvdfrm/UnityEditor.UmbraModule.dll_B1B258351CFEE71E.mvfrm
[ 43/716    0s] MovedFromExtractor Library/Bee/artifacts/mvdfrm/UnityEditor.dll_CE6C8C5B861D6E07.mvfrm
[ 44/716    0s] MovedFromExtractor Library/Bee/artifacts/mvdfrm/UnityEngine.AdaptivePerformanceModule.dll_531A9840FB2B0604.mvfrm
[ 45/716    0s] MovedFromExtractor Library/Bee/artifacts/mvdfrm/UnityEditor.UIElementsModule.dll_D56D22BBEC5090AA.mvfrm
[ 46/716    0s] MovedFromExtractor Library/Bee/artifacts/mvdfrm/UnityEngine.ContentLoadModule.dll_0DCB6B7FCF03D9B9.mvfrm
[ 47/716    0s] MovedFromExtractor Library/Bee/artifacts/mvdfrm/UnityEditor.XRModule.dll_F7B09857A1D57D79.mvfrm
[ 48/716    0s] MovedFromExtractor Library/Bee/artifacts/mvdfrm/UnityEditor.UnityConnectModule.dll_D8F9027A748589E4.mvfrm
[ 49/716    0s] MovedFromExtractor Library/Bee/artifacts/mvdfrm/UnityEditor.UIElementsSamplesModule.dll_75736F9402050963.mvfrm
[ 50/716    0s] MovedFromExtractor Library/Bee/artifacts/mvdfrm/UnityEngine.ClothModule.dll_63F2C57B9B724B34.mvfrm
[ 51/716    0s] MovedFromExtractor Library/Bee/artifacts/mvdfrm/UnityEngine.ClusterRendererModule.dll_BC6851F07CD8D077.mvfrm
[ 52/716    0s] MovedFromExtractor Library/Bee/artifacts/mvdfrm/UnityEditor.VectorGraphicsModule.dll_07B33E8DCB20C25D.mvfrm
[ 53/716    0s] MovedFromExtractor Library/Bee/artifacts/mvdfrm/UnityEditor.UIBuilderModule.dll_D78681F0C284976C.mvfrm
[ 54/716    0s] MovedFromExtractor Library/Bee/artifacts/mvdfrm/UnityEditor.TextCoreTextEngineModule.dll_81682C76DEC5030A.mvfrm
[ 55/716    0s] MovedFromExtractor Library/Bee/artifacts/mvdfrm/UnityEditor.VFXModule.dll_65DFB68C59EDBD1D.mvfrm
[ 56/716    0s] MovedFromExtractor Library/Bee/artifacts/mvdfrm/UnityEngine.AIModule.dll_B51AA22F8616D8C2.mvfrm
[ 57/716    0s] MovedFromExtractor Library/Bee/artifacts/mvdfrm/UnityEditor.VideoModule.dll_5BE73087526A5750.mvfrm
[ 58/716    0s] MovedFromExtractor Library/Bee/artifacts/mvdfrm/UnityEngine.AndroidJNIModule.dll_53B60B8F356FFF80.mvfrm
[ 59/716    0s] MovedFromExtractor Library/Bee/artifacts/mvdfrm/UnityEngine.AudioModule.dll_FD0A6880C1556C50.mvfrm
[ 60/716    0s] MovedFromExtractor Library/Bee/artifacts/mvdfrm/UnityEngine.ClusterInputModule.dll_58957790260D5CAA.mvfrm
[ 61/716    0s] MovedFromExtractor Library/Bee/artifacts/mvdfrm/UnityEngine.ARModule.dll_6E8D6732E334378B.mvfrm
[ 62/716    0s] MovedFromExtractor Library/Bee/artifacts/mvdfrm/UnityEditor.UIToolkitAuthoringModule.dll_6CD68A926DC7CDAC.mvfrm
[ 63/716    0s] MovedFromExtractor Library/Bee/artifacts/mvdfrm/UnityEditor.TextCoreFontEngineModule.dll_397FF6054F4149EC.mvfrm
[ 64/716    0s] MovedFromExtractor Library/Bee/artifacts/mvdfrm/UnityEngine.AnimationModule.dll_518350FD2A28F2DE.mvfrm
[ 65/716    0s] MovedFromExtractor Library/Bee/artifacts/mvdfrm/UnityEngine.AssetBundleModule.dll_74B5123F008131CC.mvfrm
[ 66/716    0s] MovedFromExtractor Library/Bee/artifacts/mvdfrm/UnityEngine.AccessibilityModule.dll_5C1CBA23775B6238.mvfrm
[ 67/716    0s] MovedFromExtractor Library/Bee/artifacts/mvdfrm/UnityEngine.CrashReportingModule.dll_D87E20A7E6F55491.mvfrm
[ 68/716    0s] MovedFromExtractor Library/Bee/artifacts/mvdfrm/UnityEngine.CoreModule.dll_455CC76FA7622F59.mvfrm
[ 69/716    0s] MovedFromExtractor Library/Bee/artifacts/mvdfrm/UnityEngine.DSPGraphModule.dll_1909C103F21FDCD7.mvfrm
[ 70/716    0s] MovedFromExtractor Library/Bee/artifacts/mvdfrm/UnityEngine.DirectorModule.dll_13B85F9A7FBF0BB6.mvfrm
[ 71/716    0s] MovedFromExtractor Library/Bee/artifacts/mvdfrm/UnityEngine.InputForUIModule.dll_80B5AFC35BD18D2D.mvfrm
[ 72/716    0s] MovedFromExtractor Library/Bee/artifacts/mvdfrm/UnityEngine.GameCenterModule.dll_7E0355A9FBB0F071.mvfrm
[ 73/716    0s] MovedFromExtractor Library/Bee/artifacts/mvdfrm/UnityEngine.HierarchyCoreModule.dll_D33756FDE608BB2E.mvfrm
[ 74/716    0s] MovedFromExtractor Library/Bee/artifacts/mvdfrm/UnityEngine.ShaderRuntimeModule.dll_EBF46351C75ECCAD.mvfrm
[ 75/716    0s] MovedFromExtractor Library/Bee/artifacts/mvdfrm/UnityEngine.HotReloadModule.dll_D2CC0F03055C0E60.mvfrm
[ 76/716    0s] MovedFromExtractor Library/Bee/artifacts/mvdfrm/UnityEngine.GIModule.dll_4D56EB3D21C5C0DC.mvfrm
[ 77/716    0s] MovedFromExtractor Library/Bee/artifacts/mvdfrm/UnityEngine.IdentifiersModule.dll_4D3E9A34C2F9FFE4.mvfrm
[ 78/716    0s] MovedFromExtractor Library/Bee/artifacts/mvdfrm/UnityEngine.JSONSerializeModule.dll_BC34435F7696C2C2.mvfrm
[ 79/716    0s] MovedFromExtractor Library/Bee/artifacts/mvdfrm/UnityEngine.MultiplayerModule.dll_F45D2ECBB948BF44.mvfrm
[ 80/716    0s] MovedFromExtractor Library/Bee/artifacts/mvdfrm/UnityEngine.InsightsModule.dll_AD7F282B0A3C5B35.mvfrm
[ 81/716    0s] MovedFromExtractor Library/Bee/artifacts/mvdfrm/UnityEngine.SharedInternalsModule.dll_AC6B8E76762B83BB.mvfrm
[ 82/716    0s] MovedFromExtractor Library/Bee/artifacts/mvdfrm/UnityEngine.PhysicsModule.dll_56042C5AEAF8C121.mvfrm
[ 83/716    0s] MovedFromExtractor Library/Bee/artifacts/mvdfrm/UnityEngine.ShaderVariantAnalyticsModule.dll_D662FDE796D5CF00.mvfrm
[ 84/716    0s] MovedFromExtractor Library/Bee/artifacts/mvdfrm/UnityEngine.ParticleSystemModule.dll_2B9069F45506E01F.mvfrm
[ 85/716    0s] MovedFromExtractor Library/Bee/artifacts/mvdfrm/UnityEngine.PerformanceReportingModule.dll_2CC5128B48DD5D18.mvfrm
[ 86/716    0s] MovedFromExtractor Library/Bee/artifacts/mvdfrm/UnityEngine.ScreenCaptureModule.dll_D61BF0E48B02EF24.mvfrm
[ 87/716    0s] MovedFromExtractor Library/Bee/artifacts/mvdfrm/UnityEngine.PhysicsBackendPhysXModule.dll_2D2E7FCDDDE748C3.mvfrm
[ 88/716    0s] MovedFromExtractor Library/Bee/artifacts/mvdfrm/UnityEngine.InputModule.dll_63803031378D90F4.mvfrm
[ 89/716    0s] MovedFromExtractor Library/Bee/artifacts/mvdfrm/UnityEngine.ImageConversionModule.dll_285A4FA0FEFD886B.mvfrm
[ 90/716    0s] MovedFromExtractor Library/Bee/artifacts/mvdfrm/UnityEngine.RuntimeInitializeOnLoadManagerInitializerModule.dll_899E1ED57C90C13C.mvfrm
[ 91/716    0s] MovedFromExtractor Library/Bee/artifacts/mvdfrm/UnityEngine.GraphicsStateCollectionSerializerModule.dll_E7337980E038AA60.mvfrm
[ 92/716    0s] MovedFromExtractor Library/Bee/artifacts/mvdfrm/UnityEngine.LocalizationModule.dll_96E241E2BD894FA3.mvfrm
[ 93/716    0s] MovedFromExtractor Library/Bee/artifacts/mvdfrm/UnityEngine.PropertiesModule.dll_AB3E94E86E9C54AD.mvfrm
[ 94/716    0s] MovedFromExtractor Library/Bee/artifacts/mvdfrm/UnityEngine.RenderAs2DModule.dll_EC76576E4DF69EE4.mvfrm
[ 95/716    0s] MovedFromExtractor Library/Bee/artifacts/mvdfrm/UnityEngine.Physics2DModule.dll_9E2940EDCB25EA73.mvfrm
[ 96/716    0s] MovedFromExtractor Library/Bee/artifacts/mvdfrm/UnityEngine.SpriteMaskModule.dll_672FC83A1D2085EB.mvfrm
[ 97/716    0s] MovedFromExtractor Library/Bee/artifacts/mvdfrm/UnityEngine.GridModule.dll_22CDE35DBFB6C550.mvfrm
[ 98/716    0s] MovedFromExtractor Library/Bee/artifacts/mvdfrm/UnityEngine.InputLegacyModule.dll_05FA2D5D9872E7BD.mvfrm
[ 99/716    0s] MovedFromExtractor Library/Bee/artifacts/mvdfrm/UnityEngine.SpriteShapeModule.dll_8E163F99B62369D6.mvfrm
[100/716    0s] MovedFromExtractor Library/Bee/artifacts/mvdfrm/UnityEngine.IMGUIModule.dll_356A07E787870031.mvfrm
[101/716    0s] MovedFromExtractor Library/Bee/artifacts/mvdfrm/UnityEngine.MarshallingModule.dll_1D1DB0D3E4A95F1E.mvfrm
[102/716    0s] MovedFromExtractor Library/Bee/artifacts/mvdfrm/UnityEngine.StreamingModule.dll_06183E4D79B0AA1C.mvfrm
[103/716    0s] MovedFromExtractor Library/Bee/artifacts/mvdfrm/UnityEngine.SubstanceModule.dll_E2C35296C503A82A.mvfrm
[104/716    0s] MovedFromExtractor Library/Bee/artifacts/mvdfrm/UnityEngine.SubsystemsModule.dll_D1DD2E9BEB686DFE.mvfrm
[105/716    0s] WriteText Library/Bee/artifacts/1900b0aE.dag/UnityEngine.UI.UnityAdditionalFile.txt
[106/716    0s] WriteText Library/Bee/artifacts/1900b0aE.dag/UnityEngine.UI.rsp2
[107/716    0s] WriteText Library/Bee/artifacts/1900b0aE.dag/UnityEngine.TestRunner.dll.mvfrm.rsp
[108/716    0s] WriteText Library/Bee/artifacts/1900b0aE.dag/UnityEngine.TestRunner.rsp
[109/716    0s] MovedFromExtractor Library/Bee/artifacts/mvdfrm/UnityEngine.TerrainModule.dll_704AA7C9C0B70A0F.mvfrm
[110/716    0s] MovedFromExtractor Library/Bee/artifacts/mvdfrm/UnityEngine.TerrainPhysicsModule.dll_2C0B12C76E49DAAC.mvfrm
[111/716    0s] WriteText Library/Bee/artifacts/1900b0aE.dag/UnityEditor.TestRunner.UnityAdditionalFile.txt
[112/716    0s] WriteText Library/Bee/artifacts/1900b0aE.dag/UnityEditor.TestRunner.rsp2
[113/716    0s] MovedFromExtractor Library/Bee/artifacts/mvdfrm/UnityEngine.TLSModule.dll_F122C070F33061B5.mvfrm
[114/716    0s] WriteText Library/Bee/artifacts/1900b0aE.dag/UnityEngine.UI.dll.mvfrm.rsp
[115/716    0s] WriteText Library/Bee/artifacts/1900b0aE.dag/UnityEngine.UI.rsp
[116/716    0s] MovedFromExtractor Library/Bee/artifacts/mvdfrm/UnityEngine.TilemapModule.dll_0F470F4AD873EB18.mvfrm
[117/716    0s] MovedFromExtractor Library/Bee/artifacts/mvdfrm/UnityEngine.TextCoreFontEngineModule.dll_B7DF7158623F08B7.mvfrm
[118/716    0s] MovedFromExtractor Library/Bee/artifacts/mvdfrm/UnityEngine.UIModule.dll_B08E405CE25DDE6E.mvfrm
[119/716    0s] WriteText Library/Bee/artifacts/1900b0aE.dag/UnityEditor.TestRunner.dll.mvfrm.rsp
[120/716    0s] WriteText Library/Bee/artifacts/1900b0aE.dag/UnityEditor.TestRunner.rsp
[121/716    0s] WriteText Library/Bee/artifacts/1900b0aE.dag/UnityEditor.UI.UnityAdditionalFile.txt
[122/716    0s] WriteText Library/Bee/artifacts/1900b0aE.dag/UnityEditor.UI.rsp2
[123/716    0s] WriteText Library/Bee/artifacts/1900b0aE.dag/UnityEditor.UI.dll.mvfrm.rsp
[124/716    0s] WriteText Library/Bee/artifacts/1900b0aE.dag/UnityEditor.UI.rsp
[125/716    0s] WriteText Library/Bee/artifacts/1900b0aE.dag/Unity.Burst.UnityAdditionalFile.txt
[126/716    0s] WriteText Library/Bee/artifacts/1900b0aE.dag/Unity.Burst.rsp2
[127/716    0s] WriteText Library/Bee/artifacts/1900b0aE.dag/Unity.Mathematics.rsp2
[128/716    0s] WriteText Library/Bee/artifacts/1900b0aE.dag/Unity.Mathematics.UnityAdditionalFile.txt
[129/716    0s] MovedFromExtractor Library/Bee/artifacts/mvdfrm/UnityEngine.TextCoreTextEngineModule.dll_FFC7A7C9F1C2C1D5.mvfrm
[130/716    0s] WriteText Library/Bee/artifacts/1900b0aE.dag/Unity.Burst.dll.mvfrm.rsp
[131/716    0s] WriteText Library/Bee/artifacts/1900b0aE.dag/Unity.Burst.rsp
[132/716    0s] WriteText Library/Bee/artifacts/1900b0aE.dag/Unity.Mathematics.dll.mvfrm.rsp
[133/716    0s] WriteText Library/Bee/artifacts/1900b0aE.dag/Unity.Mathematics.rsp
[134/716    0s] WriteText Library/Bee/artifacts/1900b0aE.dag/Unity.Collections.rsp2
[135/716    0s] WriteText Library/Bee/artifacts/1900b0aE.dag/Unity.Collections.UnityAdditionalFile.txt
[136/716    0s] WriteText Library/Bee/artifacts/1900b0aE.dag/Unity.InputSystem.UnityAdditionalFile.txt
[137/716    0s] WriteText Library/Bee/artifacts/1900b0aE.dag/Unity.InputSystem.rsp2
[138/716    0s] WriteText Library/Bee/artifacts/1900b0aE.dag/Unity.Collections.dll.mvfrm.rsp
[139/716    0s] WriteText Library/Bee/artifacts/1900b0aE.dag/Unity.Collections.rsp
[140/716    0s] WriteText Library/Bee/artifacts/1900b0aE.dag/Unity.InputSystem.dll.mvfrm.rsp
[141/716    0s] WriteText Library/Bee/artifacts/1900b0aE.dag/Unity.InputSystem.rsp
[142/716    0s] WriteText Library/Bee/artifacts/1900b0aE.dag/Unity.RenderPipelines.Core.Runtime.rsp2
[143/716    0s] WriteText Library/Bee/artifacts/1900b0aE.dag/Unity.RenderPipelines.Core.Runtime.UnityAdditionalFile.txt
[144/716    0s] WriteText Library/Bee/artifacts/1900b0aE.dag/Unity.Collections.CodeGen.rsp2
[145/716    0s] WriteText Library/Bee/artifacts/1900b0aE.dag/Unity.Burst.CodeGen.UnityAdditionalFile.txt
[146/716    0s] WriteText Library/Bee/artifacts/1900b0aE.dag/Unity.Burst.CodeGen.rsp2
[147/716    0s] WriteText Library/Bee/artifacts/1900b0aE.dag/Unity.Collections.CodeGen.UnityAdditionalFile.txt
[148/716    0s] WriteText Library/Bee/artifacts/1900b0aE.dag/Unity.RenderPipelines.Core.Runtime.dll.mvfrm.rsp
[149/716    0s] WriteText Library/Bee/artifacts/1900b0aE.dag/Unity.RenderPipelines.Core.Runtime.rsp
[150/716    0s] WriteText Library/Bee/artifacts/1900b0aE.dag/Unity.RenderPipelines.GPUDriven.Runtime.rsp2
[151/716    0s] WriteText Library/Bee/artifacts/1900b0aE.dag/Unity.RenderPipelines.GPUDriven.Runtime.UnityAdditionalFile.txt
[152/716    0s] MovedFromExtractor Library/Bee/artifacts/mvdfrm/UnityEngine.UnityConnectModule.dll_C65886896F0D8A8F.mvfrm
[153/716    0s] WriteText Library/Bee/artifacts/1900b0aE.dag/Unity.UnifiedRayTracing.Runtime.rsp2
[154/716    0s] WriteText Library/Bee/artifacts/1900b0aE.dag/Unity.UnifiedRayTracing.Runtime.UnityAdditionalFile.txt
[155/716    0s] WriteText Library/Bee/artifacts/1900b0aE.dag/Unity.RenderPipelines.Core.Runtime.Shared.UnityAdditionalFile.txt
[156/716    0s] WriteText Library/Bee/artifacts/1900b0aE.dag/Unity.RenderPipelines.Core.Runtime.Shared.rsp2
[157/716    0s] WriteText Library/Bee/artifacts/1900b0aE.dag/Unity.RenderPipeline.Universal.ShaderLibrary.UnityAdditionalFile.txt
[158/716    0s] WriteText Library/Bee/artifacts/1900b0aE.dag/Unity.RenderPipeline.Universal.ShaderLibrary.rsp2
[159/716    0s] MovedFromExtractor Library/Bee/artifacts/mvdfrm/UnityEngine.UnityAnalyticsModule.dll_4B2FDABE012E321B.mvfrm
[160/716    0s] MovedFromExtractor Library/Bee/artifacts/mvdfrm/UnityEngine.UnityCurlModule.dll_849FF22E9A3CE4CB.mvfrm
[161/716    0s] MovedFromExtractor Library/Bee/artifacts/mvdfrm/UnityEngine.VFXModule.dll_720158DFC99DCB22.mvfrm
[162/716    0s] MovedFromExtractor Library/Bee/artifacts/mvdfrm/UnityEngine.XRModule.dll_361F29E70D52B144.mvfrm
[163/716    0s] WriteText Library/Bee/artifacts/1900b0aE.dag/Unity.Collections.CodeGen.dll.mvfrm.rsp
[164/716    0s] MovedFromExtractor Library/Bee/artifacts/mvdfrm/UnityEditor.AccessibilityModule.dll_CFDBC7FBFE62DF13.mvfrm
[165/716    0s] MovedFromExtractor Library/Bee/artifacts/mvdfrm/UnityEngine.TextRenderingModule.dll_FF5B62EF423A6F19.mvfrm
[166/716    0s] WriteText Library/Bee/artifacts/1900b0aE.dag/Unity.Burst.CodeGen.dll.mvfrm.rsp
[167/716    0s] WriteText Library/Bee/artifacts/1900b0aE.dag/Unity.RenderPipelines.Universal.Config.Runtime.rsp2
[168/716    0s] WriteText Library/Bee/artifacts/1900b0aE.dag/Unity.RenderPipelines.Universal.Config.Runtime.UnityAdditionalFile.txt
[169/716    0s] MovedFromExtractor Library/Bee/artifacts/mvdfrm/UnityEngine.VRModule.dll_036066E2841863E6.mvfrm
[170/716    0s] WriteText Library/Bee/artifacts/1900b0aE.dag/Unity.Burst.CodeGen.rsp
[171/716    0s] MovedFromExtractor Library/Bee/artifacts/mvdfrm/UnityEngine.UnityWebRequestWWWModule.dll_CA89ED25E1827E41.mvfrm
[172/716    0s] WriteText Library/Bee/artifacts/1900b0aE.dag/Unity.Collections.CodeGen.rsp
[173/716    0s] WriteText Library/Bee/artifacts/1900b0aE.dag/Unity.RenderPipelines.GPUDriven.Runtime.dll.mvfrm.rsp
[174/716    0s] WriteText Library/Bee/artifacts/1900b0aE.dag/Unity.RenderPipelines.GPUDriven.Runtime.rsp
[175/716    0s] MovedFromExtractor Library/Bee/artifacts/mvdfrm/UnityEngine.WindModule.dll_BBABA2983898ADC2.mvfrm
[176/716    0s] WriteText Library/Bee/artifacts/1900b0aE.dag/Unity.UnifiedRayTracing.Runtime.dll.mvfrm.rsp
[177/716    0s] MovedFromExtractor Library/Bee/artifacts/mvdfrm/UnityEngine.UnityWebRequestAssetBundleModule.dll_4503EC05A345F12C.mvfrm
[178/716    0s] WriteText Library/Bee/artifacts/1900b0aE.dag/Unity.InternalAPIEngineBridge.004.UnityAdditionalFile.txt
[179/716    0s] WriteText Library/Bee/artifacts/1900b0aE.dag/Unity.InternalAPIEngineBridge.004.rsp2
[180/716    0s] MovedFromExtractor Library/Bee/artifacts/mvdfrm/UnityEngine.VectorGraphicsModule.dll_C2D7A028E70D5668.mvfrm
[181/716    0s] WriteText Library/Bee/artifacts/1900b0aE.dag/Unity.RenderPipelines.Core.Runtime.Shared.dll.mvfrm.rsp
[182/716    0s] MovedFromExtractor Library/Bee/artifacts/mvdfrm/UnityEngine.UnityWebRequestTextureModule.dll_15A8E036EB099385.mvfrm
[183/716    0s] WriteText Library/Bee/artifacts/1900b0aE.dag/Unity.RenderPipelines.Core.Runtime.Shared.rsp
[184/716    0s] WriteText Library/Bee/artifacts/1900b0aE.dag/Unity.UnifiedRayTracing.Runtime.rsp
[185/716    0s] WriteText Library/Bee/artifacts/1900b0aE.dag/Unity.RenderPipeline.Universal.ShaderLibrary.dll.mvfrm.rsp
[186/716    0s] WriteText Library/Bee/artifacts/1900b0aE.dag/Unity.RenderPipeline.Universal.ShaderLibrary.rsp
[187/716    0s] WriteText Library/Bee/artifacts/1900b0aE.dag/Unity.RenderPipelines.Universal.Config.Runtime.dll.mvfrm.rsp
[188/716    0s] WriteText Library/Bee/artifacts/1900b0aE.dag/Unity.RenderPipelines.Universal.Config.Runtime.rsp
[189/716    0s] WriteText Library/Bee/artifacts/1900b0aE.dag/Unity.RenderPipelines.Universal.Runtime.UnityAdditionalFile.txt
[190/716    0s] WriteText Library/Bee/artifacts/1900b0aE.dag/Unity.RenderPipelines.Universal.Runtime.rsp2
[191/716    0s] WriteText Library/Bee/artifacts/1900b0aE.dag/Unity.InternalAPIEngineBridge.004.dll.mvfrm.rsp
[192/716    0s] WriteText Library/Bee/artifacts/1900b0aE.dag/Unity.InternalAPIEngineBridge.004.rsp
[193/716    0s] MovedFromExtractor Library/Bee/artifacts/mvdfrm/UnityEngine.VehiclesModule.dll_8B7B5919F9E8DB51.mvfrm
[194/716    0s] WriteText Library/Bee/artifacts/1900b0aE.dag/Unity.TextMeshPro.UnityAdditionalFile.txt
[195/716    0s] WriteText Library/Bee/artifacts/1900b0aE.dag/Unity.TextMeshPro.rsp2
[196/716    0s] WriteText Library/Bee/artifacts/1900b0aE.dag/Unity.RenderPipelines.Universal.Runtime.dll.mvfrm.rsp
[197/716    0s] WriteResponseFile Library/Bee/artifacts/rsp/4747638433968585886.rsp
[198/716    0s] WriteText Library/Bee/artifacts/1900b0aE.dag/Unity.RenderPipelines.Universal.Runtime.rsp
[199/716    0s] WriteText Library/Bee/artifacts/1900b0aE.dag/Unity.RenderPipelines.Core.Editor.UnityAdditionalFile.txt
[200/716    0s] WriteText Library/Bee/artifacts/1900b0aE.dag/Unity.RenderPipelines.Core.Editor.rsp2
[201/716    0s] WriteText Library/Bee/artifacts/1900b0aE.dag/Unity.TextMeshPro.rsp
[202/716    0s] WriteText Library/Bee/artifacts/1900b0aE.dag/Unity.RenderPipelines.Core.Editor.dll.mvfrm.rsp
[203/716    0s] WriteText Library/Bee/artifacts/1900b0aE.dag/Unity.TextMeshPro.dll.mvfrm.rsp
[204/716    0s] WriteText Library/Bee/artifacts/1900b0aE.dag/Unity.RenderPipelines.Core.Editor.rsp
[205/716    0s] WriteText Library/Bee/artifacts/1900b0aE.dag/Unity.Searcher.Editor.rsp2
[206/716    0s] WriteText Library/Bee/artifacts/1900b0aE.dag/Unity.Searcher.Editor.UnityAdditionalFile.txt
[207/716    0s] WriteText Library/Bee/artifacts/1900b0aE.dag/Unity.ShaderGraph.Utilities.UnityAdditionalFile.txt
[208/716    0s] WriteText Library/Bee/artifacts/1900b0aE.dag/Adapter.Unity.UnityAdditionalFile.txt
[209/716    0s] WriteText Library/Bee/artifacts/1900b0aE.dag/Unity.ShaderGraph.Utilities.rsp2
[210/716    0s] WriteText Library/Bee/artifacts/1900b0aE.dag/Unity.Searcher.Editor.dll.mvfrm.rsp
[211/716    0s] WriteText Library/Bee/artifacts/1900b0aE.dag/Adapter.Unity.rsp2
[212/716    0s] WriteText Library/Bee/artifacts/1900b0aE.dag/Unity.ShaderGraph.Utilities.dll.mvfrm.rsp
[213/716    0s] WriteText Library/Bee/artifacts/1900b0aE.dag/Unity.Searcher.Editor.rsp
[214/716    0s] WriteText Library/Bee/artifacts/1900b0aE.dag/Unity.ShaderGraph.Utilities.rsp
[215/716    0s] WriteText Library/Bee/artifacts/1900b0aE.dag/Unity.RenderPipelines.Universal.2D.Runtime.UnityAdditionalFile.txt
[216/716    0s] WriteText Library/Bee/artifacts/1900b0aE.dag/Unity.RenderPipelines.Universal.2D.Runtime.rsp2
[217/716    0s] WriteText Library/Bee/artifacts/1900b0aE.dag/Unity.Mathematics.Editor.rsp2
[218/716    0s] WriteText Library/Bee/artifacts/1900b0aE.dag/Unity.RenderPipelines.Core.Editor.Shared.UnityAdditionalFile.txt
[219/716    0s] WriteText Library/Bee/artifacts/1900b0aE.dag/Unity.RenderPipelines.Core.Editor.Shared.rsp2
[220/716    0s] WriteText Library/Bee/artifacts/1900b0aE.dag/Unity.ShaderGraph.Editor.UnityAdditionalFile.txt
[221/716    0s] MovedFromExtractor Library/Bee/artifacts/mvdfrm/UnityEngine.UnityWebRequestModule.dll_39F9574B09F222EA.mvfrm
[222/716    0s] WriteText Library/Bee/artifacts/1900b0aE.dag/Unity.Burst.Editor.UnityAdditionalFile.txt
[223/716    0s] WriteText Library/Bee/artifacts/1900b0aE.dag/Unity.ShaderGraph.Editor.rsp2
[224/716    0s] WriteText Library/Bee/artifacts/1900b0aE.dag/Unity.Mathematics.Editor.UnityAdditionalFile.txt
[225/716    0s] WriteText Library/Bee/artifacts/1900b0aE.dag/Unity.Burst.Editor.rsp2
[226/716    0s] WriteText Library/Bee/artifacts/1900b0aE.dag/Unity.RenderPipelines.Core.Editor.Shared.dll.mvfrm.rsp
[227/716    0s] WriteText Library/Bee/artifacts/1900b0aE.dag/Unity.RenderPipelines.Universal.2D.Runtime.dll.mvfrm.rsp
[228/716    0s] WriteText Library/Bee/artifacts/1900b0aE.dag/Unity.Burst.Editor.dll.mvfrm.rsp
[229/716    0s] WriteText Library/Bee/artifacts/1900b0aE.dag/Unity.Mathematics.Editor.dll.mvfrm.rsp
[230/716    0s] WriteText Library/Bee/artifacts/1900b0aE.dag/Unity.RenderPipelines.Universal.2D.Runtime.rsp
[231/716    0s] WriteText Library/Bee/artifacts/1900b0aE.dag/Adapter.Unity.dll.mvfrm.rsp
[232/716    0s] WriteText Library/Bee/artifacts/1900b0aE.dag/Unity.ShaderGraph.Editor.dll.mvfrm.rsp
[233/716    0s] WriteText Library/Bee/artifacts/1900b0aE.dag/Unity.Mathematics.Editor.rsp
[234/716    0s] WriteText Library/Bee/artifacts/1900b0aE.dag/Unity.ShaderGraph.Editor.rsp
[235/716    0s] WriteText Library/Bee/artifacts/1900b0aE.dag/Unity.RenderPipelines.Core.Editor.Shared.rsp
[236/716    0s] WriteText Library/Bee/artifacts/1900b0aE.dag/Unity.Burst.Editor.rsp
[237/716    0s] WriteText Library/Bee/artifacts/1900b0aE.dag/Adapter.Unity.rsp
[238/716    0s] WriteText Library/Bee/artifacts/1900b0aE.dag/Unity.RenderPipelines.Universal.Editor.rsp2
[239/716    0s] WriteText Library/Bee/artifacts/1900b0aE.dag/Unity.RenderPipelines.Universal.Editor.UnityAdditionalFile.txt
[240/716    0s] WriteText Library/Bee/artifacts/1900b0aE.dag/Game.Template.UnityAdditionalFile.txt
[241/716    0s] WriteText Library/Bee/artifacts/1900b0aE.dag/Game.Template.rsp2
[242/716    0s] WriteText Library/Bee/artifacts/1900b0aE.dag/Unity.RenderPipelines.Universal.Editor.dll.mvfrm.rsp
[243/716    0s] WriteText Library/Bee/artifacts/1900b0aE.dag/Unity.InputSystem.ForUI.UnityAdditionalFile.txt
[244/716    0s] WriteText Library/Bee/artifacts/1900b0aE.dag/Unity.InputSystem.ForUI.rsp2
[245/716    0s] WriteText Library/Bee/artifacts/1900b0aE.dag/Unity.PerformanceTesting.UnityAdditionalFile.txt
[246/716    0s] WriteText Library/Bee/artifacts/1900b0aE.dag/Unity.PerformanceTesting.rsp2
[247/716    0s] WriteText Library/Bee/artifacts/1900b0aE.dag/Unity.InputSystem.ForUI.dll.mvfrm.rsp
[248/716    0s] WriteText Library/Bee/artifacts/1900b0aE.dag/Adapters.Conformance.rsp2
[249/716    0s] WriteText Library/Bee/artifacts/1900b0aE.dag/Unity.RenderPipelines.Universal.Editor.rsp
[250/716    0s] WriteText Library/Bee/artifacts/1900b0aE.dag/Adapters.Conformance.UnityAdditionalFile.txt
[251/716    0s] WriteText Library/Bee/artifacts/1900b0aE.dag/Unity.PerformanceTesting.dll.mvfrm.rsp
[252/716    0s] WriteText Library/Bee/artifacts/1900b0aE.dag/Game.Template.dll.mvfrm.rsp
[253/716    0s] WriteText Library/Bee/artifacts/1900b0aE.dag/Unity.InputSystem.ForUI.rsp
[254/716    0s] WriteText Library/Bee/artifacts/1900b0aE.dag/Unity.PerformanceTesting.rsp
[255/716    0s] WriteText Library/Bee/artifacts/1900b0aE.dag/Adapters.Conformance.dll.mvfrm.rsp
[256/716    0s] WriteText Library/Bee/artifacts/1900b0aE.dag/Adapters.Conformance.rsp
[257/716    0s] WriteText Library/Bee/artifacts/1900b0aE.dag/Unity.InputSystem.TestFramework.dll.mvfrm.rsp
[258/716    0s] WriteText Library/Bee/artifacts/1900b0aE.dag/Game.Template.rsp
[259/716    0s] WriteText Library/Bee/artifacts/1900b0aE.dag/Adapter.Unity.Tests.Runtime.dll.mvfrm.rsp
[260/716    0s] WriteText Library/Bee/artifacts/1900b0aE.dag/Unity.RenderPipelines.ShaderGraph.ShaderGraphLibrary.dll.mvfrm.rsp
[261/716    0s] WriteText Library/Bee/artifacts/1900b0aE.dag/Unity.RenderPipelines.Core.ShaderLibrary.dll.mvfrm.rsp
[262/716    0s] WriteText Library/Bee/artifacts/1900b0aE.dag/Unity.RenderPipelines.Universal.Shaders.dll.mvfrm.rsp
[263/716    0s] WriteText Library/Bee/artifacts/1900b0aE.dag/Game.Template.Tests.dll.mvfrm.rsp
[264/716    0s] WriteText Library/Bee/artifacts/1900b0aE.dag/Unity.Rendering.LightTransport.Editor.dll.mvfrm.rsp
[265/716    0s] WriteText Library/Bee/artifacts/1900b0aE.dag/Unity.InputSystem.ForUI.Editor.dll.mvfrm.rsp
[266/716    0s] WriteText Library/Bee/artifacts/1900b0aE.dag/Unity.InputSystem.TestFramework.UnityAdditionalFile.txt
[267/716    0s] WriteText Library/Bee/artifacts/1900b0aE.dag/Unity.RenderPipelines.Core.ShaderLibrary.UnityAdditionalFile.txt
[268/716    0s] WriteText Library/Bee/artifacts/1900b0aE.dag/Unity.RenderPipelines.Core.ShaderLibrary.rsp2
[269/716    0s] WriteText Library/Bee/artifacts/1900b0aE.dag/Unity.RenderPipelines.ShaderGraph.ShaderGraphLibrary.UnityAdditionalFile.txt
[270/716    0s] WriteText Library/Bee/artifacts/1900b0aE.dag/Unity.RenderPipelines.ShaderGraph.ShaderGraphLibrary.rsp2
[271/716    0s] WriteText Library/Bee/artifacts/1900b0aE.dag/Unity.RenderPipelines.Universal.Shaders.UnityAdditionalFile.txt
[272/716    0s] WriteText Library/Bee/artifacts/1900b0aE.dag/Unity.RenderPipelines.Universal.Shaders.rsp2
[273/716    0s] WriteText Library/Bee/artifacts/1900b0aE.dag/Unity.InputSystem.DocCodeSamples.dll.mvfrm.rsp
[274/716    0s] WriteText Library/Bee/artifacts/1900b0aE.dag/Unity.PerformanceTesting.Editor.dll.mvfrm.rsp
[275/716    0s] WriteText Library/Bee/artifacts/1900b0aE.dag/Unity.Collections.Editor.dll.mvfrm.rsp
[276/716    0s] MovedFromExtractor Library/Bee/artifacts/mvdfrm/UnityEngine.VideoModule.dll_2213ECEB83E787F5.mvfrm
[277/716    0s] WriteText Library/Bee/artifacts/1900b0aE.dag/UnityEditor.UI.Analytics.dll.mvfrm.rsp
[278/716    0s] WriteText Library/Bee/artifacts/1900b0aE.dag/Unity.TextMeshPro.Editor.dll.mvfrm.rsp
[279/716    0s] WriteText Library/Bee/artifacts/1900b0aE.dag/PPv2URPConverters.dll.mvfrm.rsp
[280/716    0s] WriteText Library/Bee/artifacts/1900b0aE.dag/Adapter.Unity.Tests.Editor.dll.mvfrm.rsp
[281/716    0s] WriteText Library/Bee/artifacts/1900b0aE.dag/Adapter.Unity.Tests.Runtime.UnityAdditionalFile.txt
[282/716    0s] WriteText Library/Bee/artifacts/1900b0aE.dag/Adapter.Unity.Tests.Runtime.rsp2
[283/716    0s] WriteText Library/Bee/artifacts/1900b0aE.dag/GreyBoxTools.dll.mvfrm.rsp
[284/716    0s] WriteText Library/Bee/artifacts/1900b0aE.dag/Adapter.Unity.Editor.dll.mvfrm.rsp
[285/716    0s] WriteText Library/Bee/artifacts/1900b0aE.dag/Game.Template.Editor.dll.mvfrm.rsp
[286/716    0s] WriteText Library/Bee/artifacts/1900b0aE.dag/Unity.RenderPipelines.Universal.2D.Editor.Overrides.dll.mvfrm.rsp
[287/716    0s] WriteText Library/Bee/artifacts/1900b0aE.dag/Game.Template.Tests.UnityAdditionalFile.txt
[288/716    0s] WriteText Library/Bee/artifacts/1900b0aE.dag/Game.Template.EditorTests.dll.mvfrm.rsp
[289/716    0s] WriteText Library/Bee/artifacts/1900b0aE.dag/Unity.2D.Sprite.Editor.dll.mvfrm.rsp
[290/716    0s] WriteText Library/Bee/artifacts/1900b0aE.dag/Game.Template.Tests.rsp2
[291/716    0s] WriteText Library/Bee/artifacts/1900b0aE.dag/Unity.InputSystem.ForUI.Editor.rsp2
[292/716    0s] WriteText Library/Bee/artifacts/1900b0aE.dag/UnityEditor.UI.Analytics.UnityAdditionalFile.txt
[293/716    0s] WriteText Library/Bee/artifacts/1900b0aE.dag/Unity.InputSystem.TestFramework.rsp2
[294/716    0s] WriteText Library/Bee/artifacts/1900b0aE.dag/Unity.TextMeshPro.Editor.UnityAdditionalFile.txt
[295/716    0s] WriteText Library/Bee/artifacts/1900b0aE.dag/Unity.InputSystem.DocCodeSamples.rsp2
[296/716    0s] WriteText Library/Bee/artifacts/1900b0aE.dag/Unity.TextMeshPro.Editor.rsp2
[297/716    0s] WriteText Library/Bee/artifacts/1900b0aE.dag/Unity.Rendering.LightTransport.Editor.rsp2
[298/716    0s] WriteText Library/Bee/artifacts/1900b0aE.dag/Unity.2D.Sprite.Editor.rsp2
[299/716    0s] WriteText Library/Bee/artifacts/1900b0aE.dag/UnityEditor.UI.Analytics.rsp2
[300/716    0s] WriteText Library/Bee/artifacts/1900b0aE.dag/Game.Template.Tests.rsp
[301/716    0s] WriteText Library/Bee/artifacts/1900b0aE.dag/Game.Template.Editor.rsp2
[302/716    0s] WriteText Library/Bee/artifacts/1900b0aE.dag/Unity.2D.Sprite.Editor.UnityAdditionalFile.txt
[303/716    0s] WriteText Library/Bee/artifacts/1900b0aE.dag/Unity.Rendering.LightTransport.Editor.UnityAdditionalFile.txt
[304/716    0s] WriteText Library/Bee/artifacts/1900b0aE.dag/Game.Template.EditorTests.UnityAdditionalFile.txt
[305/716    0s] WriteText Library/Bee/artifacts/1900b0aE.dag/Unity.RenderPipelines.Universal.Shaders.rsp
[306/716    0s] WriteText Library/Bee/artifacts/1900b0aE.dag/Adapter.Unity.Tests.Editor.UnityAdditionalFile.txt
[307/716    0s] WriteText Library/Bee/artifacts/1900b0aE.dag/Unity.InputSystem.DocCodeSamples.UnityAdditionalFile.txt
[308/716    0s] WriteText Library/Bee/artifacts/1900b0aE.dag/Adapter.Unity.Tests.Editor.rsp2
[309/716    0s] WriteText Library/Bee/artifacts/1900b0aE.dag/Unity.RenderPipelines.ShaderGraph.ShaderGraphLibrary.rsp
[310/716    0s] WriteText Library/Bee/artifacts/1900b0aE.dag/Unity.InputSystem.TestFramework.rsp
[311/716    0s] WriteText Library/Bee/artifacts/1900b0aE.dag/Unity.PerformanceTesting.Editor.UnityAdditionalFile.txt
[312/716    0s] WriteText Library/Bee/artifacts/1900b0aE.dag/Unity.Collections.Editor.rsp2
[313/716    0s] WriteText Library/Bee/artifacts/1900b0aE.dag/Unity.InputSystem.ForUI.Editor.UnityAdditionalFile.txt
[314/716    0s] WriteText Library/Bee/artifacts/1900b0aE.dag/PPv2URPConverters.UnityAdditionalFile.txt
[315/716    0s] WriteText Library/Bee/artifacts/1900b0aE.dag/Game.Template.EditorTests.rsp2
[316/716    0s] WriteText Library/Bee/artifacts/1900b0aE.dag/Adapter.Unity.Tests.Runtime.rsp
[317/716    0s] WriteText Library/Bee/artifacts/1900b0aE.dag/PPv2URPConverters.rsp2
[318/716    0s] WriteText Library/Bee/artifacts/1900b0aE.dag/GreyBoxTools.UnityAdditionalFile.txt
[319/716    0s] WriteText Library/Bee/artifacts/1900b0aE.dag/GreyBoxTools.rsp2
[320/716    0s] WriteText Library/Bee/artifacts/1900b0aE.dag/Unity.PerformanceTesting.Editor.rsp2
[321/716    0s] WriteText Library/Bee/artifacts/1900b0aE.dag/Unity.RenderPipelines.Universal.2D.Editor.Overrides.rsp2
[322/716    0s] WriteText Library/Bee/artifacts/1900b0aE.dag/Unity.RenderPipelines.Universal.2D.Editor.Overrides.UnityAdditionalFile.txt
[323/716    0s] WriteText Library/Bee/artifacts/1900b0aE.dag/Adapter.Unity.Editor.UnityAdditionalFile.txt
[324/716    0s] WriteText Library/Bee/artifacts/1900b0aE.dag/Unity.RenderPipelines.Core.ShaderLibrary.rsp
[325/716    0s] WriteText Library/Bee/artifacts/1900b0aE.dag/Unity.Collections.Editor.UnityAdditionalFile.txt
[326/716    0s] WriteText Library/Bee/artifacts/1900b0aE.dag/Adapter.Unity.Editor.rsp2
[327/716    0s] WriteText Library/Bee/artifacts/1900b0aE.dag/Game.Template.Editor.UnityAdditionalFile.txt
[328/716    0s] WriteText Library/Bee/artifacts/1900b0aE.dag/UnityEditor.UI.Analytics.rsp
[329/716    0s] WriteText Library/Bee/artifacts/1900b0aE.dag/Unity.2D.Sprite.Editor.rsp
[330/716    0s] WriteText Library/Bee/artifacts/1900b0aE.dag/Unity.VisualStudio.Editor.rsp2
[331/716    0s] WriteText Library/Bee/artifacts/1900b0aE.dag/Unity.TextMeshPro.Editor.rsp
[332/716    0s] WriteText Library/Bee/artifacts/1900b0aE.dag/Unity.InputSystem.DocCodeSamples.rsp
[333/716    0s] WriteText Library/Bee/artifacts/1900b0aE.dag/Unity.VisualStudio.Editor.UnityAdditionalFile.txt
[334/716    0s] WriteText Library/Bee/artifacts/1900b0aE.dag/Unity.VisualStudio.Editor.dll.mvfrm.rsp
[335/716    0s] WriteText Library/Bee/artifacts/1900b0aE.dag/Unity.PerformanceTesting.Editor.rsp
[336/716    0s] WriteResponseFile Library/Bee/artifacts/rsp/13909235412005675431.rsp
[337/716    0s] WriteText Library/Bee/artifacts/1900b0aE.dag/Game.Template.Editor.rsp
[338/716    0s] WriteText Library/Bee/artifacts/1900b0aE.dag/Unity.RenderPipelines.Universal.2D.Editor.Overrides.rsp
[339/716    0s] WriteResponseFile Library/Bee/artifacts/rsp/9870516708743257357.rsp
[340/716    0s] WriteText Library/Bee/artifacts/1900b0aE.dag/Unity.Rendering.LightTransport.Editor.rsp
[341/716    0s] WriteResponseFile Library/Bee/artifacts/rsp/5803490648119114145.rsp
[342/716    0s] WriteResponseFile Library/Bee/artifacts/rsp/18218310762646611085.rsp
[343/716    0s] WriteText Library/Bee/artifacts/1900b0aE.dag/Unity.Collections.Editor.rsp
[344/716    0s] WriteText Library/Bee/artifacts/1900b0aE.dag/Unity.InputSystem.ForUI.Editor.rsp
[345/716    0s] WriteResponseFile Library/Bee/artifacts/rsp/2897256077774953845.rsp
[346/716    0s] WriteText Library/Bee/artifacts/1900b0aE.dag/GreyBoxTools.rsp
[347/716    0s] WriteResponseFile Library/Bee/artifacts/rsp/11463547669577746282.rsp
[348/716    0s] WriteText Library/Bee/artifacts/1900b0aE.dag/Adapter.Unity.Editor.rsp
[349/716    0s] WriteText Library/Bee/artifacts/1900b0aE.dag/PPv2URPConverters.rsp
[350/716    0s] WriteResponseFile Library/Bee/artifacts/rsp/5916180605834378387.rsp
[351/716    0s] WriteResponseFile Library/Bee/artifacts/rsp/4014436084419441659.rsp
[352/716    0s] WriteResponseFile Library/Bee/artifacts/rsp/15456436376416903285.rsp
[353/716    0s] WriteResponseFile Library/Bee/artifacts/rsp/11294775302662683298.rsp
[354/716    0s] WriteResponseFile Library/Bee/artifacts/rsp/3064155424177982801.rsp
[355/716    0s] WriteResponseFile Library/Bee/artifacts/rsp/17525389461119239690.rsp
[356/716    0s] WriteResponseFile Library/Bee/artifacts/rsp/10180144607381386477.rsp
[357/716    0s] WriteResponseFile Library/Bee/artifacts/rsp/10397561839769426034.rsp
[358/716    0s] WriteResponseFile Library/Bee/artifacts/rsp/10411718816959651794.rsp
[359/716    0s] WriteResponseFile Library/Bee/artifacts/rsp/15085861467720516389.rsp
[360/716    0s] WriteResponseFile Library/Bee/artifacts/rsp/1418726328684876121.rsp
[361/716    0s] WriteResponseFile Library/Bee/artifacts/rsp/9102420512369396874.rsp
[362/716    0s] WriteResponseFile Library/Bee/artifacts/rsp/10372934172164343767.rsp
[363/716    0s] WriteResponseFile Library/Bee/artifacts/rsp/17346584914308636752.rsp
[364/716    0s] WriteResponseFile Library/Bee/artifacts/rsp/5546506141355401238.rsp
[365/716    0s] WriteResponseFile Library/Bee/artifacts/rsp/10010842633742469623.rsp
[366/716    0s] WriteResponseFile Library/Bee/artifacts/rsp/7606483801609891643.rsp
[367/716    0s] WriteResponseFile Library/Bee/artifacts/rsp/6947401630772442630.rsp
[368/716    0s] WriteResponseFile Library/Bee/artifacts/rsp/2953117779104569460.rsp
[369/716    0s] WriteResponseFile Library/Bee/artifacts/rsp/16010482214437511915.rsp
[370/716    0s] WriteResponseFile Library/Bee/artifacts/rsp/1488387367365330867.rsp
[371/716    0s] WriteResponseFile Library/Bee/artifacts/rsp/1237274906319909237.rsp
[372/716    0s] WriteResponseFile Library/Bee/artifacts/rsp/10292501669419677951.rsp
[373/716    0s] WriteText Library/Bee/artifacts/1900b0aE.dag/Adapter.Unity.Tests.Editor.rsp
[374/716    0s] WriteResponseFile Library/Bee/artifacts/rsp/9703144790800738880.rsp
[375/716    0s] WriteResponseFile Library/Bee/artifacts/rsp/13686715218353603589.rsp
[376/716    0s] WriteText Library/Bee/artifacts/1900b0aE.dag/Unity.VisualStudio.Editor.rsp
[377/716    0s] WriteResponseFile Library/Bee/artifacts/rsp/12900333509587573630.rsp
[378/716    0s] WriteResponseFile Library/Bee/artifacts/rsp/3648465134513896125.rsp
[379/716    0s] WriteResponseFile Library/Bee/artifacts/rsp/5333553965471305675.rsp
[380/716    0s] WriteResponseFile Library/Bee/artifacts/rsp/17296387151066238333.rsp
[381/716    0s] WriteResponseFile Library/Bee/artifacts/rsp/14143353908151758196.rsp
[382/716    0s] WriteResponseFile Library/Bee/artifacts/rsp/2157608619508796868.rsp
[383/716    0s] WriteResponseFile Library/Bee/artifacts/rsp/6262281476893245489.rsp
[384/716    0s] WriteResponseFile Library/Bee/artifacts/rsp/9675442845102135732.rsp
[385/716    0s] WriteResponseFile Library/Bee/artifacts/rsp/16364947785460216017.rsp
[386/716    0s] WriteText Library/Bee/artifacts/1900b0aE.dag/Game.Template.EditorTests.rsp
[387/716    0s] WriteResponseFile Library/Bee/artifacts/rsp/15394042617203071315.rsp
[388/716    0s] WriteResponseFile Library/Bee/artifacts/rsp/12812556936427222528.rsp
[389/716    0s] WriteResponseFile Library/Bee/artifacts/rsp/6841316898876630997.rsp
[390/716    0s] WriteResponseFile Library/Bee/artifacts/rsp/8863518860715653438.rsp
[391/716    0s] WriteResponseFile Library/Bee/artifacts/rsp/14566447020836459352.rsp
[392/716    0s] WriteResponseFile Library/Bee/artifacts/rsp/12248871281822510316.rsp
[393/716    0s] WriteResponseFile Library/Bee/artifacts/rsp/14814235663552238418.rsp
[394/716    0s] WriteResponseFile Library/Bee/artifacts/rsp/15183149355271759364.rsp
[395/716    0s] WriteResponseFile Library/Bee/artifacts/rsp/11820488456832421373.rsp
[396/716    0s] WriteResponseFile Library/Bee/artifacts/rsp/5976299012742571886.rsp
[397/716    0s] MovedFromExtractor Library/Bee/artifacts/mvdfrm/UnityEngine.dll_0110D333E490FAEC.mvfrm
[398/716    0s] MovedFromExtractor Library/Bee/artifacts/mvdfrm/UnityEngine.UmbraModule.dll_77DF14994E7C17C3.mvfrm
[399/716    0s] MovedFromExtractor Library/Bee/artifacts/mvdfrm/UnityEngine.VirtualTexturingModule.dll_18B12EEA1DC754B7.mvfrm
[400/716    0s] MovedFromExtractor Library/Bee/artifacts/mvdfrm/UnityEngine.UnityWebRequestAudioModule.dll_A4C16669CF4827B0.mvfrm
[401/716    0s] MovedFromExtractor Library/Bee/artifacts/mvdfrm/UnityEngine.UnityConsentModule.dll_97FE1DB57C1820DF.mvfrm
[402/716    0s] MovedFromExtractor Library/Bee/artifacts/mvdfrm/UnityEditor.AdaptivePerformanceModule.dll_928B038ABFE5B2FF.mvfrm
[403/716    0s] MovedFromExtractor Library/Bee/artifacts/mvdfrm/UnityEngine.UnityAnalyticsCommonModule.dll_C803CFCF62C5FB76.mvfrm
[404/716    0s] MovedFromExtractor Library/Bee/artifacts/mvdfrm/UnityEngine.UIElementsModule.dll_D61B9003EE94A9F5.mvfrm
[405/716    0s] MovedFromExtractor Library/Bee/artifacts/mvdfrm/UnityEditor.Graphs.dll_7A28B2A35CF1A060.mvfrm
[406/716    0s] MovedFromExtractor Library/Bee/artifacts/mvdfrm/Unity.Collections.LowLevel.ILSupport.dll_406B16A88B2EC3A6.mvfrm
[407/716    0s] MovedFromExtractor Library/Bee/artifacts/mvdfrm/UnityEditor.WindowsStandalone.Extensions.dll_EF379D6F8D20AE52.mvfrm
[408/716    0s] MovedFromExtractor Library/Bee/artifacts/mvdfrm/UnityEngine.NVIDIAModule.dll_8D4FF9FD5818B8E5.mvfrm
[409/716    0s] MovedFromExtractor Library/Bee/artifacts/mvdfrm/UnityEngine.HierarchyModule.dll_2657CC98F32B0EDF.mvfrm
[410/716    0s] MovedFromExtractor Library/Bee/artifacts/mvdfrm/UnityEngine.AMDModule.dll_F292FD0BCBFFE662.mvfrm
[411/716    0s] MovedFromExtractor Library/Bee/artifacts/mvdfrm/Unity.Burst.Unsafe.dll_367F88A078579676.mvfrm
[412/716    0s] MovedFromExtractor Library/Bee/artifacts/mvdfrm/Unity.Burst.Cecil.Pdb.dll_8728889FC6422D0D.mvfrm
[413/716    0s] MovedFromExtractor Library/Bee/artifacts/mvdfrm/Unity.CompilationPipeline.Common.dll_5A3BE2DC545EC71C.mvfrm
[414/716    0s] MovedFromExtractor Library/Bee/artifacts/mvdfrm/Unity.Burst.Cecil.dll_D730C687224B8D0D.mvfrm
[415/716    0s] MovedFromExtractor Library/Bee/artifacts/mvdfrm/Unity.Burst.Cecil.Mdb.dll_6FD61030478D2B8A.mvfrm
[416/716    0s] MovedFromExtractor-Combine Library/Bee/artifacts/1900b0aE.dag/UnityEngine.TestRunner.dll.mvfrm
[417/716    0s] MovedFromExtractor Library/Bee/artifacts/mvdfrm/Unity.Burst.Cecil.Rocks.dll_B7B051B9044B80CD.mvfrm
[418/716    0s] MovedFromExtractor-Combine Library/Bee/artifacts/1900b0aE.dag/UnityEngine.UI.dll.mvfrm
[418/716    0s] Csc Library/Bee/artifacts/1900b0aE.dag/UnityEngine.TestRunner.dll (+2 others) [CacheHit 52a0a136a2bd02bfc53c3e0f7c4770c500000000000000000000000000000005]
[419/716   1788975077s] Csc Library/Bee/artifacts/1900b0aE.dag/UnityEngine.TestRunner.dll (+2 others)
[421/716    0s] CopyFiles Library/ScriptAssemblies/UnityEngine.TestRunner.pdb
[422/716    0s] CopyFiles Library/ScriptAssemblies/UnityEngine.TestRunner.dll
[423/716    0s] MovedFromExtractor Library/Bee/artifacts/mvdfrm/UnityEngine.TestRunner.ref.dll_E55D0F7C63F01D9E.mvfrm
[424/716    0s] MovedFromExtractor-Combine Library/Bee/artifacts/1900b0aE.dag/UnityEditor.TestRunner.dll.mvfrm
[423/716    0s] Csc Library/Bee/artifacts/1900b0aE.dag/UnityEditor.TestRunner.dll (+2 others) [CacheHit 8bc055d4abadabac509415843fff1ed200000000000000000000000000000005]
[425/716   1788975077s] Csc Library/Bee/artifacts/1900b0aE.dag/UnityEditor.TestRunner.dll (+2 others)
[427/716    0s] CopyFiles Library/ScriptAssemblies/UnityEditor.TestRunner.pdb
[428/716    0s] MovedFromExtractor Library/Bee/artifacts/mvdfrm/UnityEditor.TestRunner.ref.dll_193EC4CE382CBFB3.mvfrm
[429/716    0s] CopyFiles Library/ScriptAssemblies/UnityEditor.TestRunner.dll
[430/716    1s] Csc Library/Bee/artifacts/1900b0aE.dag/UnityEngine.UI.dll (+2 others)
[           0s] Csc Library/Bee/artifacts/1900b0aE.dag/UnityEngine.UI.dll (+2 others) [CacheWrite 00000000000000000000000000000005]
[431/716    0s] MovedFromExtractor Library/Bee/artifacts/mvdfrm/UnityEngine.UI.ref.dll_08FEAA520A2EFD60.mvfrm
[432/716    0s] MovedFromExtractor-Combine Library/Bee/artifacts/1900b0aE.dag/UnityEditor.UI.dll.mvfrm
[433/716    0s] Csc Library/Bee/artifacts/1900b0aE.dag/UnityEditor.UI.dll (+2 others)
[           0s] Csc Library/Bee/artifacts/1900b0aE.dag/UnityEditor.UI.dll (+2 others) [CacheWrite 00000000000000000000000000000005]
[434/716    0s] MovedFromExtractor Library/Bee/artifacts/mvdfrm/UnityEditor.UI.ref.dll_4C98D3F7040CD4F5.mvfrm
[435/716    0s] MovedFromExtractor-Combine Library/Bee/artifacts/1900b0aE.dag/Game.Template.EditorTests.dll.mvfrm
[436/716    0s] MovedFromExtractor-Combine Library/Bee/artifacts/1900b0aE.dag/Unity.InputSystem.dll.mvfrm
[437/716    0s] MovedFromExtractor-Combine Library/Bee/artifacts/1900b0aE.dag/Unity.Burst.dll.mvfrm
[438/716    0s] MovedFromExtractor-Combine Library/Bee/artifacts/1900b0aE.dag/Unity.Searcher.Editor.dll.mvfrm
[439/716    0s] MovedFromExtractor-Combine Library/Bee/artifacts/1900b0aE.dag/Unity.PerformanceTesting.dll.mvfrm
[440/716    0s] MovedFromExtractor-Combine Library/Bee/artifacts/1900b0aE.dag/Unity.ShaderGraph.Utilities.dll.mvfrm
[441/716    0s] MovedFromExtractor-Combine Library/Bee/artifacts/1900b0aE.dag/Unity.Mathematics.dll.mvfrm
[442/716    0s] MovedFromExtractor-Combine Library/Bee/artifacts/1900b0aE.dag/Unity.RenderPipelines.ShaderGraph.ShaderGraphLibrary.dll.mvfrm
[443/716    0s] MovedFromExtractor-Combine Library/Bee/artifacts/1900b0aE.dag/Unity.2D.Sprite.Editor.dll.mvfrm
[444/716    0s] MovedFromExtractor-Combine Library/Bee/artifacts/1900b0aE.dag/Unity.RenderPipelines.Core.ShaderLibrary.dll.mvfrm
[445/716    0s] MovedFromExtractor-Combine Library/Bee/artifacts/1900b0aE.dag/Unity.RenderPipelines.Universal.Shaders.dll.mvfrm
[446/716    0s] MovedFromExtractor-Combine Library/Bee/artifacts/1900b0aE.dag/Unity.Rendering.LightTransport.Editor.dll.mvfrm
[447/716    0s] MovedFromExtractor-Combine Library/Bee/artifacts/1900b0aE.dag/Unity.InternalAPIEngineBridge.004.dll.mvfrm
[448/716    0s] MovedFromExtractor-Combine Library/Bee/artifacts/1900b0aE.dag/Adapters.Conformance.dll.mvfrm
[449/716    0s] MovedFromExtractor-Combine Library/Bee/artifacts/1900b0aE.dag/Unity.VisualStudio.Editor.dll.mvfrm
[447/716    0s] Csc Library/Bee/artifacts/1900b0aE.dag/Unity.VisualStudio.Editor.dll (+2 others) [CacheHit 2d0df59d34469c39c2b3436e6a29e2a300000000000000000000000000000005]
[450/716   1788975078s] Csc Library/Bee/artifacts/1900b0aE.dag/Unity.VisualStudio.Editor.dll (+2 others)
[448/716    0s] Csc Library/Bee/artifacts/1900b0aE.dag/Unity.PerformanceTesting.dll (+2 others) [CacheHit 9fe694c823f1af866ca00982e5a176b300000000000000000000000000000005]
[452/716   1788975078s] Csc Library/Bee/artifacts/1900b0aE.dag/Unity.PerformanceTesting.dll (+2 others)
[449/716    0s] Csc Library/Bee/artifacts/1900b0aE.dag/Unity.Burst.dll (+2 others) [CacheHit 50b820c4c21d4087ae9afcf267320ca900000000000000000000000000000005]
[454/716   1788975078s] Csc Library/Bee/artifacts/1900b0aE.dag/Unity.Burst.dll (+2 others)
[456/716    0s] CopyFiles Library/ScriptAssemblies/Unity.VisualStudio.Editor.pdb
[457/716    0s] CopyFiles Library/ScriptAssemblies/Unity.VisualStudio.Editor.dll
[458/716    0s] MovedFromExtractor Library/Bee/artifacts/mvdfrm/Unity.PerformanceTesting.ref.dll_F99DC928B1D72E5E.mvfrm
[459/716    0s] MovedFromExtractor Library/Bee/artifacts/mvdfrm/Unity.Burst.ref.dll_F30DFA20C0DD1968.mvfrm
[460/716    0s] Csc Library/Bee/artifacts/1900b0aE.dag/Unity.Searcher.Editor.dll (+2 others)
[461/716    0s] Csc Library/Bee/artifacts/1900b0aE.dag/Unity.RenderPipelines.ShaderGraph.ShaderGraphLibrary.dll (+2 others)
[462/716    0s] Csc Library/Bee/artifacts/1900b0aE.dag/Unity.RenderPipelines.Core.ShaderLibrary.dll (+2 others)
[463/716    0s] Csc Library/Bee/artifacts/1900b0aE.dag/Unity.ShaderGraph.Utilities.dll (+2 others)
[464/716    0s] Csc Library/Bee/artifacts/1900b0aE.dag/Unity.Rendering.LightTransport.Editor.dll (+2 others)
[465/716    0s] Csc Library/Bee/artifacts/1900b0aE.dag/Unity.RenderPipelines.Universal.Shaders.dll (+2 others)
[           0s] Csc Library/Bee/artifacts/1900b0aE.dag/Unity.Searcher.Editor.dll (+2 others) [CacheWrite 00000000000000000000000000000005]
[466/716    0s] Csc Library/Bee/artifacts/1900b0aE.dag/Unity.InternalAPIEngineBridge.004.dll (+2 others)
[           0s] Csc Library/Bee/artifacts/1900b0aE.dag/Unity.RenderPipelines.ShaderGraph.ShaderGraphLibrary.dll (+2 others) [CacheWrite 00000000000000000000000000000005]
[           0s] Csc Library/Bee/artifacts/1900b0aE.dag/Unity.RenderPipelines.Core.ShaderLibrary.dll (+2 others) [CacheWrite 00000000000000000000000000000005]
[           0s] Csc Library/Bee/artifacts/1900b0aE.dag/Unity.ShaderGraph.Utilities.dll (+2 others) [CacheWrite 00000000000000000000000000000005]
[           0s] Csc Library/Bee/artifacts/1900b0aE.dag/Unity.Rendering.LightTransport.Editor.dll (+2 others) [CacheWrite 00000000000000000000000000000005]
[467/716    0s] MovedFromExtractor-Combine Library/Bee/artifacts/1900b0aE.dag/Unity.Burst.CodeGen.dll.mvfrm
[468/716    0s] MovedFromExtractor-Combine Library/Bee/artifacts/1900b0aE.dag/Unity.PerformanceTesting.Editor.dll.mvfrm
[469/716    0s] MovedFromExtractor-Combine Library/Bee/artifacts/1900b0aE.dag/Unity.Burst.Editor.dll.mvfrm
[           0s] Csc Library/Bee/artifacts/1900b0aE.dag/Unity.RenderPipelines.Universal.Shaders.dll (+2 others) [CacheWrite 00000000000000000000000000000005]
[           0s] Csc Library/Bee/artifacts/1900b0aE.dag/Unity.InternalAPIEngineBridge.004.dll (+2 others) [CacheWrite 00000000000000000000000000000005]
[470/716    0s] Csc Library/Bee/artifacts/1900b0aE.dag/Adapters.Conformance.dll (+2 others)
[464/716    0s] Csc Library/Bee/artifacts/1900b0aE.dag/Unity.Burst.CodeGen.dll (+2 others) [CacheHit c44c5517a827f266f943a01330aec4b300000000000000000000000000000005]
[471/716   1788975079s] Csc Library/Bee/artifacts/1900b0aE.dag/Unity.Burst.CodeGen.dll (+2 others)
[473/716    0s] CopyFiles Library/ScriptAssemblies/Unity.Burst.CodeGen.pdb
[466/716    0s] Csc Library/Bee/artifacts/1900b0aE.dag/Unity.PerformanceTesting.Editor.dll (+2 others) [CacheHit ab7193cbd763af1a235f695c9d9752a900000000000000000000000000000005]
[474/716   1788975079s] Csc Library/Bee/artifacts/1900b0aE.dag/Unity.PerformanceTesting.Editor.dll (+2 others)
[           0s] Csc Library/Bee/artifacts/1900b0aE.dag/Adapters.Conformance.dll (+2 others) [CacheWrite 00000000000000000000000000000005]
[476/716    0s] MovedFromExtractor Library/Bee/artifacts/mvdfrm/Unity.Searcher.Editor.ref.dll_12B7E1785E41BE0E.mvfrm
[477/716    0s] MovedFromExtractor Library/Bee/artifacts/mvdfrm/Unity.ShaderGraph.Utilities.ref.dll_0524057423981A9D.mvfrm
[478/716    0s] MovedFromExtractor Library/Bee/artifacts/mvdfrm/Unity.InternalAPIEngineBridge.004.ref.dll_9F91F1CFF2D20E26.mvfrm
[479/716    0s] CopyFiles Library/ScriptAssemblies/Unity.Burst.CodeGen.dll
[480/716    0s] Csc Library/Bee/artifacts/1900b0aE.dag/Unity.2D.Sprite.Editor.dll (+2 others)
[481/716    0s] MovedFromExtractor-Combine Library/Bee/artifacts/1900b0aE.dag/Unity.TextMeshPro.dll.mvfrm
[           0s] Csc Library/Bee/artifacts/1900b0aE.dag/Unity.2D.Sprite.Editor.dll (+2 others) [CacheWrite 00000000000000000000000000000005]
[482/716    0s] Csc Library/Bee/artifacts/1900b0aE.dag/Unity.TextMeshPro.dll (+2 others)
[483/716    1s] Csc Library/Bee/artifacts/1900b0aE.dag/Unity.InputSystem.dll (+2 others)
[           0s] Csc Library/Bee/artifacts/1900b0aE.dag/Unity.TextMeshPro.dll (+2 others) [CacheWrite 00000000000000000000000000000005]
[           0s] Csc Library/Bee/artifacts/1900b0aE.dag/Unity.InputSystem.dll (+2 others) [CacheWrite 00000000000000000000000000000005]
[484/716    0s] MovedFromExtractor Library/Bee/artifacts/mvdfrm/Unity.TextMeshPro.ref.dll_84A4293DBDD182DB.mvfrm
[485/716    0s] MovedFromExtractor Library/Bee/artifacts/mvdfrm/Unity.InputSystem.ref.dll_FD2EC87C14EBE081.mvfrm
[486/716    0s] MovedFromExtractor-Combine Library/Bee/artifacts/1900b0aE.dag/UnityEditor.UI.Analytics.dll.mvfrm
[487/716    0s] MovedFromExtractor-Combine Library/Bee/artifacts/1900b0aE.dag/Unity.InputSystem.ForUI.dll.mvfrm
[488/716    0s] MovedFromExtractor-Combine Library/Bee/artifacts/1900b0aE.dag/Game.Template.dll.mvfrm
[489/716    0s] MovedFromExtractor-Combine Library/Bee/artifacts/1900b0aE.dag/Unity.InputSystem.DocCodeSamples.dll.mvfrm
[490/716    0s] MovedFromExtractor-Combine Library/Bee/artifacts/1900b0aE.dag/Adapter.Unity.Tests.Editor.dll.mvfrm
[491/716    0s] MovedFromExtractor-Combine Library/Bee/artifacts/1900b0aE.dag/Unity.InputSystem.TestFramework.dll.mvfrm
[492/716    0s] MovedFromExtractor-Combine Library/Bee/artifacts/1900b0aE.dag/Adapter.Unity.Tests.Runtime.dll.mvfrm
[493/716    0s] MovedFromExtractor-Combine Library/Bee/artifacts/1900b0aE.dag/Game.Template.Tests.dll.mvfrm
[486/716    0s] Csc Library/Bee/artifacts/1900b0aE.dag/Unity.InputSystem.TestFramework.dll (+2 others) [CacheHit a138c1f08af6abfbb0d411f31c6ba65a00000000000000000000000000000005]
[494/716   1788975080s] Csc Library/Bee/artifacts/1900b0aE.dag/Unity.InputSystem.TestFramework.dll (+2 others)
[487/716    0s] Csc Library/Bee/artifacts/1900b0aE.dag/Unity.InputSystem.DocCodeSamples.dll (+2 others) [CacheHit 2efbd9bd3f322fa25940e3e7bec5a83f00000000000000000000000000000005]
[496/716   1788975080s] Csc Library/Bee/artifacts/1900b0aE.dag/Unity.InputSystem.DocCodeSamples.dll (+2 others)
[498/716    0s] Csc Library/Bee/artifacts/1900b0aE.dag/UnityEditor.UI.Analytics.dll (+2 others)
[           0s] Csc Library/Bee/artifacts/1900b0aE.dag/UnityEditor.UI.Analytics.dll (+2 others) [CacheWrite 00000000000000000000000000000005]
[499/716    1s] Csc Library/Bee/artifacts/1900b0aE.dag/Unity.Mathematics.dll (+2 others)
[500/716    0s] Csc Library/Bee/artifacts/1900b0aE.dag/Unity.InputSystem.ForUI.dll (+2 others)
[           0s] Csc Library/Bee/artifacts/1900b0aE.dag/Unity.Mathematics.dll (+2 others) [CacheWrite 00000000000000000000000000000005]
[           0s] Csc Library/Bee/artifacts/1900b0aE.dag/Unity.InputSystem.ForUI.dll (+2 others) [CacheWrite 00000000000000000000000000000005]
[501/716    0s] MovedFromExtractor Library/Bee/artifacts/mvdfrm/Unity.InputSystem.ForUI.ref.dll_0478B67D1094CE70.mvfrm
[502/716    0s] MovedFromExtractor Library/Bee/artifacts/mvdfrm/Unity.Mathematics.ref.dll_E8EFDB1B8D5C174E.mvfrm
[503/716    0s] MovedFromExtractor-Combine Library/Bee/artifacts/1900b0aE.dag/Unity.Mathematics.Editor.dll.mvfrm
[504/716    0s] MovedFromExtractor-Combine Library/Bee/artifacts/1900b0aE.dag/Unity.Collections.dll.mvfrm
[505/716    0s] MovedFromExtractor-Combine Library/Bee/artifacts/1900b0aE.dag/Unity.InputSystem.ForUI.Editor.dll.mvfrm
[506/716    0s] Csc Library/Bee/artifacts/1900b0aE.dag/Unity.InputSystem.ForUI.Editor.dll (+2 others)
[507/716    0s] Csc Library/Bee/artifacts/1900b0aE.dag/Unity.Mathematics.Editor.dll (+2 others)
[           0s] Csc Library/Bee/artifacts/1900b0aE.dag/Unity.InputSystem.ForUI.Editor.dll (+2 others) [CacheWrite 00000000000000000000000000000005]
[           0s] Csc Library/Bee/artifacts/1900b0aE.dag/Unity.Mathematics.Editor.dll (+2 others) [CacheWrite 00000000000000000000000000000005]
[508/716    0s] MovedFromExtractor Library/Bee/artifacts/mvdfrm/Unity.Mathematics.Editor.ref.dll_9A20CFD48BC11F43.mvfrm
[509/716    2s] Csc Library/Bee/artifacts/1900b0aE.dag/Unity.Burst.Editor.dll (+2 others)
[           0s] Csc Library/Bee/artifacts/1900b0aE.dag/Unity.Burst.Editor.dll (+2 others) [CacheWrite 00000000000000000000000000000005]
[510/716    0s] MovedFromExtractor Library/Bee/artifacts/mvdfrm/Unity.Burst.Editor.ref.dll_E2F92DAB6C167CC9.mvfrm
[511/716    0s] Csc Library/Bee/artifacts/1900b0aE.dag/Unity.Collections.dll (+2 others)
[           0s] Csc Library/Bee/artifacts/1900b0aE.dag/Unity.Collections.dll (+2 others) [CacheWrite 00000000000000000000000000000005]
[512/716    0s] MovedFromExtractor Library/Bee/artifacts/mvdfrm/Unity.Collections.ref.dll_656D7410E7809ECD.mvfrm
[513/716    0s] MovedFromExtractor-Combine Library/Bee/artifacts/1900b0aE.dag/Unity.Collections.Editor.dll.mvfrm
[514/716    0s] MovedFromExtractor-Combine Library/Bee/artifacts/1900b0aE.dag/Unity.RenderPipelines.Core.Runtime.dll.mvfrm
[515/716    0s] MovedFromExtractor-Combine Library/Bee/artifacts/1900b0aE.dag/Unity.Collections.CodeGen.dll.mvfrm
[516/716    0s] MovedFromExtractor-Combine Library/Bee/artifacts/1900b0aE.dag/Unity.UnifiedRayTracing.Runtime.dll.mvfrm
[507/716    0s] Csc Library/Bee/artifacts/1900b0aE.dag/Unity.Collections.CodeGen.dll (+2 others) [CacheHit 05a7eabce36c2a334a147c2dbe2d3c7500000000000000000000000000000005]
[517/716   1788975082s] Csc Library/Bee/artifacts/1900b0aE.dag/Unity.Collections.CodeGen.dll (+2 others)
[519/716    0s] CopyFiles Library/ScriptAssemblies/Unity.Collections.CodeGen.pdb
[520/716    0s] CopyFiles Library/ScriptAssemblies/Unity.Collections.CodeGen.dll
[521/716    0s] Csc Library/Bee/artifacts/1900b0aE.dag/Unity.Collections.Editor.dll (+2 others)
[522/716    0s] ILPP-Configuration Library/ilpp-configuration.nevergeneratedoutput
[           0s] Csc Library/Bee/artifacts/1900b0aE.dag/Unity.Collections.Editor.dll (+2 others) [CacheWrite 00000000000000000000000000000005]
[523/716    0s] Csc Library/Bee/artifacts/1900b0aE.dag/Unity.UnifiedRayTracing.Runtime.dll (+2 others)
[           0s] Csc Library/Bee/artifacts/1900b0aE.dag/Unity.UnifiedRayTracing.Runtime.dll (+2 others) [CacheWrite 00000000000000000000000000000005]
[524/716    0s] MovedFromExtractor Library/Bee/artifacts/mvdfrm/Unity.UnifiedRayTracing.Runtime.ref.dll_1311DEF2651EFE0C.mvfrm
[525/716    0s] ILPostProcess Library/Bee/artifacts/1900b0aE.dag/post-processed/Unity.InputSystem.DocCodeSamples.dll (+pdb)
Processing assembly Library/Bee/artifacts/1900b0aE.dag/Unity.InputSystem.DocCodeSamples.dll, with 137 defines and 269 references

processors: Unity.Jobs.CodeGen.JobsILPostProcessor, zzzUnity.Burst.CodeGen.BurstILPostProcessor

running Unity.Jobs.CodeGen.JobsILPostProcessor

running zzzUnity.Burst.CodeGen.BurstILPostProcessor
[526/716    0s] ILPostProcess Library/Bee/artifacts/1900b0aE.dag/post-processed/Unity.2D.Sprite.Editor.dll (+pdb)
Processing assembly Library/Bee/artifacts/1900b0aE.dag/Unity.2D.Sprite.Editor.dll, with 137 defines and 277 references

processors: Unity.Jobs.CodeGen.JobsILPostProcessor, zzzUnity.Burst.CodeGen.BurstILPostProcessor

running Unity.Jobs.CodeGen.JobsILPostProcessor

running zzzUnity.Burst.CodeGen.BurstILPostProcessor
[527/716    0s] ILPostProcess Library/Bee/artifacts/1900b0aE.dag/post-processed/Unity.Rendering.LightTransport.Editor.dll (+pdb)
Processing assembly Library/Bee/artifacts/1900b0aE.dag/Unity.Rendering.LightTransport.Editor.dll, with 137 defines and 277 references

processors: Unity.Jobs.CodeGen.JobsILPostProcessor, zzzUnity.Burst.CodeGen.BurstILPostProcessor

running Unity.Jobs.CodeGen.JobsILPostProcessor

running zzzUnity.Burst.CodeGen.BurstILPostProcessor
[528/716    0s] ILPostProcess Library/Bee/artifacts/1900b0aE.dag/post-processed/Unity.TextMeshPro.dll (+pdb)
Processing assembly Library/Bee/artifacts/1900b0aE.dag/Unity.TextMeshPro.dll, with 140 defines and 269 references

processors: Unity.Jobs.CodeGen.JobsILPostProcessor, zzzUnity.Burst.CodeGen.BurstILPostProcessor

running Unity.Jobs.CodeGen.JobsILPostProcessor

running zzzUnity.Burst.CodeGen.BurstILPostProcessor
[529/716    0s] ILPostProcess Library/Bee/artifacts/1900b0aE.dag/post-processed/Unity.RenderPipelines.Core.ShaderLibrary.dll (+pdb)
Processing assembly Library/Bee/artifacts/1900b0aE.dag/Unity.RenderPipelines.Core.ShaderLibrary.dll, with 139 defines and 268 references

processors: Unity.Jobs.CodeGen.JobsILPostProcessor, zzzUnity.Burst.CodeGen.BurstILPostProcessor

running Unity.Jobs.CodeGen.JobsILPostProcessor

running zzzUnity.Burst.CodeGen.BurstILPostProcessor
[530/716    0s] ILPostProcess Library/Bee/artifacts/1900b0aE.dag/post-processed/Unity.RenderPipelines.Universal.Shaders.dll (+pdb)
Processing assembly Library/Bee/artifacts/1900b0aE.dag/Unity.RenderPipelines.Universal.Shaders.dll, with 139 defines and 268 references

processors: Unity.Jobs.CodeGen.JobsILPostProcessor, zzzUnity.Burst.CodeGen.BurstILPostProcessor

running Unity.Jobs.CodeGen.JobsILPostProcessor

running zzzUnity.Burst.CodeGen.BurstILPostProcessor
[531/716    0s] ILPostProcess Library/Bee/artifacts/1900b0aE.dag/post-processed/Unity.Mathematics.dll (+pdb)
Processing assembly Library/Bee/artifacts/1900b0aE.dag/Unity.Mathematics.dll, with 139 defines and 268 references

processors: Unity.Jobs.CodeGen.JobsILPostProcessor, zzzUnity.Burst.CodeGen.BurstILPostProcessor

running Unity.Jobs.CodeGen.JobsILPostProcessor

running zzzUnity.Burst.CodeGen.BurstILPostProcessor
[532/716    0s] ILPostProcess Library/Bee/artifacts/1900b0aE.dag/post-processed/UnityEditor.UI.dll (+pdb)
Processing assembly Library/Bee/artifacts/1900b0aE.dag/UnityEditor.UI.dll, with 140 defines and 276 references

processors: Unity.Jobs.CodeGen.JobsILPostProcessor, zzzUnity.Burst.CodeGen.BurstILPostProcessor

running Unity.Jobs.CodeGen.JobsILPostProcessor

running zzzUnity.Burst.CodeGen.BurstILPostProcessor
[533/716    0s] ILPostProcess Library/Bee/artifacts/1900b0aE.dag/post-processed/Unity.InternalAPIEngineBridge.004.dll (+pdb)
Processing assembly Library/Bee/artifacts/1900b0aE.dag/Unity.InternalAPIEngineBridge.004.dll, with 139 defines and 268 references

processors: Unity.Jobs.CodeGen.JobsILPostProcessor, zzzUnity.Burst.CodeGen.BurstILPostProcessor

running Unity.Jobs.CodeGen.JobsILPostProcessor

running zzzUnity.Burst.CodeGen.BurstILPostProcessor
[534/716    0s] ILPostProcess Library/Bee/artifacts/1900b0aE.dag/post-processed/Unity.RenderPipelines.ShaderGraph.ShaderGraphLibrary.dll (+pdb)
Processing assembly Library/Bee/artifacts/1900b0aE.dag/Unity.RenderPipelines.ShaderGraph.ShaderGraphLibrary.dll, with 139 defines and 268 references

processors: Unity.Jobs.CodeGen.JobsILPostProcessor, zzzUnity.Burst.CodeGen.BurstILPostProcessor

running Unity.Jobs.CodeGen.JobsILPostProcessor

running zzzUnity.Burst.CodeGen.BurstILPostProcessor
[535/716    0s] ILPostProcess Library/Bee/artifacts/1900b0aE.dag/post-processed/Unity.InputSystem.ForUI.Editor.dll (+pdb)
Processing assembly Library/Bee/artifacts/1900b0aE.dag/Unity.InputSystem.ForUI.Editor.dll, with 137 defines and 279 references

processors: Unity.Jobs.CodeGen.JobsILPostProcessor, zzzUnity.Burst.CodeGen.BurstILPostProcessor

running Unity.Jobs.CodeGen.JobsILPostProcessor

running zzzUnity.Burst.CodeGen.BurstILPostProcessor
[536/716    0s] ILPostProcess Library/Bee/artifacts/1900b0aE.dag/post-processed/Adapters.Conformance.dll (+pdb)
Processing assembly Library/Bee/artifacts/1900b0aE.dag/Adapters.Conformance.dll, with 139 defines and 260 references

processors: Unity.Jobs.CodeGen.JobsILPostProcessor, zzzUnity.Burst.CodeGen.BurstILPostProcessor

running Unity.Jobs.CodeGen.JobsILPostProcessor

running zzzUnity.Burst.CodeGen.BurstILPostProcessor
[537/716    0s] ILPostProcess Library/Bee/artifacts/1900b0aE.dag/post-processed/Unity.PerformanceTesting.Editor.dll (+pdb)
Processing assembly Library/Bee/artifacts/1900b0aE.dag/Unity.PerformanceTesting.Editor.dll, with 138 defines and 269 references

processors: Unity.Jobs.CodeGen.JobsILPostProcessor, zzzUnity.Burst.CodeGen.BurstILPostProcessor

running Unity.Jobs.CodeGen.JobsILPostProcessor

running zzzUnity.Burst.CodeGen.BurstILPostProcessor
[538/716    0s] ILPostProcess Library/Bee/artifacts/1900b0aE.dag/post-processed/UnityEditor.UI.Analytics.dll (+pdb)
Processing assembly Library/Bee/artifacts/1900b0aE.dag/UnityEditor.UI.Analytics.dll, with 137 defines and 278 references

processors: Unity.Jobs.CodeGen.JobsILPostProcessor, zzzUnity.Burst.CodeGen.BurstILPostProcessor

running Unity.Jobs.CodeGen.JobsILPostProcessor

running zzzUnity.Burst.CodeGen.BurstILPostProcessor
[539/716    0s] ILPostProcess Library/Bee/artifacts/1900b0aE.dag/post-processed/Unity.ShaderGraph.Utilities.dll (+pdb)
Processing assembly Library/Bee/artifacts/1900b0aE.dag/Unity.ShaderGraph.Utilities.dll, with 137 defines and 277 references

processors: Unity.Jobs.CodeGen.JobsILPostProcessor, zzzUnity.Burst.CodeGen.BurstILPostProcessor

running Unity.Jobs.CodeGen.JobsILPostProcessor

running zzzUnity.Burst.CodeGen.BurstILPostProcessor
[540/716    0s] ILPostProcess Library/Bee/artifacts/1900b0aE.dag/post-processed/UnityEngine.UI.dll (+pdb)
Processing assembly Library/Bee/artifacts/1900b0aE.dag/UnityEngine.UI.dll, with 145 defines and 266 references

processors: Unity.Jobs.CodeGen.JobsILPostProcessor, zzzUnity.Burst.CodeGen.BurstILPostProcessor

running Unity.Jobs.CodeGen.JobsILPostProcessor

running zzzUnity.Burst.CodeGen.BurstILPostProcessor
[541/716    0s] ILPostProcess Library/Bee/artifacts/1900b0aE.dag/post-processed/Unity.InputSystem.TestFramework.dll (+pdb)
Processing assembly Library/Bee/artifacts/1900b0aE.dag/Unity.InputSystem.TestFramework.dll, with 140 defines and 261 references

processors: Unity.Jobs.CodeGen.JobsILPostProcessor, zzzUnity.Burst.CodeGen.BurstILPostProcessor

running Unity.Jobs.CodeGen.JobsILPostProcessor

running zzzUnity.Burst.CodeGen.BurstILPostProcessor
[542/716    0s] ILPostProcess Library/Bee/artifacts/1900b0aE.dag/post-processed/Unity.Mathematics.Editor.dll (+pdb)
Processing assembly Library/Bee/artifacts/1900b0aE.dag/Unity.Mathematics.Editor.dll, with 137 defines and 278 references

processors: Unity.Jobs.CodeGen.JobsILPostProcessor, zzzUnity.Burst.CodeGen.BurstILPostProcessor

running Unity.Jobs.CodeGen.JobsILPostProcessor

running zzzUnity.Burst.CodeGen.BurstILPostProcessor
[543/716    0s] ILPostProcess Library/Bee/artifacts/1900b0aE.dag/post-processed/Unity.Searcher.Editor.dll (+pdb)
Processing assembly Library/Bee/artifacts/1900b0aE.dag/Unity.Searcher.Editor.dll, with 137 defines and 277 references

processors: Unity.Jobs.CodeGen.JobsILPostProcessor, zzzUnity.Burst.CodeGen.BurstILPostProcessor

running Unity.Jobs.CodeGen.JobsILPostProcessor

running zzzUnity.Burst.CodeGen.BurstILPostProcessor
[544/716    0s] ILPostProcess Library/Bee/artifacts/1900b0aE.dag/post-processed/Unity.InputSystem.dll (+pdb)
Processing assembly Library/Bee/artifacts/1900b0aE.dag/Unity.InputSystem.dll, with 150 defines and 268 references

processors: Unity.Jobs.CodeGen.JobsILPostProcessor, zzzUnity.Burst.CodeGen.BurstILPostProcessor

running Unity.Jobs.CodeGen.JobsILPostProcessor

running zzzUnity.Burst.CodeGen.BurstILPostProcessor
[545/716    0s] ILPostProcess Library/Bee/artifacts/1900b0aE.dag/post-processed/Unity.InputSystem.ForUI.dll (+pdb)
Processing assembly Library/Bee/artifacts/1900b0aE.dag/Unity.InputSystem.ForUI.dll, with 139 defines and 269 references

processors: Unity.Jobs.CodeGen.JobsILPostProcessor, zzzUnity.Burst.CodeGen.BurstILPostProcessor

running Unity.Jobs.CodeGen.JobsILPostProcessor

running zzzUnity.Burst.CodeGen.BurstILPostProcessor
[546/716    0s] CopyFiles Library/ScriptAssemblies/Unity.Rendering.LightTransport.Editor.pdb
[547/716    0s] CopyFiles Library/ScriptAssemblies/Unity.RenderPipelines.Core.ShaderLibrary.dll
[548/716    0s] CopyFiles Library/ScriptAssemblies/Unity.RenderPipelines.Core.ShaderLibrary.pdb
[549/716    0s] CopyFiles Library/ScriptAssemblies/Unity.InputSystem.DocCodeSamples.pdb
[550/716    0s] CopyFiles Library/ScriptAssemblies/Unity.RenderPipelines.Universal.Shaders.dll
[551/716    0s] CopyFiles Library/ScriptAssemblies/Unity.RenderPipelines.Universal.Shaders.pdb
[552/716    0s] CopyFiles Library/ScriptAssemblies/Unity.TextMeshPro.pdb
[553/716    0s] CopyFiles Library/ScriptAssemblies/Unity.Mathematics.pdb
[554/716    0s] CopyFiles Library/ScriptAssemblies/Unity.2D.Sprite.Editor.pdb
[555/716    0s] ILPostProcess Library/Bee/artifacts/1900b0aE.dag/post-processed/Unity.PerformanceTesting.dll (+pdb)
Processing assembly Library/Bee/artifacts/1900b0aE.dag/Unity.PerformanceTesting.dll, with 140 defines and 259 references

processors: Unity.Jobs.CodeGen.JobsILPostProcessor, zzzUnity.Burst.CodeGen.BurstILPostProcessor

running Unity.Jobs.CodeGen.JobsILPostProcessor

running zzzUnity.Burst.CodeGen.BurstILPostProcessor
[556/716    0s] CopyFiles Library/ScriptAssemblies/UnityEditor.UI.pdb
[557/716    0s] CopyFiles Library/ScriptAssemblies/Unity.InternalAPIEngineBridge.004.dll
[558/716    0s] CopyFiles Library/ScriptAssemblies/Unity.InternalAPIEngineBridge.004.pdb
[559/716    0s] CopyFiles Library/ScriptAssemblies/Unity.RenderPipelines.ShaderGraph.ShaderGraphLibrary.dll
[560/716    0s] CopyFiles Library/ScriptAssemblies/UnityEngine.UI.pdb
[561/716    0s] CopyFiles Library/ScriptAssemblies/Unity.PerformanceTesting.Editor.pdb
[562/716    0s] CopyFiles Library/ScriptAssemblies/UnityEditor.UI.Analytics.pdb
[563/716    0s] CopyFiles Library/ScriptAssemblies/UnityEditor.UI.Analytics.dll
[564/716    0s] CopyFiles Library/ScriptAssemblies/Unity.InputSystem.ForUI.Editor.dll
[565/716    0s] CopyFiles Library/ScriptAssemblies/Unity.Searcher.Editor.pdb
[566/716    0s] CopyFiles Library/ScriptAssemblies/Unity.ShaderGraph.Utilities.pdb
[567/716    0s] CopyFiles Library/ScriptAssemblies/Unity.ShaderGraph.Utilities.dll
[568/716    0s] CopyFiles Library/ScriptAssemblies/Unity.Mathematics.Editor.dll
[569/716    0s] CopyFiles Library/ScriptAssemblies/Unity.Mathematics.Editor.pdb
[570/716    0s] CopyFiles Library/ScriptAssemblies/Unity.InputSystem.DocCodeSamples.dll
[571/716    0s] CopyFiles Library/ScriptAssemblies/Unity.InputSystem.TestFramework.pdb
[572/716    0s] CopyFiles Library/ScriptAssemblies/Unity.InputSystem.pdb
[573/716    0s] CopyFiles Library/ScriptAssemblies/Unity.RenderPipelines.ShaderGraph.ShaderGraphLibrary.pdb
[574/716    0s] CopyFiles Library/ScriptAssemblies/Unity.InputSystem.ForUI.pdb
[575/716    0s] CopyFiles Library/ScriptAssemblies/Unity.InputSystem.ForUI.Editor.pdb
[576/716    0s] CopyFiles Library/ScriptAssemblies/Unity.PerformanceTesting.pdb
[577/716    0s] CopyFiles Library/ScriptAssemblies/Adapters.Conformance.pdb
[578/716    0s] CopyFiles Library/ScriptAssemblies/Unity.Rendering.LightTransport.Editor.dll
[579/716    0s] CopyFiles Library/ScriptAssemblies/Unity.2D.Sprite.Editor.dll
[580/716    0s] CopyFiles Library/ScriptAssemblies/Unity.InputSystem.ForUI.dll
[581/716    0s] CopyFiles Library/ScriptAssemblies/Unity.PerformanceTesting.dll
[582/716    0s] CopyFiles Library/ScriptAssemblies/Unity.TextMeshPro.dll
[583/716    0s] CopyFiles Library/ScriptAssemblies/Unity.Searcher.Editor.dll
[584/716    0s] CopyFiles Library/ScriptAssemblies/Unity.InputSystem.TestFramework.dll
[585/716    0s] CopyFiles Library/ScriptAssemblies/Adapters.Conformance.dll
[586/716    0s] Csc Library/Bee/artifacts/1900b0aE.dag/Unity.RenderPipelines.Core.Runtime.dll (+2 others)
[587/716    0s] CopyFiles Library/ScriptAssemblies/UnityEngine.UI.dll
[588/716    0s] CopyFiles Library/ScriptAssemblies/Unity.PerformanceTesting.Editor.dll
[589/716    0s] CopyFiles Library/ScriptAssemblies/Unity.InputSystem.dll
[           0s] Csc Library/Bee/artifacts/1900b0aE.dag/Unity.RenderPipelines.Core.Runtime.dll (+2 others) [CacheWrite 00000000000000000000000000000005]
[590/716    0s] CopyFiles Library/ScriptAssemblies/Unity.Mathematics.dll
[591/716    0s] CopyFiles Library/ScriptAssemblies/UnityEditor.UI.dll
[592/716    0s] ILPostProcess Library/Bee/artifacts/1900b0aE.dag/post-processed/Unity.Burst.Editor.dll (+pdb)
Processing assembly Library/Bee/artifacts/1900b0aE.dag/Unity.Burst.Editor.dll, with 137 defines and 278 references

processors: Unity.Jobs.CodeGen.JobsILPostProcessor, zzzUnity.Burst.CodeGen.BurstILPostProcessor

running Unity.Jobs.CodeGen.JobsILPostProcessor

running zzzUnity.Burst.CodeGen.BurstILPostProcessor
[593/716    0s] CopyFiles Library/ScriptAssemblies/Unity.Burst.Editor.pdb
[594/716    0s] MovedFromExtractor Library/Bee/artifacts/mvdfrm/Unity.RenderPipelines.Core.Runtime.ref.dll_CE6A42C97D96EB0A.mvfrm
[595/716    0s] MovedFromExtractor-Combine Library/Bee/artifacts/1900b0aE.dag/Unity.RenderPipelines.Universal.Config.Runtime.dll.mvfrm
[596/716    0s] MovedFromExtractor-Combine Library/Bee/artifacts/1900b0aE.dag/Unity.RenderPipeline.Universal.ShaderLibrary.dll.mvfrm
[597/716    0s] MovedFromExtractor-Combine Library/Bee/artifacts/1900b0aE.dag/Unity.RenderPipelines.GPUDriven.Runtime.dll.mvfrm
[598/716    0s] MovedFromExtractor-Combine Library/Bee/artifacts/1900b0aE.dag/Unity.RenderPipelines.Core.Runtime.Shared.dll.mvfrm
[599/716    0s] MovedFromExtractor-Combine Library/Bee/artifacts/1900b0aE.dag/Unity.TextMeshPro.Editor.dll.mvfrm
[600/716    0s] CopyFiles Library/ScriptAssemblies/Unity.Burst.Editor.dll
[601/716    0s] ILPostProcess Library/Bee/artifacts/1900b0aE.dag/post-processed/Unity.Burst.dll (+pdb)
Processing assembly Library/Bee/artifacts/1900b0aE.dag/Unity.Burst.dll, with 139 defines and 260 references

processors: Unity.Jobs.CodeGen.JobsILPostProcessor, zzzUnity.Burst.CodeGen.BurstILPostProcessor

running Unity.Jobs.CodeGen.JobsILPostProcessor

running zzzUnity.Burst.CodeGen.BurstILPostProcessor
[602/716    0s] CopyFiles Library/ScriptAssemblies/Unity.Burst.pdb
[603/716    0s] Csc Library/Bee/artifacts/1900b0aE.dag/Unity.RenderPipelines.Core.Runtime.Shared.dll (+2 others)
[604/716    0s] Csc Library/Bee/artifacts/1900b0aE.dag/Unity.RenderPipeline.Universal.ShaderLibrary.dll (+2 others)
[605/716    0s] Csc Library/Bee/artifacts/1900b0aE.dag/Unity.RenderPipelines.Universal.Config.Runtime.dll (+2 others)
[606/716    0s] CopyFiles Library/ScriptAssemblies/Unity.Burst.dll
[           0s] Csc Library/Bee/artifacts/1900b0aE.dag/Unity.RenderPipelines.Core.Runtime.Shared.dll (+2 others) [CacheWrite 00000000000000000000000000000005]
[           0s] Csc Library/Bee/artifacts/1900b0aE.dag/Unity.RenderPipeline.Universal.ShaderLibrary.dll (+2 others) [CacheWrite 00000000000000000000000000000005]
[           0s] Csc Library/Bee/artifacts/1900b0aE.dag/Unity.RenderPipelines.Universal.Config.Runtime.dll (+2 others) [CacheWrite 00000000000000000000000000000005]
[607/716    0s] ILPostProcess Library/Bee/artifacts/1900b0aE.dag/post-processed/Unity.RenderPipeline.Universal.ShaderLibrary.dll (+pdb)
Processing assembly Library/Bee/artifacts/1900b0aE.dag/Unity.RenderPipeline.Universal.ShaderLibrary.dll, with 139 defines and 269 references

processors: Unity.Jobs.CodeGen.JobsILPostProcessor, zzzUnity.Burst.CodeGen.BurstILPostProcessor

running Unity.Jobs.CodeGen.JobsILPostProcessor

running zzzUnity.Burst.CodeGen.BurstILPostProcessor
[608/716    0s] ILPostProcess Library/Bee/artifacts/1900b0aE.dag/post-processed/Unity.RenderPipelines.Core.Runtime.Shared.dll (+pdb)
Processing assembly Library/Bee/artifacts/1900b0aE.dag/Unity.RenderPipelines.Core.Runtime.Shared.dll, with 139 defines and 269 references

processors: Unity.Jobs.CodeGen.JobsILPostProcessor, zzzUnity.Burst.CodeGen.BurstILPostProcessor

running Unity.Jobs.CodeGen.JobsILPostProcessor

running zzzUnity.Burst.CodeGen.BurstILPostProcessor
[609/716    0s] ILPostProcess Library/Bee/artifacts/1900b0aE.dag/post-processed/Unity.RenderPipelines.Universal.Config.Runtime.dll (+pdb)
Processing assembly Library/Bee/artifacts/1900b0aE.dag/Unity.RenderPipelines.Universal.Config.Runtime.dll, with 139 defines and 269 references

processors: Unity.Jobs.CodeGen.JobsILPostProcessor, zzzUnity.Burst.CodeGen.BurstILPostProcessor

running Unity.Jobs.CodeGen.JobsILPostProcessor

running zzzUnity.Burst.CodeGen.BurstILPostProcessor
[610/716    0s] CopyFiles Library/ScriptAssemblies/Unity.RenderPipeline.Universal.ShaderLibrary.dll
[611/716    0s] CopyFiles Library/ScriptAssemblies/Unity.RenderPipeline.Universal.ShaderLibrary.pdb
[612/716    0s] CopyFiles Library/ScriptAssemblies/Unity.RenderPipelines.Universal.Config.Runtime.pdb
[613/716    0s] CopyFiles Library/ScriptAssemblies/Unity.RenderPipelines.Universal.Config.Runtime.dll
[614/716    0s] CopyFiles Library/ScriptAssemblies/Unity.RenderPipelines.Core.Runtime.Shared.dll
[615/716    0s] CopyFiles Library/ScriptAssemblies/Unity.RenderPipelines.Core.Runtime.Shared.pdb
[616/716    0s] Csc Library/Bee/artifacts/1900b0aE.dag/Unity.TextMeshPro.Editor.dll (+2 others)
[617/716    0s] Csc Library/Bee/artifacts/1900b0aE.dag/Unity.RenderPipelines.GPUDriven.Runtime.dll (+2 others)
[618/716    0s] MovedFromExtractor Library/Bee/artifacts/mvdfrm/Unity.RenderPipelines.Core.Runtime.Shared.ref.dll_547B576A1A56EABF.mvfrm
[619/716    0s] MovedFromExtractor Library/Bee/artifacts/mvdfrm/Unity.RenderPipelines.Universal.Config.Runtime.ref.dll_5D92000A132D4840.mvfrm
[620/716    0s] MovedFromExtractor Library/Bee/artifacts/mvdfrm/Unity.RenderPipeline.Universal.ShaderLibrary.ref.dll_5436F99F8BDCED8B.mvfrm
[           0s] Csc Library/Bee/artifacts/1900b0aE.dag/Unity.RenderPipelines.GPUDriven.Runtime.dll (+2 others) [CacheWrite 00000000000000000000000000000005]
[           0s] Csc Library/Bee/artifacts/1900b0aE.dag/Unity.TextMeshPro.Editor.dll (+2 others) [CacheWrite 00000000000000000000000000000005]
[621/716    0s] MovedFromExtractor Library/Bee/artifacts/mvdfrm/Unity.RenderPipelines.GPUDriven.Runtime.ref.dll_94F5458D7254E99F.mvfrm
[622/716    0s] MovedFromExtractor-Combine Library/Bee/artifacts/1900b0aE.dag/Unity.RenderPipelines.Core.Editor.dll.mvfrm
[623/716    0s] MovedFromExtractor-Combine Library/Bee/artifacts/1900b0aE.dag/Unity.RenderPipelines.Universal.Runtime.dll.mvfrm
[624/716    0s] ILPostProcess Library/Bee/artifacts/1900b0aE.dag/post-processed/Unity.TextMeshPro.Editor.dll (+pdb)
Processing assembly Library/Bee/artifacts/1900b0aE.dag/Unity.TextMeshPro.Editor.dll, with 137 defines and 279 references

processors: Unity.Jobs.CodeGen.JobsILPostProcessor, zzzUnity.Burst.CodeGen.BurstILPostProcessor

running Unity.Jobs.CodeGen.JobsILPostProcessor

running zzzUnity.Burst.CodeGen.BurstILPostProcessor
[625/716    0s] CopyFiles Library/ScriptAssemblies/Unity.TextMeshPro.Editor.pdb
[626/716    1s] ILPostProcess Library/Bee/artifacts/1900b0aE.dag/post-processed/Unity.Collections.Editor.dll (+pdb)
Processing assembly Library/Bee/artifacts/1900b0aE.dag/Unity.Collections.Editor.dll, with 138 defines and 278 references

processors: Unity.Jobs.CodeGen.JobsILPostProcessor, zzzUnity.Burst.CodeGen.BurstILPostProcessor

running Unity.Jobs.CodeGen.JobsILPostProcessor

running zzzUnity.Burst.CodeGen.BurstILPostProcessor
[627/716    0s] CopyFiles Library/ScriptAssemblies/Unity.Collections.Editor.dll
[628/716    0s] CopyFiles Library/ScriptAssemblies/Unity.Collections.Editor.pdb
[629/716    1s] ILPostProcess Library/Bee/artifacts/1900b0aE.dag/post-processed/Unity.RenderPipelines.Core.Runtime.dll (+pdb)
Processing assembly Library/Bee/artifacts/1900b0aE.dag/Unity.RenderPipelines.Core.Runtime.dll, with 142 defines and 272 references

processors: Unity.Jobs.CodeGen.JobsILPostProcessor, zzzUnity.Burst.CodeGen.BurstILPostProcessor

running Unity.Jobs.CodeGen.JobsILPostProcessor

running zzzUnity.Burst.CodeGen.BurstILPostProcessor
[630/716    0s] CopyFiles Library/ScriptAssemblies/Unity.RenderPipelines.Core.Runtime.pdb
[631/716    0s] CopyFiles Library/ScriptAssemblies/Unity.TextMeshPro.Editor.dll
[632/716    0s] Csc Library/Bee/artifacts/1900b0aE.dag/Unity.RenderPipelines.Universal.Runtime.dll (+2 others)
[633/716    0s] CopyFiles Library/ScriptAssemblies/Unity.RenderPipelines.Core.Runtime.dll
[           0s] Csc Library/Bee/artifacts/1900b0aE.dag/Unity.RenderPipelines.Universal.Runtime.dll (+2 others) [CacheWrite 00000000000000000000000000000005]
[634/716    1s] ILPostProcess Library/Bee/artifacts/1900b0aE.dag/post-processed/Unity.UnifiedRayTracing.Runtime.dll (+pdb)
Processing assembly Library/Bee/artifacts/1900b0aE.dag/Unity.UnifiedRayTracing.Runtime.dll, with 140 defines and 271 references

processors: Unity.Jobs.CodeGen.JobsILPostProcessor, zzzUnity.Burst.CodeGen.BurstILPostProcessor

running Unity.Jobs.CodeGen.JobsILPostProcessor

running zzzUnity.Burst.CodeGen.BurstILPostProcessor
[635/716    0s] CopyFiles Library/ScriptAssemblies/Unity.UnifiedRayTracing.Runtime.pdb
[636/716    0s] MovedFromExtractor Library/Bee/artifacts/mvdfrm/Unity.RenderPipelines.Universal.Runtime.ref.dll_5400A10AF7CC6BEA.mvfrm
[637/716    0s] Csc Library/Bee/artifacts/1900b0aE.dag/Unity.RenderPipelines.Core.Editor.dll (+2 others)
[638/716    0s] ILPostProcess Library/Bee/artifacts/1900b0aE.dag/post-processed/Unity.RenderPipelines.Universal.Runtime.dll (+pdb)
Processing assembly Library/Bee/artifacts/1900b0aE.dag/Unity.RenderPipelines.Universal.Runtime.dll, with 146 defines and 276 references

processors: Unity.Jobs.CodeGen.JobsILPostProcessor, zzzUnity.Burst.CodeGen.BurstILPostProcessor

running Unity.Jobs.CodeGen.JobsILPostProcessor

running zzzUnity.Burst.CodeGen.BurstILPostProcessor
[639/716    0s] ILPostProcess Library/Bee/artifacts/1900b0aE.dag/post-processed/Unity.RenderPipelines.GPUDriven.Runtime.dll (+pdb)
Processing assembly Library/Bee/artifacts/1900b0aE.dag/Unity.RenderPipelines.GPUDriven.Runtime.dll, with 139 defines and 272 references

processors: Unity.Jobs.CodeGen.JobsILPostProcessor, zzzUnity.Burst.CodeGen.BurstILPostProcessor

running Unity.Jobs.CodeGen.JobsILPostProcessor

running zzzUnity.Burst.CodeGen.BurstILPostProcessor
[640/716    0s] CopyFiles Library/ScriptAssemblies/Unity.UnifiedRayTracing.Runtime.dll
[641/716    0s] CopyFiles Library/ScriptAssemblies/Unity.RenderPipelines.Universal.Runtime.pdb
[642/716    0s] CopyFiles Library/ScriptAssemblies/Unity.RenderPipelines.GPUDriven.Runtime.pdb
[           0s] Csc Library/Bee/artifacts/1900b0aE.dag/Unity.RenderPipelines.Core.Editor.dll (+2 others) [CacheWrite 00000000000000000000000000000005]
[643/716    1s] ILPostProcess Library/Bee/artifacts/1900b0aE.dag/post-processed/Unity.Collections.dll (+pdb)
Processing assembly Library/Bee/artifacts/1900b0aE.dag/Unity.Collections.dll, with 141 defines and 270 references

processors: Unity.Jobs.CodeGen.JobsILPostProcessor, zzzUnity.Burst.CodeGen.BurstILPostProcessor

running Unity.Jobs.CodeGen.JobsILPostProcessor

running zzzUnity.Burst.CodeGen.BurstILPostProcessor
[644/716    0s] CopyFiles Library/ScriptAssemblies/Unity.Collections.pdb
[645/716    0s] MovedFromExtractor-Combine Library/Bee/artifacts/1900b0aE.dag/Adapter.Unity.dll.mvfrm
[646/716    0s] MovedFromExtractor-Combine Library/Bee/artifacts/1900b0aE.dag/Game.Template.Editor.dll.mvfrm
[647/716    0s] MovedFromExtractor-Combine Library/Bee/artifacts/1900b0aE.dag/Unity.RenderPipelines.Universal.2D.Runtime.dll.mvfrm
[648/716    0s] MovedFromExtractor-Combine Library/Bee/artifacts/1900b0aE.dag/GreyBoxTools.dll.mvfrm
[649/716    0s] CopyFiles Library/ScriptAssemblies/Unity.Collections.dll
[650/716    0s] CopyFiles Library/ScriptAssemblies/Unity.RenderPipelines.Universal.Runtime.dll
[651/716    0s] CopyFiles Library/ScriptAssemblies/Unity.RenderPipelines.GPUDriven.Runtime.dll
[652/716    0s] MovedFromExtractor Library/Bee/artifacts/mvdfrm/Unity.RenderPipelines.Core.Editor.ref.dll_46EB9B6930B27991.mvfrm
[653/716    0s] MovedFromExtractor-Combine Library/Bee/artifacts/1900b0aE.dag/Unity.ShaderGraph.Editor.dll.mvfrm
[654/716    0s] MovedFromExtractor-Combine Library/Bee/artifacts/1900b0aE.dag/Unity.RenderPipelines.Core.Editor.Shared.dll.mvfrm
[655/716    0s] Csc Library/Bee/artifacts/1900b0aE.dag/Adapter.Unity.dll (+2 others)
Packages\com.gamefoundation.adapter.unity\Runtime\EngineAdapter\UnityRenderer3D.cs(461,44): warning CS8602: Dereference of a possibly null reference.
[           0s] Csc Library/Bee/artifacts/1900b0aE.dag/Adapter.Unity.dll (+2 others) [CacheWrite 00000000000000000000000000000005]
[656/716    0s] Csc Library/Bee/artifacts/1900b0aE.dag/Unity.RenderPipelines.Core.Editor.Shared.dll (+2 others)
[657/716    0s] Csc Library/Bee/artifacts/1900b0aE.dag/Unity.RenderPipelines.Universal.2D.Runtime.dll (+2 others)
[658/716    0s] ILPostProcess Library/Bee/artifacts/1900b0aE.dag/post-processed/Unity.RenderPipelines.Core.Editor.dll (+pdb)
Processing assembly Library/Bee/artifacts/1900b0aE.dag/Unity.RenderPipelines.Core.Editor.dll, with 138 defines and 283 references

processors: Unity.Jobs.CodeGen.JobsILPostProcessor, zzzUnity.Burst.CodeGen.BurstILPostProcessor

running Unity.Jobs.CodeGen.JobsILPostProcessor

running zzzUnity.Burst.CodeGen.BurstILPostProcessor
[659/716    0s] CopyFiles Library/ScriptAssemblies/Unity.RenderPipelines.Core.Editor.pdb
[           0s] Csc Library/Bee/artifacts/1900b0aE.dag/Unity.RenderPipelines.Universal.2D.Runtime.dll (+2 others) [CacheWrite 00000000000000000000000000000005]
[           0s] Csc Library/Bee/artifacts/1900b0aE.dag/Unity.RenderPipelines.Core.Editor.Shared.dll (+2 others) [CacheWrite 00000000000000000000000000000005]
[660/716    0s] ILPostProcess Library/Bee/artifacts/1900b0aE.dag/post-processed/Unity.RenderPipelines.Core.Editor.Shared.dll (+pdb)
Processing assembly Library/Bee/artifacts/1900b0aE.dag/Unity.RenderPipelines.Core.Editor.Shared.dll, with 137 defines and 278 references

processors: Unity.Jobs.CodeGen.JobsILPostProcessor, zzzUnity.Burst.CodeGen.BurstILPostProcessor

running Unity.Jobs.CodeGen.JobsILPostProcessor

running zzzUnity.Burst.CodeGen.BurstILPostProcessor
[661/716    0s] MovedFromExtractor Library/Bee/artifacts/mvdfrm/Unity.RenderPipelines.Core.Editor.Shared.ref.dll_FAA396FB17B8C1A8.mvfrm
[662/716    0s] CopyFiles Library/ScriptAssemblies/Unity.RenderPipelines.Core.Editor.Shared.dll
[663/716    0s] CopyFiles Library/ScriptAssemblies/Unity.RenderPipelines.Core.Editor.Shared.pdb
[664/716    0s] MovedFromExtractor Library/Bee/artifacts/mvdfrm/Unity.RenderPipelines.Universal.2D.Runtime.ref.dll_D60199621A6AEC70.mvfrm
[665/716    0s] Csc Library/Bee/artifacts/1900b0aE.dag/GreyBoxTools.dll (+2 others)
[666/716    0s] ILPostProcess Library/Bee/artifacts/1900b0aE.dag/post-processed/Adapter.Unity.dll (+pdb)
Processing assembly Library/Bee/artifacts/1900b0aE.dag/Adapter.Unity.dll, with 139 defines and 268 references

processors: Unity.Jobs.CodeGen.JobsILPostProcessor, zzzUnity.Burst.CodeGen.BurstILPostProcessor

running Unity.Jobs.CodeGen.JobsILPostProcessor

running zzzUnity.Burst.CodeGen.BurstILPostProcessor
[667/716    0s] CopyFiles Library/ScriptAssemblies/Adapter.Unity.pdb
[668/716    0s] Csc Library/Bee/artifacts/1900b0aE.dag/Adapter.Unity.Tests.Editor.dll (+2 others)
[669/716    0s] ILPostProcess Library/Bee/artifacts/1900b0aE.dag/post-processed/Unity.RenderPipelines.Universal.2D.Runtime.dll (+pdb)
Processing assembly Library/Bee/artifacts/1900b0aE.dag/Unity.RenderPipelines.Universal.2D.Runtime.dll, with 142 defines and 273 references

processors: Unity.Jobs.CodeGen.JobsILPostProcessor, zzzUnity.Burst.CodeGen.BurstILPostProcessor

running Unity.Jobs.CodeGen.JobsILPostProcessor

running zzzUnity.Burst.CodeGen.BurstILPostProcessor
[670/716    0s] Csc Library/Bee/artifacts/1900b0aE.dag/Game.Template.dll (+2 others)
[671/716    0s] CopyFiles Library/ScriptAssemblies/Unity.RenderPipelines.Universal.2D.Runtime.pdb
[672/716    0s] CopyFiles Library/ScriptAssemblies/Unity.RenderPipelines.Core.Editor.dll
[           0s] Csc Library/Bee/artifacts/1900b0aE.dag/Adapter.Unity.Tests.Editor.dll (+2 others) [CacheWrite 00000000000000000000000000000005]
[673/716    0s] ILPostProcess Library/Bee/artifacts/1900b0aE.dag/post-processed/GreyBoxTools.dll (+pdb)
Processing assembly Library/Bee/artifacts/1900b0aE.dag/GreyBoxTools.dll, with 137 defines and 272 references

processors: Unity.Jobs.CodeGen.JobsILPostProcessor, zzzUnity.Burst.CodeGen.BurstILPostProcessor

running Unity.Jobs.CodeGen.JobsILPostProcessor

running zzzUnity.Burst.CodeGen.BurstILPostProcessor
[           0s] Csc Library/Bee/artifacts/1900b0aE.dag/Game.Template.dll (+2 others) [CacheWrite 00000000000000000000000000000005]
[674/716    0s] CopyFiles Library/ScriptAssemblies/GreyBoxTools.pdb
[675/716    0s] CopyFiles Library/ScriptAssemblies/GreyBoxTools.dll
[676/716    0s] Csc Library/Bee/artifacts/1900b0aE.dag/Adapter.Unity.Tests.Runtime.dll (+2 others)
Packages\com.gamefoundation.adapter.unity\Tests\Runtime\ModelIntegrationTests.cs(52,30): warning CS0067: The event 'RecordingFlashSink.PendingPlaybackChanged' is never used
[677/716    0s] CopyFiles Library/ScriptAssemblies/Adapter.Unity.dll
[           0s] Csc Library/Bee/artifacts/1900b0aE.dag/Adapter.Unity.Tests.Runtime.dll (+2 others) [CacheWrite 00000000000000000000000000000005]
[678/716    0s] ILPostProcess Library/Bee/artifacts/1900b0aE.dag/post-processed/Adapter.Unity.Tests.Editor.dll (+pdb)
Processing assembly Library/Bee/artifacts/1900b0aE.dag/Adapter.Unity.Tests.Editor.dll, with 137 defines and 272 references

processors: Unity.Jobs.CodeGen.JobsILPostProcessor, zzzUnity.Burst.CodeGen.BurstILPostProcessor

running Unity.Jobs.CodeGen.JobsILPostProcessor

running zzzUnity.Burst.CodeGen.BurstILPostProcessor
[679/716    0s] CopyFiles Library/ScriptAssemblies/Unity.RenderPipelines.Universal.2D.Runtime.dll
[680/716    0s] ILPostProcess Library/Bee/artifacts/1900b0aE.dag/post-processed/Game.Template.dll (+pdb)
Processing assembly Library/Bee/artifacts/1900b0aE.dag/Game.Template.dll, with 139 defines and 268 references

processors: Unity.Jobs.CodeGen.JobsILPostProcessor, zzzUnity.Burst.CodeGen.BurstILPostProcessor

running Unity.Jobs.CodeGen.JobsILPostProcessor

running zzzUnity.Burst.CodeGen.BurstILPostProcessor
[681/716    0s] CopyFiles Library/ScriptAssemblies/Adapter.Unity.Tests.Editor.pdb
[682/716    0s] CopyFiles Library/ScriptAssemblies/Game.Template.pdb
[683/716    0s] CopyFiles Library/ScriptAssemblies/Game.Template.dll
[684/716    0s] CopyFiles Library/ScriptAssemblies/Adapter.Unity.Tests.Editor.dll
[685/716    0s] Csc Library/Bee/artifacts/1900b0aE.dag/Game.Template.Editor.dll (+2 others)
[686/716    0s] Csc Library/Bee/artifacts/1900b0aE.dag/Game.Template.Tests.dll (+2 others)
[687/716    0s] Csc Library/Bee/artifacts/1900b0aE.dag/Game.Template.EditorTests.dll (+2 others)
[           0s] Csc Library/Bee/artifacts/1900b0aE.dag/Game.Template.Editor.dll (+2 others) [CacheWrite 00000000000000000000000000000005]
[           0s] Csc Library/Bee/artifacts/1900b0aE.dag/Game.Template.Tests.dll (+2 others) [CacheWrite 00000000000000000000000000000005]
[           0s] Csc Library/Bee/artifacts/1900b0aE.dag/Game.Template.EditorTests.dll (+2 others) [CacheWrite 00000000000000000000000000000005]
[688/716    0s] ILPostProcess Library/Bee/artifacts/1900b0aE.dag/post-processed/Adapter.Unity.Tests.Runtime.dll (+pdb)
Processing assembly Library/Bee/artifacts/1900b0aE.dag/Adapter.Unity.Tests.Runtime.dll, with 139 defines and 270 references

processors: Unity.Jobs.CodeGen.JobsILPostProcessor, zzzUnity.Burst.CodeGen.BurstILPostProcessor

running Unity.Jobs.CodeGen.JobsILPostProcessor

running zzzUnity.Burst.CodeGen.BurstILPostProcessor
[689/716    0s] CopyFiles Library/ScriptAssemblies/Adapter.Unity.Tests.Runtime.pdb
[690/716    0s] ILPostProcess Library/Bee/artifacts/1900b0aE.dag/post-processed/Game.Template.Editor.dll (+pdb)
Processing assembly Library/Bee/artifacts/1900b0aE.dag/Game.Template.Editor.dll, with 137 defines and 274 references

processors: Unity.Jobs.CodeGen.JobsILPostProcessor, zzzUnity.Burst.CodeGen.BurstILPostProcessor

running Unity.Jobs.CodeGen.JobsILPostProcessor

running zzzUnity.Burst.CodeGen.BurstILPostProcessor
[691/716    0s] CopyFiles Library/ScriptAssemblies/Game.Template.Editor.pdb
[692/716    0s] ILPostProcess Library/Bee/artifacts/1900b0aE.dag/post-processed/Game.Template.EditorTests.dll (+pdb)
Processing assembly Library/Bee/artifacts/1900b0aE.dag/Game.Template.EditorTests.dll, with 137 defines and 272 references

processors: Unity.Jobs.CodeGen.JobsILPostProcessor, zzzUnity.Burst.CodeGen.BurstILPostProcessor

running Unity.Jobs.CodeGen.JobsILPostProcessor

running zzzUnity.Burst.CodeGen.BurstILPostProcessor
[693/716    0s] ILPostProcess Library/Bee/artifacts/1900b0aE.dag/post-processed/Game.Template.Tests.dll (+pdb)
Processing assembly Library/Bee/artifacts/1900b0aE.dag/Game.Template.Tests.dll, with 139 defines and 270 references

processors: Unity.Jobs.CodeGen.JobsILPostProcessor, zzzUnity.Burst.CodeGen.BurstILPostProcessor

running Unity.Jobs.CodeGen.JobsILPostProcessor

running zzzUnity.Burst.CodeGen.BurstILPostProcessor
[694/716    0s] CopyFiles Library/ScriptAssemblies/Game.Template.Editor.dll
[695/716    0s] CopyFiles Library/ScriptAssemblies/Game.Template.Tests.pdb
[696/716    0s] CopyFiles Library/ScriptAssemblies/Game.Template.EditorTests.pdb
[697/716    0s] CopyFiles Library/ScriptAssemblies/Game.Template.Tests.dll
[698/716    0s] CopyFiles Library/ScriptAssemblies/Game.Template.EditorTests.dll
[699/716    0s] CopyFiles Library/ScriptAssemblies/Adapter.Unity.Tests.Runtime.dll
[700/716    1s] Csc Library/Bee/artifacts/1900b0aE.dag/Unity.ShaderGraph.Editor.dll (+2 others)
[           0s] Csc Library/Bee/artifacts/1900b0aE.dag/Unity.ShaderGraph.Editor.dll (+2 others) [CacheWrite 00000000000000000000000000000005]
[701/716    0s] MovedFromExtractor Library/Bee/artifacts/mvdfrm/Unity.ShaderGraph.Editor.ref.dll_0F50152946DB09D0.mvfrm
[702/716    0s] MovedFromExtractor-Combine Library/Bee/artifacts/1900b0aE.dag/Unity.RenderPipelines.Universal.2D.Editor.Overrides.dll.mvfrm
[703/716    0s] MovedFromExtractor-Combine Library/Bee/artifacts/1900b0aE.dag/Unity.RenderPipelines.Universal.Editor.dll.mvfrm
[704/716    0s] ILPostProcess Library/Bee/artifacts/1900b0aE.dag/post-processed/Unity.ShaderGraph.Editor.dll (+pdb)
Processing assembly Library/Bee/artifacts/1900b0aE.dag/Unity.ShaderGraph.Editor.dll, with 137 defines and 281 references

processors: Unity.Jobs.CodeGen.JobsILPostProcessor, zzzUnity.Burst.CodeGen.BurstILPostProcessor

running Unity.Jobs.CodeGen.JobsILPostProcessor

running zzzUnity.Burst.CodeGen.BurstILPostProcessor
[705/716    0s] CopyFiles Library/ScriptAssemblies/Unity.ShaderGraph.Editor.pdb
[706/716    0s] Csc Library/Bee/artifacts/1900b0aE.dag/Unity.RenderPipelines.Universal.2D.Editor.Overrides.dll (+2 others)
[           0s] Csc Library/Bee/artifacts/1900b0aE.dag/Unity.RenderPipelines.Universal.2D.Editor.Overrides.dll (+2 others) [CacheWrite 00000000000000000000000000000005]
[707/716    0s] CopyFiles Library/ScriptAssemblies/Unity.ShaderGraph.Editor.dll
[708/716    0s] ILPostProcess Library/Bee/artifacts/1900b0aE.dag/post-processed/Unity.RenderPipelines.Universal.2D.Editor.Overrides.dll (+pdb)
Processing assembly Library/Bee/artifacts/1900b0aE.dag/Unity.RenderPipelines.Universal.2D.Editor.Overrides.dll, with 138 defines and 287 references

processors: Unity.Jobs.CodeGen.JobsILPostProcessor, zzzUnity.Burst.CodeGen.BurstILPostProcessor

running Unity.Jobs.CodeGen.JobsILPostProcessor

running zzzUnity.Burst.CodeGen.BurstILPostProcessor
[709/716    0s] CopyFiles Library/ScriptAssemblies/Unity.RenderPipelines.Universal.2D.Editor.Overrides.pdb
[710/716    0s] CopyFiles Library/ScriptAssemblies/Unity.RenderPipelines.Universal.2D.Editor.Overrides.dll
[711/716    0s] Csc Library/Bee/artifacts/1900b0aE.dag/Unity.RenderPipelines.Universal.Editor.dll (+2 others)
[           0s] Csc Library/Bee/artifacts/1900b0aE.dag/Unity.RenderPipelines.Universal.Editor.dll (+2 others) [CacheWrite 00000000000000000000000000000005]
[712/716    0s] MovedFromExtractor Library/Bee/artifacts/mvdfrm/Unity.RenderPipelines.Universal.Editor.ref.dll_0FF7AC68384616B1.mvfrm
[713/716    0s] ILPostProcess Library/Bee/artifacts/1900b0aE.dag/post-processed/Unity.RenderPipelines.Universal.Editor.dll (+pdb)
Processing assembly Library/Bee/artifacts/1900b0aE.dag/Unity.RenderPipelines.Universal.Editor.dll, with 139 defines and 287 references

processors: Unity.Jobs.CodeGen.JobsILPostProcessor, zzzUnity.Burst.CodeGen.BurstILPostProcessor

running Unity.Jobs.CodeGen.JobsILPostProcessor

running zzzUnity.Burst.CodeGen.BurstILPostProcessor
[714/716    0s] MovedFromExtractor-Combine Library/Bee/artifacts/1900b0aE.dag/PPv2URPConverters.dll.mvfrm
[715/716    0s] MovedFromExtractor-Combine Library/Bee/artifacts/1900b0aE.dag/Adapter.Unity.Editor.dll.mvfrm
[716/716    0s] CopyFiles Library/ScriptAssemblies/Unity.RenderPipelines.Universal.Editor.pdb
[717/716    0s] CopyFiles Library/ScriptAssemblies/Unity.RenderPipelines.Universal.Editor.dll
[718/716    0s] Csc Library/Bee/artifacts/1900b0aE.dag/PPv2URPConverters.dll (+2 others)
[719/716    0s] Csc Library/Bee/artifacts/1900b0aE.dag/Adapter.Unity.Editor.dll (+2 others)
[           0s] Csc Library/Bee/artifacts/1900b0aE.dag/PPv2URPConverters.dll (+2 others) [CacheWrite 00000000000000000000000000000005]
[           0s] Csc Library/Bee/artifacts/1900b0aE.dag/Adapter.Unity.Editor.dll (+2 others) [CacheWrite 00000000000000000000000000000005]
[720/716    0s] ILPostProcess Library/Bee/artifacts/1900b0aE.dag/post-processed/PPv2URPConverters.dll (+pdb)
Processing assembly Library/Bee/artifacts/1900b0aE.dag/PPv2URPConverters.dll, with 137 defines and 281 references

processors: Unity.Jobs.CodeGen.JobsILPostProcessor, zzzUnity.Burst.CodeGen.BurstILPostProcessor

running Unity.Jobs.CodeGen.JobsILPostProcessor

running zzzUnity.Burst.CodeGen.BurstILPostProcessor
[721/716    0s] ILPostProcess Library/Bee/artifacts/1900b0aE.dag/post-processed/Adapter.Unity.Editor.dll (+pdb)
Processing assembly Library/Bee/artifacts/1900b0aE.dag/Adapter.Unity.Editor.dll, with 137 defines and 282 references

processors: Unity.Jobs.CodeGen.JobsILPostProcessor, zzzUnity.Burst.CodeGen.BurstILPostProcessor

running Unity.Jobs.CodeGen.JobsILPostProcessor

running zzzUnity.Burst.CodeGen.BurstILPostProcessor
[722/716    0s] CopyFiles Library/ScriptAssemblies/PPv2URPConverters.dll
[723/716    0s] CopyFiles Library/ScriptAssemblies/Adapter.Unity.Editor.pdb
[724/716    0s] CopyFiles Library/ScriptAssemblies/PPv2URPConverters.pdb
[725/716    0s] CopyFiles Library/ScriptAssemblies/Adapter.Unity.Editor.dll
*** Tundra build success (11.41 seconds), 705 items updated, 716 evaluated
Packages\com.gamefoundation.adapter.unity\Runtime\EngineAdapter\UnityRenderer3D.cs(461,44): warning CS8602: Dereference of a possibly null reference.
Packages\com.gamefoundation.adapter.unity\Tests\Runtime\ModelIntegrationTests.cs(52,30): warning CS0067: The event 'RecordingFlashSink.PendingPlaybackChanged' is never used
AssetDatabase: script compilation time: 12.170367s
Begin MonoManager ReloadAssembly
- Loaded All Assemblies, in  4.688 seconds
Start importing Assets using Guid(00000000000000001000000000000000) (DefaultImporter) -> (artifact id: '4b55c7cb15071bfc086d0e52a7664a41') in 0.0120045 seconds
Start importing ProjectSettings/InputManager.asset using Guid(00000000000000002000000000000000) (LibraryAssetImporter) -> (artifact id: '2285e38fbefe4885a128d33e5b78ca26') in 0.0013304 seconds
Start importing ProjectSettings/TagManager.asset using Guid(00000000000000003000000000000000) (LibraryAssetImporter) -> (artifact id: '4aa03ef27a83f311e598313a3ec2fbc3') in 0.0008616 seconds
Start importing ProjectSettings/ProjectSettings.asset using Guid(00000000000000004000000000000000) (LibraryAssetImporter) -> (artifact id: 'b48967e07bae4a45f91725b938b602c5') in 0.0015012 seconds
Start importing ProjectSettings/AudioManager.asset using Guid(00000000000000006000000000000000) (LibraryAssetImporter) -> (artifact id: '7bb8de31f311db17f0fefe3abfd595f1') in 0.0008242 seconds
Start importing ProjectSettings/TimeManager.asset using Guid(00000000000000007000000000000000) (LibraryAssetImporter) -> (artifact id: '52c307e924e96ceef905bcc2cea85a00') in 0.0006845 seconds
Start importing ProjectSettings/DynamicsManager.asset using Guid(00000000000000008000000000000000) (LibraryAssetImporter) -> (artifact id: '913ceedd18932e74f6c2ac19d4bebe5c') in 0.0007058 seconds
Start importing ProjectSettings/QualitySettings.asset using Guid(00000000000000009000000000000000) (LibraryAssetImporter) -> (artifact id: '2a3472161b34c5987bdaaf563aa481ef') in 0.0008968 seconds
Start importing ProjectSettings/EditorBuildSettings.asset using Guid(0000000000000000b000000000000000) (LibraryAssetImporter) -> (artifact id: '8bb9912a251a2968e7437ee0fc3cdcac') in 0.0007354 seconds
Start importing ProjectSettings/EditorSettings.asset using Guid(0000000000000000c000000000000000) (LibraryAssetImporter) -> (artifact id: 'fdcca38f5f1944c9bec0b9f00395ab39') in 0.0006919 seconds
Start importing ProjectSettings/NavMeshAreas.asset using Guid(00000000000000004100000000000000) (LibraryAssetImporter) -> (artifact id: '4ba0a6bb5cc18b1619eb3b3f4ce570d1') in 0.0007062 seconds
Start importing ProjectSettings/Physics2DSettings.asset using Guid(00000000000000005100000000000000) (LibraryAssetImporter) -> (artifact id: 'bb8ce7f5b2d944741959db20200075a7') in 0.0007537 seconds
Start importing ProjectSettings/GraphicsSettings.asset using Guid(00000000000000006100000000000000) (LibraryAssetImporter) -> (artifact id: 'bd24df4170318e22a157b0485a3094f1') in 0.0007801 seconds
Start importing ProjectSettings/ClusterInputManager.asset using Guid(00000000000000007100000000000000) (LibraryAssetImporter) -> (artifact id: '5a028a71a6163b7bc9a46219c48662ec') in 0.0006949 seconds
Start importing ProjectSettings/UnityConnectSettings.asset using Guid(0000000000000000a100000000000000) (LibraryAssetImporter) -> (artifact id: '5a6e69f8200d884ded3f19f546ea756a') in 0.0007143 seconds
Start importing ProjectSettings/PresetManager.asset using Guid(0000000000000000b100000000000000) (LibraryAssetImporter) -> (artifact id: '669bd2cb5cdf99ef516d1350fa42393e') in 0.0006749 seconds
Start importing ProjectSettings/VFXManager.asset using Guid(0000000000000000c100000000000000) (LibraryAssetImporter) -> (artifact id: 'dd6732d958402095937fd19a0cecb735') in 0.0007037 seconds
Start importing ProjectSettings/VersionControlSettings.asset using Guid(0000000000000000d100000000000000) (LibraryAssetImporter) -> (artifact id: 'b89f810c452b248c014f182ae5caa680') in 0.0007165 seconds
Start importing ProjectSettings/MemorySettings.asset using Guid(0000000000000000f100000000000000) (LibraryAssetImporter) -> (artifact id: '189f3abde70842f4e3ec2c549c6664fd') in 0.0006508 seconds
Start importing ProjectSettings/MultiplayerManager.asset using Guid(00000000000000000200000000000000) (LibraryAssetImporter) -> (artifact id: 'f060d13f2990d90fc35c577bb4111c66') in 0.0006937 seconds
Start importing Library/BuildInstructions using Guid(00000000000000002300000000000000) (DefaultImporter) -> (artifact id: 'ade3aeda13ad9960ede0e143cb33502a') in 0.0002638 seconds
Start importing Packages/com.unity.nuget.mono-cecil using Guid(90ed072269172012fcebb3cd57b5a869) (DefaultImporter) -> (artifact id: '0d539c5c27d9466d76fd1fba9c65233b') in 0.0002572 seconds
Start importing Packages/com.unity.modules.imgui using Guid(c060426bfd6e82575228df6656368eaa) (DefaultImporter) -> (artifact id: '7d484ab5933192f91b6a2fb9f7498a1e') in 0.0002488 seconds
Start importing Packages/com.unity.modules.animation using Guid(1158e311a3101950348dcecb1bebc42d) (DefaultImporter) -> (artifact id: 'ad15220686cb46a8486da5a82128437e') in 0.0002527 seconds
Start importing Packages/com.unity.modules.xr using Guid(515638b803bef8599dbd6d5c8bdaa53e) (DefaultImporter) -> (artifact id: '5cc0ee7d1c42b8eaef23530dfcf3e4db') in 0.0002397 seconds
Start importing Packages/com.unity.searcher using Guid(42a7aa83e165f37a84c96e5d9348202d) (DefaultImporter) -> (artifact id: 'f5137bded0d0268abd615554240bfec8') in 0.000249 seconds
Start importing Packages/com.unity.modules.assetbundle using Guid(b219c86ce508e478367c0a46e1aa9fe4) (DefaultImporter) -> (artifact id: 'bc1ccff54e0e81e719a299f618cbc700') in 0.0002354 seconds
Start importing Packages/com.unity.test-framework using Guid(33265d99cc03f644590814fd7c9d9012) (DefaultImporter) -> (artifact id: 'bb6c38ffcf6f38ac724d9ac027ca0c21') in 0.000231 seconds
Start importing Packages/com.unity.test-framework.performance using Guid(93963ca519b768cbd41ce8514a1fa148) (DefaultImporter) -> (artifact id: '40d5c72f8c722b0c922a3be50a2aa72e') in 0.0002374 seconds
Start importing Packages/com.unity.inputsystem using Guid(a39e9b2bb659c51bcd404be69e7ec9d4) (DefaultImporter) -> (artifact id: '610bba90755bd58e44a4d9c0c838c491') in 0.0002354 seconds
Start importing Packages/com.unity.modules.vectorgraphics using Guid(04c6898809c37620ac863cc2a5d7c4d0) (DefaultImporter) -> (artifact id: '680f930692278d51ab0cb47a297e0ebc') in 0.0004046 seconds
Start importing Assets/Settings using Guid(0487e4ff5065dda4ab2724e5ca20d6af) (DefaultImporter) -> (artifact id: 'e2f765033efc50ce5288493e440227d1') in 0.0003125 seconds
Start importing Packages/com.unity.modules.screencapture using Guid(5469ef0820152a4ae45d400fdc4626e4) (DefaultImporter) -> (artifact id: '1b898430acdbbeb6302342e1f16ef5fd') in 0.000253 seconds
Start importing Packages/com.unity.modules.cloth using Guid(c4df1124e2787ee0c8d1a911de17ee73) (DefaultImporter) -> (artifact id: 'b88b693b590a4a0a52eea9c60170b5d2') in 0.0002382 seconds
Start importing Packages/com.unity.mathematics using Guid(45c97f030cad27ef8667e2ac80bf5783) (DefaultImporter) -> (artifact id: '9c29a0dd1dcdc096ec0904a229682a15') in 0.0002337 seconds
Start importing Packages/com.unity.modules.imageconversion using Guid(850c54ee0b9e1aa740b1c67792eb1f26) (DefaultImporter) -> (artifact id: '77f78b27bd9bac81a00a007ef6f28867') in 0.0002335 seconds
Start importing Packages/com.unity.modules.terrainphysics using Guid(95f85adeda79e994f011eb2152cf4fc9) (DefaultImporter) -> (artifact id: '361f0b2a768839d40a5a079492e0ff7f') in 0.0002339 seconds
Start importing Packages/com.unity.render-pipelines.core using Guid(a56275a986cae448896ed2b70958250c) (DefaultImporter) -> (artifact id: '22d5950f7d0e3e3e55d24bfd5dd9ec9c') in 0.0002562 seconds
Start importing Packages/com.unity.modules.unitywebrequest using Guid(c522a644a29fcab2eaf63298c118a65b) (DefaultImporter) -> (artifact id: 'd98f38a0b0a3a6ad84b730beb63727de') in 0.0002403 seconds
Start importing Packages/com.unity.modules.unitywebrequestassetbundle using Guid(d5f0b0adc6826e9dd3b72e292e8438be) (DefaultImporter) -> (artifact id: '4efb6f2729456c035f8d2599b921b1ba') in 0.0002464 seconds
Start importing Assets/TextMesh Pro using Guid(f54d1bd14bd3ca042bd867b519fee8cc) (DefaultImporter) -> (artifact id: '7e1f54d64cf3f27930ca18617e535d88') in 0.0002959 seconds
Start importing Packages/com.unity.modules.subsystems using Guid(56b94a5b6990c879bb0f057719d1064b) (DefaultImporter) -> (artifact id: '04a7449add44c3b40bdab2ee56a390af') in 0.0002471 seconds
Start importing Packages/com.unity.modules.unityanalytics using Guid(d6c6a000a805f00649b36b542e8426c2) (DefaultImporter) -> (artifact id: '50e342d51c4bbc49e9992c96072b1439') in 0.0002403 seconds
Start importing Packages/com.unity.modules.physics using Guid(d6db7caf2e852b75ebb9c6098418179c) (DefaultImporter) -> (artifact id: 'b562405fb5bd1c9305c356f8cfe7a672') in 0.0002324 seconds
Start importing Packages/com.unity.modules.vr using Guid(178008567c08e6d84014fa87825d10bb) (DefaultImporter) -> (artifact id: '73cec448275baf0a5bb22c2b6702dc1b') in 0.0002889 seconds
Start importing Packages/com.unity.modules.physics2d using Guid(376c84ea405e0f2b80562c23bb977216) (DefaultImporter) -> (artifact id: 'f030ba7c21f8c3d36c2700ba9484429e') in 0.0002991 seconds
Start importing Packages/com.unity.modules.wind using Guid(b77b1ad9c05af0412725856c6c53b037) (DefaultImporter) -> (artifact id: '61b7785e224d7c7b869e66861a5b4394') in 0.0002619 seconds
Start importing Packages/com.unity.ide.visualstudio using Guid(d7e354c831b057cfbbd14d7bdc396194) (DefaultImporter) -> (artifact id: '0cb46e262c26787287039ce4ae17fada') in 0.000265 seconds
Start importing Packages/com.unity.modules.uielements using Guid(2808ba6bccb2478ec9c7209d8bf1f3cc) (DefaultImporter) -> (artifact id: '49f971d306aab8cb20ddbc00ca94734a') in 0.0003117 seconds
Start importing Assets/Editor using Guid(3891b42197715b941b445af45ce12742) (DefaultImporter) -> (artifact id: '992565090e5c49d8fca277af066f2fa0') in 0.0003195 seconds
Start importing Packages/com.unity.modules.unitywebrequestaudio using Guid(38e3a8976f0b9c586b6dfbcef4e4066c) (DefaultImporter) -> (artifact id: 'd22a0a5dce520265216aede629a15820') in 0.0002871 seconds
Start importing Packages/com.unity.modules.particlesystem using Guid(48b10b41f58d5b49717f376cda59eeb8) (DefaultImporter) -> (artifact id: '52931c3585e961751803a41152ba5f0c') in 0.0002438 seconds
Start importing Packages/com.unity.2d.sprite using Guid(48c2824b53fb5ee91a0a4e7d340d9fa0) (DefaultImporter) -> (artifact id: '33cab0ff86a9d75158a0eef62783be04') in 0.0002404 seconds
Start importing Packages/com.unity.modules.accessibility using Guid(783ee1c8fd4414848db1be97aacf44fb) (DefaultImporter) -> (artifact id: '8e348ba1cb91a7a56d611c91d2d841c4') in 0.0002577 seconds
Start importing Assets/Resources using Guid(a830b14679bd90240becb58f856a6cd6) (DefaultImporter) -> (artifact id: '48cb3ea7a211ef9c84d0fd0b57cd346c') in 0.0061732 seconds
Start importing Packages/com.unity.render-pipelines.universal using Guid(a8a8837bc9b2a05f9c18a6e71e17973d) (DefaultImporter) -> (artifact id: '0fab98e9ed19f98fdac65d1296270acc') in 0.0004555 seconds
Start importing Packages/com.unity.modules.tilemap using Guid(09e28640d754a611467eebfb261ed749) (DefaultImporter) -> (artifact id: 'e25ff35afe7ee7ac44e2f5154ec1bf6d') in 0.0003018 seconds
Start importing Packages/com.unity.modules.ui using Guid(39728903e57c60021f80449a8bbc0096) (DefaultImporter) -> (artifact id: '9ba448b29b75a8a1f5c4c31201266424') in 0.0002742 seconds
Start importing Packages/com.unity.modules.androidjni using Guid(995c08a3305ff9f0dab5e86f340bd9a7) (DefaultImporter) -> (artifact id: 'cb17bea8d2250c1b95c120c742c59ba3') in 0.0002881 seconds
Start importing Packages/com.unity.modules.adaptiveperformance using Guid(b975297a992381c1f3257d0e96892c8a) (DefaultImporter) -> (artifact id: '1e6f2dc93c835ec2b681bcb9564bfccc') in 0.0002641 seconds
Start importing Packages/com.gamefoundation.adapter.unity using Guid(1afb0840a4e95a669269d8c3d59e4ec4) (DefaultImporter) -> (artifact id: '91bf7e751d13a5fc55a01e8ce61f1a60') in 0.0002564 seconds
Start importing Packages/com.unity.shadergraph using Guid(9a2fc9d62c0ca9a4297723b7091fa9dd) (DefaultImporter) -> (artifact id: 'cf71afb6d6b4e56dea205d1bb765cf38') in 0.0002492 seconds
Start importing Packages/com.unity.ext.nunit using Guid(aa43149513e0d0ab612ac9968c8a459c) (DefaultImporter) -> (artifact id: 'ee13436749111590db54b58b9cfcf583') in 0.0002416 seconds
Start importing Packages/com.unity.ugui using Guid(ba45605b4ba0a2d742430311e4b195c0) (DefaultImporter) -> (artifact id: 'a919a575a9d7c5344a93af2ca562af33') in 0.0002466 seconds
Start importing Packages/com.gamefoundation.conformance using Guid(faf2fc09ca1e8dcbafe0ce9c3be60448) (DefaultImporter) -> (artifact id: '2962f9dfd0b80bc79ac74161ef58b377') in 0.0002663 seconds
Start importing Assets/Framework using Guid(3ba88cc1a06e6de43b21cc44aaf8f1dd) (DefaultImporter) -> (artifact id: '4cc01a8fe617a6140009ff4062a7d2c6') in 0.0003174 seconds
Start importing Assets/StreamingAssets using Guid(5b1224e653580004792bd69c2c1de786) (DefaultImporter) -> (artifact id: '9a1ce9656bcf3a15426afb547b3894a5') in 0.0054273 seconds
Start importing Packages/com.unity.modules.hierarchycore using Guid(6b81377a4453ba7362eb3322f9bcc6c6) (DefaultImporter) -> (artifact id: 'b5ba94375de312bec58cfc03230046fb') in 0.000441 seconds
Start importing Packages/com.unity.modules.vehicles using Guid(1cf2469083ffa484da4d78dd70d708e8) (DefaultImporter) -> (artifact id: '9c6c089c957cf9dd84e226d7cd597cc4') in 0.0002906 seconds
Start importing Packages/com.unity.modules.umbra using Guid(9c7c268fa6492449654839df69f2a2f4) (DefaultImporter) -> (artifact id: '281c95feba9f039879135a452ddf9925') in 0.000268 seconds
Start importing Packages/com.unity.modules.unitywebrequestwww using Guid(dcc8c6e92b172a65719af5ddf47dd968) (DefaultImporter) -> (artifact id: '7f5a98437b302707aa44474c2ba685a9') in 0.0002933 seconds
Start importing Packages/com.unity.modules.jsonserialize using Guid(fc3a810351931f5e6183e16b9beb5563) (DefaultImporter) -> (artifact id: 'ae149b8f46567b37c6b77b16bb572fe8') in 0.0002605 seconds
Start importing Packages/com.unity.modules.director using Guid(2d142b475fbfb8cf12ba3a795194300a) (DefaultImporter) -> (artifact id: '048fe235c538004c98f298dced6201df') in 0.0002469 seconds
Start importing Packages/com.unity.burst using Guid(2db9b03aaf3d8754fea6aa2648512f8c) (DefaultImporter) -> (artifact id: '0d05881254e7fd3570cb6c5b2a1df5ba') in 0.0002396 seconds
Start importing Packages/com.unity.modules.audio using Guid(2d6ba5cbe47e6ad3c87474c56174d4e0) (DefaultImporter) -> (artifact id: '2ad5535b0c9fde796c0a268a703c42c8') in 0.0002371 seconds
Start importing Packages/com.gamefoundation.game-template using Guid(bd211d526eceb6922e711cbd25ef88a2) (DefaultImporter) -> (artifact id: '06f827e061f8b4c9e417712d45135c2d') in 0.0002396 seconds
Start importing Packages/com.unity.modules.video using Guid(ede0462698a4a5643aa9872c074acd38) (DefaultImporter) -> (artifact id: '3172065d6af8ff17b025e0af8d219d15') in 0.0002447 seconds
Start importing Packages/com.unity.modules.ai using Guid(fd871a8be47119612f7c254e96a822b7) (DefaultImporter) -> (artifact id: '619e67a2820f0fb43e606df1f0c95aa2') in 0.0002422 seconds
Start importing Packages/com.unity.collections using Guid(6ea2c6f3763d4b5a29419bcb653c9df5) (DefaultImporter) -> (artifact id: '3083acc48391fbb878c60189f22d6001') in 0.0002389 seconds
Start importing Packages/com.unity.modules.terrain using Guid(6e1c8b97ec8aa0464e92506ffe099558) (DefaultImporter) -> (artifact id: 'd262e4fb78f6fff54404eb87b88b9ac4') in 0.0002421 seconds
Start importing Packages/com.unity.render-pipelines.universal-config using Guid(9ebba4de0bc7f6a8d93a6a7ce368a4c7) (DefaultImporter) -> (artifact id: '3ecc0c7de9779d9030bf92f747830dd7') in 0.0002387 seconds
Start importing Packages/com.unity.modules.unitywebrequesttexture using Guid(6f1c7ebc8ac78cb951be24c238cbd3ba) (DefaultImporter) -> (artifact id: '590a54cd80ec2a1da1d11f7ee409e01f') in 0.0002421 seconds
Start importing Packages/com.unity.burst/Unity.Burst.CodeGen using Guid(0025085fa936303aa05b328e44651f9c) (DefaultImporter) -> (artifact id: 'da87d48daf8566acca1fe2c6c85e70c9') in 0.0003192 seconds
Start importing Packages/com.unity.collections/Unity.Collections.BurstCompatibilityGen using Guid(00a9bcd29d03e5043aad0c9a7e6185f3) (DefaultImporter) -> (artifact id: '3dd9924ad498f25718ce4d4d035f87b7') in 0.000394 seconds
Start importing Packages/com.gamefoundation.game-template/Editor using Guid(409673210373514408b0cf6bf9b5f483) (DefaultImporter) -> (artifact id: '5d19b0c8776a7cc4234a5270e50fc218') in 0.0003069 seconds
Start importing Packages/com.unity.render-pipelines.core/Editor-PrivateShared using Guid(50e0a64c6fdb90f48a1dbcfa7af69056) (DefaultImporter) -> (artifact id: '0b0f24df30bbdcd12549289cd8d34204') in 0.0003052 seconds
Start importing Packages/com.unity.render-pipelines.universal/Tests using Guid(90821e75f62bb9e4ea9d6111201e1d90) (DefaultImporter) -> (artifact id: 'a8b2f01a50cf4982779995b3da55b294') in 0.0003021 seconds
Start importing Packages/com.unity.inputsystem/DocCodeSamples.Tests using Guid(c0f26b555bfc14351a9f8ec342fd6ae8) (DefaultImporter) -> (artifact id: '108896428b26b8f66f9e2e884369a98b') in 0.0003238 seconds
Start importing Assets/TextMesh Pro/Sprites using Guid(d0603b6d5186471b96c778c3949c7ce2) (DefaultImporter) -> (artifact id: 'ff76960570277fbd034f646459b3b808') in 0.0002987 seconds
Start importing Packages/com.unity.render-pipelines.universal-config/Tests using Guid(b16c0985df25c08458c254464b931122) (DefaultImporter) -> (artifact id: '72c712d894e0ede789678c40f748a38a') in 0.0002956 seconds
Start importing Packages/com.unity.shadergraph/ShaderGraphLibrary using Guid(c1bc9b92d5eaa40f8a85c1f48ba87de9) (DefaultImporter) -> (artifact id: 'be7b64766ee5b69eb7ec498c0dbae152') in 0.0002874 seconds
Start importing Packages/com.unity.ugui/Editor Resources using Guid(d1a0a27327b54c3bac52a08929c33f81) (DefaultImporter) -> (artifact id: '89d4bdf381a63d2d738dcc151e624513') in 0.000293 seconds
Start importing Packages/com.unity.collections/Unity.Collections.Editor using Guid(d1e9e4c1f536d9246ac795d9abc62342) (DefaultImporter) -> (artifact id: '7eaed701002a9747ad365e4801cbfde1') in 0.0003058 seconds
Start importing Packages/com.unity.burst/Runtime using Guid(e1700f0d2aa03c568eaedb3efe6720f0) (DefaultImporter) -> (artifact id: '8b92d21c9a23dbc0f6bf20116309d43e') in 0.0003017 seconds
Start importing Packages/com.unity.inputsystem/Tests using Guid(f1c1e9b3951e340e48a3d2c037d6f48b) (DefaultImporter) -> (artifact id: '3ea7d62947e148c46603b1d107d03712') in 0.0002969 seconds
Start importing Packages/com.unity.inputsystem/InputSystem using Guid(f27b222630c0f4b09a77a69bead14201) (DefaultImporter) -> (artifact id: '85a808034ec5f27625135e3bd54eb352') in 0.0003123 seconds
Start importing Packages/com.unity.searcher/Editor using Guid(03d97a496f60a574f8955a1258f8f956) (DefaultImporter) -> (artifact id: '3c911fbef8c9e67f646a9f7b85a35006') in 0.0003148 seconds
Start importing Assets/Resources/GameFoundation using Guid(33f4dde7fb80f3e4b889e0062908efab) (DefaultImporter) -> (artifact id: '83f8f5cf0f5fdfa0a0f44435bc1c701e') in 0.0002934 seconds
Start importing Packages/com.unity.render-pipelines.universal/Editor using Guid(53c20613ce8ac478dba8507359e02516) (DefaultImporter) -> (artifact id: '1b7596313ce94b29aab40270d50652d8') in 0.0003038 seconds
Start importing Assets/Framework/Resources using Guid(53e7227618644e44baeb3c5fecd644fe) (DefaultImporter) -> (artifact id: '1ef4a4c0c299366a6bac172f05b475a1') in 0.0002861 seconds
Start importing Packages/com.unity.render-pipelines.core/ShaderLibrary using Guid(534c3b565c7ef4248a10594dbdf4faf1) (DefaultImporter) -> (artifact id: '2fbf526cc6816413d66c6fe72f697787') in 0.0002939 seconds
Start importing Packages/com.unity.collections/Unity.Collections.LowLevel.ILSupport using Guid(6353acf8df7d746d98d65f640d39ea47) (DefaultImporter) -> (artifact id: '3bfe95cb61b3a0d592374497b51a9e59') in 0.0003147 seconds
Start importing Packages/com.gamefoundation.game-template/Runtime using Guid(73ab42b49011c024eaf58fc637b41a4b) (DefaultImporter) -> (artifact id: '87c29fae39aae12fb2d940819c654359') in 0.0002973 seconds
Start importing Packages/com.unity.mathematics/Unity.Mathematics using Guid(b3be5912975a74cc0b42e9039d91daf1) (DefaultImporter) -> (artifact id: 'db7e4658d6f4167db080f5d152bddf79') in 0.0003049 seconds
Start importing Packages/com.unity.mathematics/Tests using Guid(e3503cbca3a6645cb8298d5cecf03cec) (DefaultImporter) -> (artifact id: '7a7efa4be2c2bba6f2efc8aff051210e') in 0.000301 seconds
Start importing Packages/com.unity.render-pipelines.universal/Shaders using Guid(248877dd7078443d6b51abf21ee7d52a) (DefaultImporter) -> (artifact id: '564022fb5e58e1dc030736cf0c6b7619') in 0.000296 seconds
Start importing Assets/TextMesh Pro/Resources using Guid(243e06394e614e5d99fab26083b707fa) (DefaultImporter) -> (artifact id: '492a8f99d56e0ec2e4a76145520dd2c7') in 0.0002845 seconds
Start importing Packages/com.gamefoundation.adapter.unity/Runtime using Guid(544c4b9dc12493d40a914ca79833f117) (DefaultImporter) -> (artifact id: 'c8a74a4ec65ad4aa83f8618adffda94a') in 0.0003155 seconds
Start importing Packages/com.unity.render-pipelines.core/Editor using Guid(74ae8146f4a01491ba1306f3db78139d) (DefaultImporter) -> (artifact id: 'bcce6bcb588ab2ebe4cd0f763d9b1c21') in 0.0003004 seconds
Start importing Packages/com.unity.collections/Unity.Collections.CodeGen using Guid(d44454e6d25878e46a8495f8a720d7c0) (DefaultImporter) -> (artifact id: 'dc5b6330d6bcd6bbb34157022b1e02b9') in 0.0003207 seconds
Start importing Packages/com.gamefoundation.game-template/Tests using Guid(853760d496abcda43a5563a7949e57d5) (DefaultImporter) -> (artifact id: '043a65435fb4dbcd5d2541c082b6c2a4') in 0.0002989 seconds
Start importing Packages/com.unity.test-framework/UnityEngine.TestRunner using Guid(950890083f4907541a6ed06d70959e49) (DefaultImporter) -> (artifact id: 'b2380b0eb08023ce063c7b7396ba8e5e') in 0.0003146 seconds
Start importing Packages/com.unity.test-framework/UnityEditor.TestRunner using Guid(95cdf27b47eb82747ba9e51f41e72a35) (DefaultImporter) -> (artifact id: '77f76be7513a4e9a3b3e2eeeb0b13cad') in 0.0003011 seconds
Start importing Packages/com.unity.collections/Unity.Collections using Guid(b5713c21e3bf34803880e60596ab7e69) (DefaultImporter) -> (artifact id: 'cfed2240ead5e584460a4650f86e225a') in 0.0003179 seconds
Start importing Packages/com.gamefoundation.game-template/data using Guid(e5f7d0c28f2dd6b44b512f130504c270) (DefaultImporter) -> (artifact id: '4f7c5f44039d77dd80bb781df6ada1e3') in 0.0003313 seconds
Start importing Packages/com.unity.nuget.mono-cecil/Tests using Guid(0600146fb26ea4138a2f66b89faa9e86) (DefaultImporter) -> (artifact id: '471bb5efc522ca1d3dc593d9c7594c0a') in 0.0003513 seconds
Start importing Packages/com.unity.2d.sprite/Editor using Guid(16fa2ad734f422245b86558310973ad1) (DefaultImporter) -> (artifact id: '9ce063a7336b14f21ccdcf65fdb6033e') in 0.000311 seconds
Start importing Packages/com.unity.burst/Editor using Guid(a6ca3ceb44ad3b13ad15d2de0caf14d0) (DefaultImporter) -> (artifact id: 'b77eb78338e9f974f17eb7df60d7cd81') in 0.0003041 seconds
Start importing Packages/com.unity.shadergraph/Tests using Guid(b67edcfd84add6e4a97f27f155b61a7b) (DefaultImporter) -> (artifact id: '8d392ba38630bc1cd2405718685f9616') in 0.0003063 seconds
Start importing Packages/com.unity.render-pipelines.universal-config/Runtime using Guid(670b80493e242394ba4eda64f09253ac) (DefaultImporter) -> (artifact id: '969fcf6c60ced85ee128f24c2e4f49ba') in 0.0003089 seconds
Start importing Packages/com.unity.test-framework/Tests using Guid(b70e28337c9001e4390442151ea5542c) (DefaultImporter) -> (artifact id: '88dd20ad2c23d64332e901fda31c7692') in 0.0002958 seconds
Start importing Packages/com.unity.test-framework.performance/Editor using Guid(0855336f89ed65c45a15c56d2269fffd) (DefaultImporter) -> (artifact id: 'e2a496ca2a54bc21997c75cf10ea96b9') in 0.000316 seconds
Start importing Assets/Framework/Scenes using Guid(1861ad3c0808f944a80ba1e151e226a9) (DefaultImporter) -> (artifact id: 'e99f5adba4e71573d5d1200bd5fc0474') in 0.0002959 seconds
Start importing Packages/com.unity.ugui/Tests using Guid(d850db319a63d2546932ff76fe55a498) (DefaultImporter) -> (artifact id: '87ed2bbc25b91c58b304abd09ed3aaba') in 0.0003019 seconds
Start importing Packages/com.unity.render-pipelines.core/Shaders using Guid(1966e5ee4a6d00344b701c86ac98a770) (DefaultImporter) -> (artifact id: 'a76a0467b16d8ab2206ade82af08c20f') in 0.0003152 seconds
Start importing Assets/StreamingAssets/GameFoundation using Guid(59effe9f9c861b94db87960edd9c7b8c) (DefaultImporter) -> (artifact id: 'b6bf181b8125c793211945a21e75d7c3') in 0.0064451 seconds
Start importing Packages/com.unity.render-pipelines.universal/Textures using Guid(6970e3730c799f44ab472c8aa6c4b431) (DefaultImporter) -> (artifact id: 'bf7de6916e6788a6ccf01880f1701369') in 0.0005177 seconds
Start importing Packages/com.unity.render-pipelines.universal/Runtime using Guid(79e8584360be43649ad60cb0f180e904) (DefaultImporter) -> (artifact id: '982b85db3ea9db95dfe6f54103330194') in 0.000402 seconds
Start importing Packages/com.unity.render-pipelines.core/Runtime using Guid(89c766a6aa0579c4b9f01bbbe5a45dfd) (DefaultImporter) -> (artifact id: 'f8fc9448182db0343cb00dae7a6184e4') in 0.0003425 seconds
Start importing Assets/TextMesh Pro/Shaders using Guid(e9f693669af91aa45ad615fc681ed29f) (DefaultImporter) -> (artifact id: 'a6cbbc51cecdec7ef9d1947d55f4f6c4') in 0.000317 seconds
Start importing Packages/com.gamefoundation.adapter.unity/Editor using Guid(0aede752c2242114ab0dcde95074f307) (DefaultImporter) -> (artifact id: 'fbe48a60ce80fe46fd6cee3e6f9afba0') in 0.0003083 seconds
Start importing Packages/com.unity.ide.visualstudio/Editor using Guid(4a707af59e3522d43afe34dfc4429b86) (DefaultImporter) -> (artifact id: 'f88aacd1454d2c39e5a3237a55a704b1') in 0.0003115 seconds
Start importing Assets/TextMesh Pro/Fonts using Guid(6ab70aee4d56447429c680537fbf93ed) (DefaultImporter) -> (artifact id: 'c251e92955171044e7f709e755488c1e') in 0.0003013 seconds
Start importing Packages/com.unity.ugui/Runtime using Guid(aa14b70e6a58c5b4fa6663623e3dca91) (DefaultImporter) -> (artifact id: 'fa7aa1d533b272bf79afdbd5404453cd') in 0.0003243 seconds
Start importing Packages/com.unity.shadergraph/GraphTemplates using Guid(ba49d6ca56964cc28bd1278524ad02a1) (DefaultImporter) -> (artifact id: '1db1c4bf1700b8661fc26a18a25a98d8') in 0.0003124 seconds
Start importing Packages/com.unity.collections/Unity.Collections.Tests.Playmode using Guid(1bc474d6c48563e48bf377774df23cb1) (DefaultImporter) -> (artifact id: '00df3bec1f22919a9dfe00e1760c2354') in 0.0003245 seconds
Start importing Packages/com.unity.render-pipelines.core/Runtime-PrivateShared using Guid(3bc3c7fe1d0033c4aaa7cd04fe5ba574) (DefaultImporter) -> (artifact id: 'e069b3d81777c5587acb66dc67ef292c') in 0.0003153 seconds
Start importing Packages/com.unity.searcher/Tests using Guid(4b666628832cadb45b2a56d441fc8220) (DefaultImporter) -> (artifact id: 'feb63d593cfd52f4f481a22bb42033fd') in 0.0003055 seconds
Start importing Packages/com.unity.collections/Unity.Collections.PerformanceTests using Guid(4c3b5584c2c4c483b9816878d89d3793) (DefaultImporter) -> (artifact id: '1ec40f0db75de92f464c23a2e6f73533') in 0.0003081 seconds
Start importing Packages/com.unity.collections/Unity.Collections.Tests using Guid(5c67b9b0b7cb745ff9944601a5b65149) (DefaultImporter) -> (artifact id: '74fa25095f66dc387ef11e14b714dc4d') in 0.0002998 seconds
Start importing Packages/com.gamefoundation.conformance/Runtime using Guid(5cfaeaa8c57f65443ba6930990c3cc07) (DefaultImporter) -> (artifact id: 'eb330ace685113e6be3fbfab8b634636') in 0.00029 seconds
Start importing Packages/com.unity.render-pipelines.core/Tests using Guid(6c67acbbc1ebd5a479b3bef04c939d02) (DefaultImporter) -> (artifact id: '7334d2748cec619bf95b7956addd5ff1') in 0.0003141 seconds
Start importing Packages/com.unity.render-pipelines.universal/ShaderLibrary using Guid(2de5b472450204ae2853db2cb6a2540a) (DefaultImporter) -> (artifact id: 'd34fd82b23d644112ff05e85decdabfe') in 0.0003023 seconds
Start importing Packages/com.unity.collections/DocCodeSamples.Tests using Guid(ed2c1c145cb193d4d8987d3886bc12b4) (DefaultImporter) -> (artifact id: '26636d22e55ca5da8c3e23d89b25fa92') in 0.0002993 seconds
Start importing Packages/com.unity.mathematics/Unity.Mathematics.Editor using Guid(ed3cf288b647446a1a4040049eb363d7) (DefaultImporter) -> (artifact id: 'd3eca6a996482eb62a5232eb96f5fb32') in 0.0002971 seconds
Start importing Packages/com.unity.ugui/Package Resources using Guid(5ec95f4d5b2d1f14e9ff8682562553f9) (DefaultImporter) -> (artifact id: '20161e53e484de6465e75d382f9dbde6') in 0.000291 seconds
Start importing Packages/com.unity.test-framework.performance/Runtime using Guid(6edbafb3b8c712640ae66bb69eabb0a8) (DefaultImporter) -> (artifact id: 'e87c74f33b2b99dd5ff05c90cdbea71a') in 0.0002973 seconds
Start importing Packages/com.unity.2d.sprite/Tests using Guid(7e2656e167a517b4d8552ba38f4b7bbe) (DefaultImporter) -> (artifact id: '9162fd1aa14def45d2947dece82f8d2e') in 0.0002972 seconds
Start importing Packages/com.gamefoundation.adapter.unity/Tests using Guid(7e3f6cf24903f47419fd6c281fdf2d0c) (DefaultImporter) -> (artifact id: '091c95e5f63f1b4ce632635ead2dd492') in 0.0002956 seconds
Start importing Packages/com.unity.ugui/Editor using Guid(bee384ad5b4d1a843a018082e7db53cd) (DefaultImporter) -> (artifact id: 'cc2ff2381a5068f9e19e880ea4d9c9b1') in 0.000314 seconds
Start importing Packages/com.unity.collections/Unity.Collections.PerformanceTests.Internal using Guid(ee3c6001d6f4bbf409631328fb4cd463) (DefaultImporter) -> (artifact id: 'c249378977d3bb66d7182029bc57efbf') in 0.0003251 seconds
Start importing Packages/com.unity.shadergraph/Editor using Guid(af35822cb60c9a44cba3e3f0317ac0ac) (DefaultImporter) -> (artifact id: '7261d79a32e2d81e40b6ce40e175d685') in 0.0003085 seconds
Start importing Packages/com.unity.ext.nunit/net40 using Guid(af19581c6078849139e0671f575e4b7c) (DefaultImporter) -> (artifact id: '7cfa80f12945c74956f086b3610c7a51') in 0.000293 seconds
Start importing Packages/com.unity.render-pipelines.core/Runtime/Settings using Guid(00a116691603d1943905c38f0640a134) (DefaultImporter) -> (artifact id: '71cdd0fd3619dac82c43ddf098391e87') in 0.0003241 seconds
Start importing Packages/com.unity.render-pipelines.universal/Editor/BuildProcessors using Guid(00b78da5a2abda548bce3022822ebb7f) (DefaultImporter) -> (artifact id: '17b04a667c6324d4842128cb417b9dc8') in 0.0003019 seconds
Start importing Packages/com.unity.ugui/Editor/TMP using Guid(10d1425d9e87841d9a9deafe9e93a6f2) (DefaultImporter) -> (artifact id: 'b78a297ad64c4d78728ae683af3e5658') in 0.0003072 seconds
Start importing Packages/com.unity.2d.sprite/Editor/Assets using Guid(20c685e07fa93400e9c30b0326f57bfd) (DefaultImporter) -> (artifact id: 'f4b8df3d516fc647b43d3555215c3262') in 0.000297 seconds
Start importing Packages/com.gamefoundation.adapter.unity/Runtime/Plugins using Guid(300b6bfb32721f248bb1ff1eede84dba) (DefaultImporter) -> (artifact id: 'dd0aa9825d0be2c0f034d1bb3f08c64f') in 0.0002907 seconds
Start importing Packages/com.unity.test-framework.performance/Editor/TestReportGraph using Guid(30bb01dc09cb89b4faf344490fee76a7) (DefaultImporter) -> (artifact id: 'c056d2cc8d67d2551a8b28858fc6c1f5') in 0.0003041 seconds
Start importing Packages/com.unity.render-pipelines.universal/Editor/AssetPostProcessors using Guid(80a17677e8c9b3040a01d400cf19819f) (DefaultImporter) -> (artifact id: '888f321c84e356bfb3319529276d7267') in 0.000315 seconds
Start importing Packages/com.unity.render-pipelines.core/Editor/Properties using Guid(80eb240eb8f49794ea98245f43a29de6) (DefaultImporter) -> (artifact id: 'f1cbee2d0f1121fcbdeee7f1a0559a41') in 0.0003185 seconds
Start importing Packages/com.unity.render-pipelines.core/Editor/UXML using Guid(a05d5395a414809438a369bcd59aa8d0) (DefaultImporter) -> (artifact id: 'dbd2f74a563c48e2929158308bbf1db2') in 0.0003025 seconds
Start importing Packages/com.unity.test-framework.performance/Runtime/Measurements using Guid(c0c170ab616b34944bcd5e75cfcb9d06) (DefaultImporter) -> (artifact id: '1d464c796009f8842937b83aa02f7d7a') in 0.0003061 seconds
Start importing Packages/com.unity.ext.nunit/net40/unity-custom using Guid(c0673f99c7a5d42e081a6f88c5a37862) (DefaultImporter) -> (artifact id: 'f4fcd55258eeff1a5f459a9ca176b6e0') in 0.0002976 seconds
Start importing Packages/com.unity.render-pipelines.core/Runtime/Debug using Guid(c09a0a5d80ce97c43b5ad0099fdc8bca) (DefaultImporter) -> (artifact id: '3e421762bdc735d372c0719bee1c0c46') in 0.0002985 seconds
Start importing Packages/com.unity.shadergraph/Editor/ShaderGUI using Guid(c03d0f7d344c4c0a877eea9f1a0168fd) (DefaultImporter) -> (artifact id: '5458946980227493f80136b1555a48e2') in 0.0002918 seconds
Start importing Packages/com.unity.shadergraph/Editor/Utilities using Guid(f09c1bd643b38480bba505d3a9023457) (DefaultImporter) -> (artifact id: '36f24709c8aa53207503157df67777aa') in 0.00037 seconds
Start importing Packages/com.unity.render-pipelines.core/Runtime/Volume using Guid(1189cbf559a12c64e92584c52d17a4a0) (DefaultImporter) -> (artifact id: '53b6479165a7b813c8748aebd76c13be') in 0.0003269 seconds
Start importing Packages/com.unity.render-pipelines.universal/Runtime/Decal using Guid(219911eb3a3b7d54e8218af5aca772dd) (DefaultImporter) -> (artifact id: 'e740b194dad2c3486d8cb30954c27bed') in 0.0003082 seconds
Start importing Assets/TextMesh Pro/Resources/Sprite Assets using Guid(512a49d95c0c4332bdd98131869c23c9) (DefaultImporter) -> (artifact id: '99c80ca869fb34ad86b8bf697bdd76d1') in 0.0003058 seconds
Start importing Packages/com.unity.ugui/Runtime/TMP using Guid(619aadd8f276341ca84d7ad5a9c6db21) (DefaultImporter) -> (artifact id: '5308cedcd74d43682790fc7238a9d1e2') in 0.0003574 seconds
Start importing Packages/com.unity.render-pipelines.core/Editor/ShaderStripping using Guid(61ff35fb502752843acbefd0946f06f6) (DefaultImporter) -> (artifact id: '4750eb5caf7eb9c959580594c1bba763') in 0.0003102 seconds
Start importing Packages/com.unity.render-pipelines.universal/Editor/Tools using Guid(715d10cee9082354a92701de6d5f6527) (DefaultImporter) -> (artifact id: '1672004ddfc0d3b744b6f8d12df65f51') in 0.0003119 seconds
Start importing Packages/com.unity.render-pipelines.universal/Textures/SMAA using Guid(8175402ae6bf2a84f929602544c44007) (DefaultImporter) -> (artifact id: '6f93c121ce3744458896cfe94235a7d6') in 0.0002994 seconds
Start importing Packages/com.unity.mathematics/Unity.Mathematics/Geometry using Guid(8179f9b7bb3904f5ba86140bea0a128b) (DefaultImporter) -> (artifact id: 'c49907dbfdabccf49117d4ea50ab372d') in 0.0003155 seconds
Start importing Packages/com.unity.render-pipelines.universal/Runtime/Debug using Guid(91be52194fd414eefb9f1bc39b89292e) (DefaultImporter) -> (artifact id: '22a7aa4a1783cebe5eed9b965704bcf3') in 0.0003202 seconds
Start importing Packages/com.unity.shadergraph/Editor/Importers using Guid(a1485bce8acd0428fae1525629b9ed8b) (DefaultImporter) -> (artifact id: 'ffbfeb695b117171855aba615cf49e01') in 0.0003001 seconds
Start importing Packages/com.unity.render-pipelines.core/Tests/Runtime using Guid(a189334a4e37b1247af4cfcedc20802c) (DefaultImporter) -> (artifact id: '5d0715f6352ce69bd8fb3242a68e058e') in 0.0002989 seconds
Start importing Packages/com.unity.2d.sprite/Editor/Interface using Guid(b1c7f0c50b0c1d7458d2d0a50ebfefef) (DefaultImporter) -> (artifact id: '560ec512e87c3504717dc1653907d648') in 0.0003196 seconds
Start importing Packages/com.unity.render-pipelines.core/Editor/RenderGraph using Guid(e13f2d6c38d76c24fb156d9537c72359) (DefaultImporter) -> (artifact id: 'c3f2d2e665379b76ac58e092f6c2a4e0') in 0.0003105 seconds
Start importing Packages/com.unity.render-pipelines.universal/Textures/BlueNoise64 using Guid(2213abb41e048da4ca7f2acee56cf116) (DefaultImporter) -> (artifact id: '4c576888a046efa726e1f507707435f1') in 0.0003149 seconds
Start importing Packages/com.unity.render-pipelines.universal/Editor/SceneTemplates using Guid(32bf03fc07b2a4f00adb3eaf74edcdf3) (DefaultImporter) -> (artifact id: 'fd3d9e3bbca758bbe3cfbb679fc9a493') in 0.0002995 seconds
Start importing Packages/com.unity.shadergraph/Editor/Drawing using Guid(628a36608983fbe49bd5b01cc799f525) (DefaultImporter) -> (artifact id: '83c71d4c4fb5be23ca8e872ac75a2792') in 0.0002965 seconds
Start importing Packages/com.gamefoundation.game-template/Tests/Editor using Guid(922fb7cf5a0d4167929fc57256afb218) (DefaultImporter) -> (artifact id: '61a86ea7d4cdb1a408bad42faec690dd') in 0.0002958 seconds
Start importing Packages/com.unity.render-pipelines.core/Editor/Lighting using Guid(a20277bec4b2cc14dbfbc6e401f1f8f1) (DefaultImporter) -> (artifact id: 'b046047c1773b5cff587b8c266b0206a') in 0.0003006 seconds
Start importing Packages/com.unity.render-pipelines.core/Runtime/CommandBuffers using Guid(b28b41cdfaae53042830c0db923255d7) (DefaultImporter) -> (artifact id: '262fd67d935333fca60aa9b9fba7c22d') in 0.0002973 seconds
Start importing Packages/com.unity.render-pipelines.universal/Runtime/Passes using Guid(c2a16f045b3148e4f9d0d62614a81a61) (DefaultImporter) -> (artifact id: '2c33f2c7e98ebcfcb18a4f97958b2d5b') in 0.0002932 seconds
Start importing Packages/com.unity.render-pipelines.core/Editor/Icons using Guid(d282282bdd9a39349a3f4642751d8e2b) (DefaultImporter) -> (artifact id: '4b3dfa858da787b5b2b47c8e9a1f999e') in 0.0002966 seconds
Start importing Packages/com.unity.render-pipelines.core/Editor-PrivateShared/AssetCallbacks using Guid(d2b6d2a66db8e07418eae9d75a2ebb55) (DefaultImporter) -> (artifact id: '0f331240f6fa70c492d72b0a4a532e35') in 0.0003139 seconds
Start importing Packages/com.unity.test-framework.performance/Runtime/Attributes using Guid(d2bd35c14da30b94c81ec15c7db30136) (DefaultImporter) -> (artifact id: '2686fafd4fe31f00916d69115d66d98c') in 0.0003132 seconds
Start importing Packages/com.unity.render-pipelines.universal/Editor/ShaderGUI using Guid(e2eccaf646dce46a69c0224eb55c61a2) (DefaultImporter) -> (artifact id: '59405a9be535d2e9720149365de02558') in 0.0002967 seconds
Start importing Packages/com.unity.render-pipelines.core/Runtime/ShaderLibrary using Guid(f259e8e6a245f82429441223b86481b7) (DefaultImporter) -> (artifact id: '94068eed1fa26ea6fca6ca33a0f922af') in 0.0003024 seconds
Start importing Packages/com.unity.test-framework.performance/Runtime/Data using Guid(0369bc643b4a11246a869e582c0f275a) (DefaultImporter) -> (artifact id: '92fd8c6c39ee2a0b810ba93c1dbcf93d') in 0.0003048 seconds
Start importing Packages/com.unity.render-pipelines.core/Editor/Settings using Guid(130ba52451e62e4419a846fc6cd89ab3) (DefaultImporter) -> (artifact id: '5cc4ab05d97f7eac50924879580caad4') in 0.0003006 seconds
Start importing Packages/com.unity.render-pipelines.core/Editor/Volume using Guid(138c0b127ef07fd428612196694d782f) (DefaultImporter) -> (artifact id: 'b94fd6be057f8848d5e9d4fedbbb5380') in 0.0002913 seconds
Start importing Packages/com.unity.render-pipelines.core/Editor/Camera using Guid(234fa6c8645c73d4e8857414e1823942) (DefaultImporter) -> (artifact id: '44ae56467bd0e900a5d45659904b071a') in 0.000293 seconds
Start importing Packages/com.unity.collections/Unity.Collections.PerformanceTests/Unity.PerformanceTesting.Benchmark using Guid(336c58ff186c3f245a1e3353bd539093) (DefaultImporter) -> (artifact id: '568ca3ef0c7f2999c4ad967636184c1d') in 0.0003087 seconds
Start importing Packages/com.unity.inputsystem/InputSystem/Runtime using Guid(432210e3fbc6542d4b9770ed939fc0a7) (DefaultImporter) -> (artifact id: '7a627be638cf0b9e4e36e4424305cb0f') in 0.0003006 seconds
Start importing Packages/com.unity.render-pipelines.core/Runtime/RenderGraph using Guid(43d913b927fc7e84db1f869b3aa27324) (DefaultImporter) -> (artifact id: '78abf442aa70eb28da92b53d5582ea3a') in 0.0002961 seconds
Start importing Assets/TextMesh Pro/Resources/Fonts & Materials using Guid(731f1baa9d144a9897cb1d341c2092b8) (DefaultImporter) -> (artifact id: '7c46c9dc79cf2ed854752bbad7792141') in 0.0003135 seconds
Start importing Packages/com.unity.render-pipelines.universal/Shaders/Debug using Guid(83e12e3399064822abd3e69798ce3053) (DefaultImporter) -> (artifact id: '7fc5ebf51e3fce3c7894b877f2d19f5a') in 0.0003 seconds
Start importing Packages/com.unity.2d.sprite/Editor/UI using Guid(93511675f113bf744a830b91761ead82) (DefaultImporter) -> (artifact id: '9d55b6fc713f1fa9ee5d10d621ee12b8') in 0.0003021 seconds
Start importing Packages/com.unity.ugui/Tests/Editor using Guid(936bea4b2545c4a4fad2e623b0f6371f) (DefaultImporter) -> (artifact id: '75f26d3f4c8aedba3eb80398ab395bd8') in 0.0003049 seconds
Start importing Packages/com.unity.test-framework/UnityEditor.TestRunner/UnityTestProtocol using Guid(936c6340f3468444ebb1785b4c311126) (DefaultImporter) -> (artifact id: '483d26fa6f42e15acd6790bf9c72ba8c') in 0.0003151 seconds
Start importing Packages/com.unity.render-pipelines.universal/Editor/2D using Guid(b3fb8b56aca55544ca9b8d53bc19e031) (DefaultImporter) -> (artifact id: 'f13e7f5b099b5adb2088dc40a1b3bd14') in 0.0002969 seconds
Start importing Packages/com.unity.mathematics/Unity.Mathematics/Properties using Guid(d3e017d9ad3f00a4c9e234b0236911b7) (DefaultImporter) -> (artifact id: 'b01fd5d2b1f671ec0cf32c26fb4e248e') in 0.0003107 seconds
Start importing Packages/com.unity.2d.sprite/Editor/SpriteEditor using Guid(d32377b23cb0c8b46a545d7014fff425) (DefaultImporter) -> (artifact id: 'd1a366d43c3379ffaceb5b4b674273a3') in 0.0010185 seconds
Start importing Packages/com.unity.render-pipelines.universal-config/Tests/Editor using Guid(e3c6a2f8ffe72de4bb4f45bbe266aff8) (DefaultImporter) -> (artifact id: 'eab632cf043eb9ea3084bc94d8596616') in 0.0003274 seconds
Start importing Packages/com.unity.inputsystem/Tests/TestFixture using Guid(e349610bc4b1546dd94c6dab37414d2b) (DefaultImporter) -> (artifact id: 'a460582bae2687b0603f24734715cfc5') in 0.0003083 seconds
Start importing Packages/com.unity.render-pipelines.universal/Shaders/XR using Guid(e3ddeb98d5e10214c9be71d26faa6a3d) (DefaultImporter) -> (artifact id: '51fe14c1f4edc68fbb1b3c9b8e1a0045') in 0.0003067 seconds
Start importing Packages/com.gamefoundation.adapter.unity/Runtime/Presentation using Guid(e3cf9099ab1cf5549bc93d41fccaa457) (DefaultImporter) -> (artifact id: 'c8bf9a0fd76482d59db800db4efc655b') in 0.0003072 seconds
Start importing Packages/com.unity.render-pipelines.core/Runtime/RenderPipelineResources using Guid(04761276653403a4eabf75af352fea54) (DefaultImporter) -> (artifact id: '13e22077a3c65e9b1f212a9bbb19acc9') in 0.0003084 seconds
Start importing Packages/com.unity.render-pipelines.core/ShaderLibrary/Sampling using Guid(14115a7568c4882499f59039a0585e3b) (DefaultImporter) -> (artifact id: '929c43f7605fef7204381429549df66c') in 0.0003014 seconds
Start importing Packages/com.unity.render-pipelines.core/Runtime/Utilities using Guid(143a724c7d97a19439bac5e37bfbba35) (DefaultImporter) -> (artifact id: 'c3d0357b8d8d45185084b70af49151d2') in 0.0002972 seconds
Start importing Packages/com.unity.render-pipelines.universal/Tests/Runtime using Guid(144dd1c434d67bc40adbcae6c42e6e6c) (DefaultImporter) -> (artifact id: '6b5a726ae312f096b20c5f066d4f7ee8') in 0.0002901 seconds
Start importing Packages/com.unity.searcher/Tests/Editor using Guid(34555e4b3f5c96648900053f19531c68) (DefaultImporter) -> (artifact id: '8b036b715cecc5dcafae477fc66b9e4c') in 0.0003038 seconds
Start importing Packages/com.unity.render-pipelines.universal/Editor/VFXGraph using Guid(44a46d70e436db941b2b861eaebed089) (DefaultImporter) -> (artifact id: '92dfaa43f5042775707ca3ad657d7ca2') in 0.0003065 seconds
Start importing Packages/com.unity.shadergraph/Editor/Resources using Guid(64c9c5df0004c44f0896e816c69c7aa1) (DefaultImporter) -> (artifact id: 'e8af06982c7c66e9403baf3ad48e9d19') in 0.0002983 seconds
Start importing Packages/com.unity.render-pipelines.core/Editor/STP using Guid(645a313df7299734ea75e87c37e6addb) (DefaultImporter) -> (artifact id: 'b40905f63465408f48e481c384cc2daa') in 0.0002881 seconds
Start importing Packages/com.unity.render-pipelines.universal/Tests/Editor using Guid(64cd425d88561ea488dfaf36cceaac01) (DefaultImporter) -> (artifact id: 'bf7614af4279cbf808c4213ea914b9cd') in 0.0002876 seconds
Start importing Packages/com.unity.mathematics/Tests/Properties using Guid(749a3b666b115be46b00490e7232fb1b) (DefaultImporter) -> (artifact id: '09da078a34e113d21562f7936e5f2473') in 0.0002918 seconds
Start importing Packages/com.unity.shadergraph/Tests/Editor using Guid(8453a00e344fd7e408223e92fc924cc2) (DefaultImporter) -> (artifact id: '052966781480ac10fb68eaad3af58ef1') in 0.0003159 seconds
Start importing Packages/com.gamefoundation.adapter.unity/Tests/Runtime using Guid(94223e466da833044acf327b836dc968) (DefaultImporter) -> (artifact id: '6db3d6c657215f07be83fa9b038c3876') in 0.0002957 seconds
Start importing Packages/com.unity.test-framework/UnityEditor.TestRunner/CommandLineTest using Guid(b477d1f29b65a674e9d5cdab4eb72b01) (DefaultImporter) -> (artifact id: 'd7abe359a1b05afd93dcd5b5d76cf33e') in 0.0003005 seconds
Start importing Packages/com.unity.burst/Runtime/Editor using Guid(c433e85ffb033bc99961d95aba84d010) (DefaultImporter) -> (artifact id: '5eb0c2ed7bac43c0b79310451cd8e81e') in 0.0002978 seconds
Start importing Packages/com.unity.shadergraph/Editor/Serialization using Guid(c495761f69a84f0fba9c9bd2b9cbdf86) (DefaultImporter) -> (artifact id: '9526714e877b7551b243bb717b662a34') in 0.0003147 seconds
Start importing Packages/com.unity.shadergraph/Editor/Util using Guid(e45006b8ac3b76f4aa0df05ea8514cbe) (DefaultImporter) -> (artifact id: 'cbd62b08dd41dc0e33b4c10d1c54abbc') in 0.0002992 seconds
Start importing Packages/com.unity.render-pipelines.universal/Runtime/XR using Guid(0550ca8fecc5a38488e598126238413d) (DefaultImporter) -> (artifact id: '0929fa18d1855143a9ff6aa9455507ae') in 0.0002975 seconds
Start importing Packages/com.unity.collections/Unity.Collections.Tests/Jobs using Guid(15816ede41b819e439cb53115efc62b0) (DefaultImporter) -> (artifact id: '1a08485c28cefb119264fdd980af9c78') in 0.0003098 seconds
Start importing Packages/com.unity.shadergraph/GraphTemplates/Cross Pipeline using Guid(15b418f3a4e2a7f40ac71211fd58d4ec) (DefaultImporter) -> (artifact id: 'b8e0aad76e7d69a421400bce20a5a073') in 0.0002997 seconds
Start importing Packages/com.unity.render-pipelines.universal/Textures/FilmGrain using Guid(35e7db2dee6acee439714675bb2193f9) (DefaultImporter) -> (artifact id: '3f88fa4c5b15bdff5975704c71b5d152') in 0.000289 seconds
Start importing Packages/com.unity.render-pipelines.core/Runtime/ShaderGenerator using Guid(4545c8d908390cb4da76ded2ad888b12) (DefaultImporter) -> (artifact id: '6246639d9b65e4bc309465d9ed472b08') in 0.0002967 seconds
Start importing Packages/com.unity.nuget.mono-cecil/Tests/Editor using Guid(45ad7246e4741472187b3dbd3cfff518) (DefaultImporter) -> (artifact id: '801dfbd8c224532ed73112e7c1e41051') in 0.0003004 seconds
Start importing Packages/com.unity.inputsystem/Tests/IntegrationTests using Guid(857f018a2ed885449804cf82b4fec116) (DefaultImporter) -> (artifact id: '487a34d5fd52cd00f4c4f82fbed92400') in 0.000297 seconds
Start importing Packages/com.unity.test-framework/UnityEditor.TestRunner/TestSettings using Guid(95b719082a664ea45bb56759eed1f271) (DefaultImporter) -> (artifact id: '4d0b04fada6b6a6a34a84bcd27e10c97') in 0.0002954 seconds
Start importing Packages/com.unity.ugui/Tests/Runtime using Guid(c545241cf2e56ec4997d7677f01ef43d) (DefaultImporter) -> (artifact id: '88e2b3e1f7bbb56cb1f91f83f053765b') in 0.0002972 seconds
Start importing Packages/com.unity.ugui/Editor/Analytics using Guid(c52726d811a9f66459355df6b0c3977b) (DefaultImporter) -> (artifact id: '4154f772d9b7cf6fccdb594f4e326893') in 0.000294 seconds
Start importing Packages/com.unity.render-pipelines.core/Runtime/GPUDriven using Guid(c54d18b06b9c0f64db431a9751e89877) (DefaultImporter) -> (artifact id: 'a1f5951fcafc929eebff96d43263e772') in 0.0002929 seconds
Start importing Packages/com.unity.burst/Runtime/CompilerServices using Guid(d549366794d73f618193482d7f40ae75) (DefaultImporter) -> (artifact id: '464ae15b57cadd431d480396f133d94a') in 0.0003073 seconds
Start importing Packages/com.unity.render-pipelines.core/ShaderLibrary/Shadow using Guid(d52d6e1ad3dca474ebd73d054d17fb2e) (DefaultImporter) -> (artifact id: '3acced90f34cc2dc6004f5ab63ea103b') in 0.0003029 seconds
Start importing Packages/com.unity.render-pipelines.core/Editor/Analytics using Guid(d51fac0e1a1a7074ab4397427e551ea5) (DefaultImporter) -> (artifact id: '94895059012818e74f236ed5a5869bc8') in 0.0002919 seconds
Start importing Packages/com.unity.render-pipelines.universal/Runtime/Data using Guid(d59f1663563e245fabce035da7cecd75) (DefaultImporter) -> (artifact id: '3ec27e02d64b7de4e93a6ca1fc5f258f') in 0.0002998 seconds
Start importing Packages/com.unity.shadergraph/Editor/Generation using Guid(e51156e26e632ae4faebae701a3bff82) (DefaultImporter) -> (artifact id: '34bdca27e9d0d24b89427f99e2300b13') in 0.0003089 seconds
Start importing Packages/com.unity.render-pipelines.core/Editor/Resources using Guid(e528aa751bf6fe44398a1f70eaac287c) (DefaultImporter) -> (artifact id: '73b67bafb434752125980f8cb7ea3a61') in 0.0003262 seconds
Start importing Packages/com.unity.render-pipelines.core/Runtime/Common using Guid(e58bd4f13d26cde488393d3a2e9bf9cd) (DefaultImporter) -> (artifact id: '906e170ac82ef94cd5d669f66cbfd953') in 0.0002924 seconds
Start importing Packages/com.unity.render-pipelines.core/Editor/CustomRenderTexture using Guid(f5415ef8821c020469ee7e810da8b3ff) (DefaultImporter) -> (artifact id: '87e31899cf21e0df324967007ab7dfec') in 0.0002921 seconds
Start importing Packages/com.unity.render-pipelines.universal/Editor/Gizmos using Guid(f5e37a0064cfb07429ae6ca5b82debc2) (DefaultImporter) -> (artifact id: '94ba2c3f1a879dd5c35d5e9a9d88879f') in 0.0003299 seconds
Start importing Packages/com.unity.shadergraph/Editor/Data using Guid(f56929b05da66c942ad2e3fe376346fa) (DefaultImporter) -> (artifact id: '2734f35c57be9c456f4e50c2c2902fbb') in 0.0003268 seconds
Start importing Packages/com.unity.shadergraph/Editor/Extensions using Guid(f57abe45f65794ead8ea70a427e17eb7) (DefaultImporter) -> (artifact id: 'e8093d8c33a7f145411a30993d8fa7e4') in 0.0002972 seconds
Start importing Packages/com.unity.render-pipelines.universal/Editor/DefaultScene using Guid(0660d0bf211d87048b02c8eca725dee2) (DefaultImporter) -> (artifact id: '42474b480308485b24a60a64c652077f') in 0.0002974 seconds
Start importing Packages/com.unity.ide.visualstudio/Editor/COMIntegration using Guid(36422aa067e092e45b9820da2ee3e728) (DefaultImporter) -> (artifact id: '6c0ecbb9a0b572c9ee8007b4e0cd8626') in 0.0002994 seconds
Start importing Packages/com.unity.test-framework/UnityEditor.TestRunner/CommandLineParser using Guid(7602252bdb82b8d45ae3483c3a00d3e1) (DefaultImporter) -> (artifact id: '7f4042be8b266d41f83337d8fd3e2897') in 0.0003095 seconds
Start importing Packages/com.unity.render-pipelines.core/Editor/ScriptTemplates using Guid(863f1a3fb862346d7a3344bcb3024f1b) (DefaultImporter) -> (artifact id: '84d146d14a25428129291aaaaa02bba3') in 0.0002979 seconds
Start importing Packages/com.unity.render-pipelines.universal/Editor/Decal using Guid(9637be18b7c929f40911e6e4371a8218) (DefaultImporter) -> (artifact id: '899266810718809210502d121968c7d9') in 0.0002953 seconds
Start importing Packages/com.unity.render-pipelines.universal/ShaderLibrary/LightCookie using Guid(a648b46fb6b4749f589f22d9ef6e441a) (DefaultImporter) -> (artifact id: '3f8a7d4751f33d64db7c69b5854ce206') in 0.000308 seconds
Start importing Packages/com.unity.test-framework.performance/Editor/UIElements using Guid(b6a3ada20a8c4030907eb96c0cb331bc) (DefaultImporter) -> (artifact id: 'c46ea75de8e5e013900ef621f2aac268') in 0.000296 seconds
Start importing Packages/com.unity.render-pipelines.core/Runtime/Sampling using Guid(b6ee28fd674c77340a2b3b8f7a32e0da) (DefaultImporter) -> (artifact id: '9ea33f3c0c8b876805aea0b78fd8cb8b') in 0.000328 seconds
Start importing Packages/com.unity.test-framework/UnityEditor.TestRunner/TestLaunchers using Guid(d64d92e4f04a13e4b99ea8d48e9e8ae9) (DefaultImporter) -> (artifact id: '3292843884b5f7b4874453a902cfa1e0') in 0.0003129 seconds
Start importing Packages/com.unity.render-pipelines.universal/Shaders/2D using Guid(e674d0c2643d94245b5da6cc11dfe0ec) (DefaultImporter) -> (artifact id: 'e2a3c458848601ac6d02b2d5975b7d6f') in 0.000291 seconds
Start importing Packages/com.unity.render-pipelines.universal/Editor/Converter using Guid(e61c6cfe2da40854885b4e4d96829a88) (DefaultImporter) -> (artifact id: 'a099443ba6ad04ff08885f9ced396c00') in 0.0003032 seconds
Start importing Assets/StreamingAssets/GameFoundation/scene using Guid(17cb1c04a4a90de4fb43f1fd6a67d970) (DefaultImporter) -> (artifact id: '95936f5eb557979c597ce4481316243a') in 0.0046041 seconds
Start importing Packages/com.unity.render-pipelines.core/Tests/Editor using Guid(278a7d565ddb1e840ac57ad1bb121e56) (DefaultImporter) -> (artifact id: '63cb56d0490d0b0be5b19753a6993a23') in 0.0003976 seconds
Start importing Packages/com.unity.ugui/Editor/UGUI using Guid(278b6073a5bdd4362acd72ca43ff9e0d) (DefaultImporter) -> (artifact id: 'abf9fbf9f7c10d2af702b2e8085d3ed6') in 0.0003455 seconds
Start importing Packages/com.unity.test-framework/UnityEditor.TestRunner/TestRun using Guid(8721cb2237d4a564a94a51f56243bdac) (DefaultImporter) -> (artifact id: '878b6064979e1990108a77cb392d64d1') in 0.0003267 seconds
Start importing Packages/com.unity.render-pipelines.universal/Shaders/PostProcessing using Guid(a7a16c0caf8b8a84592e5c6591db2513) (DefaultImporter) -> (artifact id: '42125684f84245f885c0e84a3f6e0756') in 0.0003387 seconds
Start importing Packages/com.unity.render-pipelines.core/Editor/ShaderGenerator using Guid(a7ecca2f74946b44494f07937e31b793) (DefaultImporter) -> (artifact id: '05395b83c27884a1d28bd45f0c431a89') in 0.0003152 seconds
Start importing Packages/com.gamefoundation.game-template/Tests/Runtime using Guid(d7286bd4d83afd74c8a7364fe11846dd) (DefaultImporter) -> (artifact id: 'aab7d6c6f2a6822bb6f2bf9999a5a564') in 0.0003104 seconds
Start importing Packages/com.unity.collections/Unity.Collections/Jobs using Guid(f778b3b3948af5542847d94f90157bd6) (DefaultImporter) -> (artifact id: '1e680dfe29ba0556259bdc36ca1fb87d') in 0.0003072 seconds
Start importing Packages/com.unity.shadergraph/Editor/Interface using Guid(f7cd1e478bcba4d0f9570597921367a0) (DefaultImporter) -> (artifact id: '15a417b5ad1117392ec083fa0debf3ad') in 0.0003052 seconds
Start importing Packages/com.unity.test-framework.performance/Runtime/Statistics using Guid(18966f2a7fc5d4073a425a1a3d564494) (DefaultImporter) -> (artifact id: '27acf056631915be7ed5699c314826ed') in 0.0003746 seconds
Start importing Packages/com.unity.ugui/Runtime/UGUI using Guid(1817d28a5343b4ec19b4ec7903730e2c) (DefaultImporter) -> (artifact id: 'd27c003f26a5bcc4ae0be188e216ff3a') in 0.0003487 seconds
Start importing Packages/com.unity.render-pipelines.core/Runtime/RenderPipeline using Guid(18ccf971905222545a09cfda33385c7c) (DefaultImporter) -> (artifact id: '2e3657b1339ea0913357ddceff965c1c') in 0.0003286 seconds
Start importing Assets/Resources/GameFoundation/models using Guid(48a352ee0742dc443b62a4cf9185f7f7) (DefaultImporter) -> (artifact id: '332b02263a1039cd297b1f51756587e6') in 0.0003016 seconds
Start importing Packages/com.unity.render-pipelines.core/Runtime/Debugging using Guid(58a02e8711d94134393b2a8ac22b96ca) (DefaultImporter) -> (artifact id: '29d3e4bab3e49d7d8be4ad30a3e222f8') in 0.0003218 seconds
Start importing Packages/com.unity.render-pipelines.universal/Editor/Settings using Guid(88ecf69fcba30494db90ac4b8ef6bdcd) (DefaultImporter) -> (artifact id: 'aebb20d30736a7499be6dc03186e61bb') in 0.0003144 seconds
Start importing Packages/com.unity.render-pipelines.core/Editor/Tools using Guid(983c27c4e607ff143aea413ddb18548f) (DefaultImporter) -> (artifact id: '3cf0b39c7d64dd3403c8e03a8e6df482') in 0.0008325 seconds
Start importing Packages/com.unity.render-pipelines.universal/Editor/Volume using Guid(a8fcc623db3029743a32fbab14c8dcbf) (DefaultImporter) -> (artifact id: '219c452a30f229e4b2dcc730c5d09ef6') in 0.0003374 seconds
Start importing Packages/com.unity.render-pipelines.core/Runtime/Lighting using Guid(c804d8f2c0c70d7409c1167fa78284f3) (DefaultImporter) -> (artifact id: 'f03b473f0cdaad644e519a6a71a3869e') in 0.0003118 seconds
Start importing Packages/com.unity.render-pipelines.core/Editor/BuildProcessors using Guid(d846ae44708583940a0e44aa66cff1c9) (DefaultImporter) -> (artifact id: '572b9e88d7d002e50ed03ee8ccda0da4') in 0.0003127 seconds
Start importing Packages/com.unity.render-pipelines.universal/Runtime/RenderPipelineResources using Guid(d86f66a14510ebf4f84c0ffa4837791d) (DefaultImporter) -> (artifact id: 'c57cd0b0084168f3e6f2c8fe0c221b40') in 0.0003174 seconds
Start importing Assets/StreamingAssets/GameFoundation/audio using Guid(e8fe507111ef6714faa659656c77e23c) (DefaultImporter) -> (artifact id: 'c146863f34f9a4824bc153ef547f7cca') in 0.0047763 seconds
Start importing Packages/com.unity.ugui/Editor Resources/Textures using Guid(f8e6a2d47aba4c6c9b3c5a72d9f48da5) (DefaultImporter) -> (artifact id: '41714146c3f223570fca541b52f7c091') in 0.0003765 seconds
Start importing Packages/com.unity.test-framework/UnityEngine.TestRunner/UnityTestProtocol using Guid(19e1940646874613a076c6b01d1f3404) (DefaultImporter) -> (artifact id: 'e62a4d5776733de3dd284c7bda3e08bd') in 0.0003408 seconds
Start importing Packages/com.unity.render-pipelines.core/Editor/Controls using Guid(19a8f70f36adc46b8a4ebd0954643553) (DefaultImporter) -> (artifact id: '6e2b07e649c336143eedbadcedc622cf') in 0.0003165 seconds
Start importing Packages/com.unity.test-framework.performance/Runtime/Meters using Guid(29eafdd9eaae4d7995048ee61cd0b7d2) (DefaultImporter) -> (artifact id: '2f89c701976b193e80308ee4400360c3') in 0.000376 seconds
Start importing Packages/com.unity.render-pipelines.universal/Runtime/Tiling using Guid(3965194a1cbe24ce9847254cc9fd0c26) (DefaultImporter) -> (artifact id: '09509915c3d8d60253202dcb404f86bc') in 0.0003309 seconds
Start importing Packages/com.unity.test-framework/UnityEditor.TestRunner/TestRunner using Guid(49d4c2ab7ff0f4442af256bad7c9d57c) (DefaultImporter) -> (artifact id: '2c2a8c762103d2c2092be30ecefdc9a7') in 0.0003084 seconds
Start importing Packages/com.unity.render-pipelines.universal/Runtime/RendererFeatures using Guid(59f4a1dd196fd452b987160cea576038) (DefaultImporter) -> (artifact id: 'fee4354e7f4962a4cdc9d8082496f0d2') in 0.000309 seconds
Start importing Packages/com.unity.render-pipelines.universal/Shaders/Utils using Guid(593842fd4bfffcc41877fd07df639f3c) (DefaultImporter) -> (artifact id: '9956d0bce239ff6e7b4a6bab527183ce') in 0.0003018 seconds
Start importing Packages/com.unity.render-pipelines.universal/Editor/UniversalRenderPipelineAsset using Guid(69998121730154f4d925490a4548e342) (DefaultImporter) -> (artifact id: 'b541ee4cbe04beafd8a68e756cdd70a6') in 0.0003029 seconds
Start importing Packages/com.unity.render-pipelines.core/Runtime/Textures using Guid(89be4d313c8b0fa4c8d2449dbbbf13f0) (DefaultImporter) -> (artifact id: 'e6202a649ac22bf85ccdeb7315e0c241') in 0.0003089 seconds
Start importing Packages/com.unity.render-pipelines.universal/Editor/RendererFeatures using Guid(99a2417e5e722410f9df44751ab0de8a) (DefaultImporter) -> (artifact id: 'd39bca604158330b99c98a93fcdec984') in 0.000296 seconds
Start importing Packages/com.unity.render-pipelines.core/Runtime/Camera using Guid(e99921594db38ce4cbb616f0ca87148d) (DefaultImporter) -> (artifact id: 'e6f8ae9e8cff7a49de2a6c610b35f1bb') in 0.0002973 seconds
Start importing Packages/com.unity.ugui/Editor Resources/Gizmos using Guid(e93ec7eb6de342aabd156833e253f838) (DefaultImporter) -> (artifact id: 'e3065312f331f86c187a2c34400b2ab5') in 0.0002943 seconds
Start importing Packages/com.unity.render-pipelines.core/Editor/UnifiedRayTracing using Guid(0ababd4155f586548894b3dc7e2fd321) (DefaultImporter) -> (artifact id: 'f41cb4ec8914d277bc00886dfd882793') in 0.0003162 seconds
Start importing Packages/com.unity.render-pipelines.universal/Runtime/RenderGraph using Guid(1af1ea941365745b49edfb5efd32cf05) (DefaultImporter) -> (artifact id: 'ed83564b77b05c2da81f124b20ca74c1') in 0.0003007 seconds
Start importing Packages/com.unity.test-framework/UnityEngine.TestRunner/Assertions using Guid(1ad55f5ad04d1d045a1f287409c650dd) (DefaultImporter) -> (artifact id: '6bdaa59d84691a380c3ba7c1d8bfa849') in 0.0002925 seconds
Start importing Assets/Resources/GameFoundation/anim_clips using Guid(1a080829f3eb92e4f82ca4d1cae51314) (DefaultImporter) -> (artifact id: '73a1922dfa3281a03cee606c30622a6d') in 0.0003023 seconds
Start importing Packages/com.unity.render-pipelines.universal/Textures/2D using Guid(2ae61866cb0cccf4f820e4c006da6c91) (DefaultImporter) -> (artifact id: '4cb87a55242c0f6810fbf3f1e1dadb75') in 0.0002931 seconds
Start importing Assets/StreamingAssets/GameFoundation/vfx using Guid(4a0a4251859a5aa408234174e53b38e8) (DefaultImporter) -> (artifact id: '75c3d22841f727cbb9ae359b9375eb74') in 0.0057587 seconds
Start importing Assets/TextMesh Pro/Resources/Style Sheets using Guid(4aecb92fff08436c8303b10eab8da368) (DefaultImporter) -> (artifact id: '846264113985254ee4f528e49a6b454b') in 0.0004256 seconds
Start importing Packages/com.unity.render-pipelines.core/Runtime/UnifiedRayTracing using Guid(5a08d29969661ca449888ba98a48f214) (DefaultImporter) -> (artifact id: '05240bb2e64c413763a81ddc08629692') in 0.0003488 seconds
Start importing Packages/com.unity.2d.sprite/Editor/Undo using Guid(7a102b8a65a8437b961da9f48269e876) (DefaultImporter) -> (artifact id: 'eda4196d895f1b8a74b17b90dd60afcb') in 0.0003166 seconds
Start importing Packages/com.unity.render-pipelines.universal/Shaders/Particles using Guid(7aa17bb9699a0ee4282141a28d9fb8ea) (DefaultImporter) -> (artifact id: 'fab76e225adb639a99c9591a03329285') in 0.0003594 seconds
Start importing Packages/com.unity.render-pipelines.core/Runtime/Lights using Guid(7a8d83d0230a4974a88b7be5ab87c6c3) (DefaultImporter) -> (artifact id: '7f7f67e825649277d30a7a43911e3849') in 0.0003253 seconds
Start importing Packages/com.unity.ugui/Runtime/InternalBridge using Guid(bab3a29ab4f214742a44add41efffb7d) (DefaultImporter) -> (artifact id: 'b8ae5a4142d7b3ff7433a144e13442a5') in 0.0003159 seconds
Start importing Packages/com.unity.test-framework/Tests/TestNewCustomAssembly using Guid(ca0e5e7973267894ca8e1dceb2210ee5) (DefaultImporter) -> (artifact id: 'ec9729808b7dd6604b68694c1a94e68b') in 0.0003219 seconds
Start importing Packages/com.unity.shadergraph/GraphTemplates/BuiltIn using Guid(daf0394f2eba458409f27dd213abede2) (DefaultImporter) -> (artifact id: 'b841e0da06b4c9eb67ee495297a4df57') in 0.0003215 seconds
Start importing Packages/com.unity.render-pipelines.core/Runtime/Upscaling using Guid(eaa9f70ff0dbb864181af13946980fad) (DefaultImporter) -> (artifact id: 'a377b49433e8c4be236e2e81bcef4d74') in 0.0003193 seconds
Start importing Packages/com.unity.test-framework/UnityEditor.TestRunner/Api using Guid(fa423365b1ce06a4dbdc6fb4a8597bfa) (DefaultImporter) -> (artifact id: '4f9583793d5edc94661340236f21f4e3') in 0.0003514 seconds
Start importing Packages/com.unity.render-pipelines.core/Runtime/LookDev using Guid(fa0af16f5dba2d8439e1211f262257a8) (DefaultImporter) -> (artifact id: '07e1cbe4c3a6a4fccc3a2e3b9d9b5c25') in 0.0003782 seconds
Start importing Packages/com.unity.inputsystem/InputSystem/Editor using Guid(0b7bda0ba8124480691d0d615a642b91) (DefaultImporter) -> (artifact id: 'f3ac4e10c99bfc084c58e87927a31839') in 0.0003072 seconds
Start importing Packages/com.unity.searcher/Editor/Searcher using Guid(4b1180a47f4e54c43af13ef6a4a06621) (DefaultImporter) -> (artifact id: 'fe685cb44f7ffc7727ab0862bfe24e2c') in 0.0003094 seconds
Start importing Packages/com.gamefoundation.game-template/data/game using Guid(4b995e1af68c02d4b8b5fce446884a07) (DefaultImporter) -> (artifact id: '4dbfebacdd5348ee1f03867495a0f622') in 0.0002965 seconds
Start importing Packages/com.unity.ide.visualstudio/Editor/VSWhere using Guid(5b17896803f77494da73d73448fb6cb4) (DefaultImporter) -> (artifact id: 'dd259e6d0f2d699ceb713fdcc126240e') in 0.0003045 seconds
Start importing Packages/com.unity.render-pipelines.core/Editor/SampleDependencyImportSystem using Guid(6bdd8b5283cb4f24fbd34738bc35e74c) (DefaultImporter) -> (artifact id: '32c7d9965db4a3eae3dc1543ce086cae') in 0.0003023 seconds
Start importing Packages/com.unity.ide.visualstudio/Editor/ProjectGeneration using Guid(8beeeeebc0857854d8b4e2c2895dd7a9) (DefaultImporter) -> (artifact id: '96811dfc2e1e624cb9081963d724f4ad') in 0.0003045 seconds
Start importing Assets/Framework/Resources/Fonts using Guid(9b0d8d6abd4230448855b15dded6edee) (DefaultImporter) -> (artifact id: '6d251ec5b44f32ffbce0e722e1a69a37') in 0.0003239 seconds
Start importing Packages/com.unity.render-pipelines.core/Runtime/Inputs using Guid(ab163df5559af4efdb19baea5917049c) (DefaultImporter) -> (artifact id: 'b95f962eb4763e9556726fb3a6ee3fef') in 0.0002948 seconds
Start importing Packages/com.unity.mathematics/Unity.Mathematics/Noise using Guid(abc6c021d7cd541b3956a3969c8c3ccb) (DefaultImporter) -> (artifact id: '003a8a6c85eb7df80ed47a48cbdb725f') in 0.0002914 seconds
Start importing Packages/com.unity.2d.sprite/Editor/SpriteEditorModule using Guid(ab4bbc8deeeb005438fa5034a454be7b) (DefaultImporter) -> (artifact id: '82efe93e8c8502dfcc6962d6888b80c7') in 0.0003007 seconds
Start importing Packages/com.unity.test-framework/UnityEngine.TestRunner/Utils using Guid(bb32bccaf32a6db448d1c0cc99c78688) (DefaultImporter) -> (artifact id: 'b9ac2eaa7c139997734a4cfd1edbf73e') in 0.0003015 seconds
Start importing Packages/com.unity.render-pipelines.universal/Textures/BlueNoise16 using Guid(bbde6b5e0eaaff14c98c49626833992e) (DefaultImporter) -> (artifact id: 'fb7ad4257c7e133e1a18eb24c4185783') in 0.0003162 seconds
Start importing Packages/com.unity.render-pipelines.universal/Runtime/Memory using Guid(db16a3790436426e8ea186e7918ea4cc) (DefaultImporter) -> (artifact id: 'f72630475be8d2cd3c36a741dc1bd399') in 0.0003032 seconds
Start importing Packages/com.unity.render-pipelines.core/Editor/Material using Guid(eb290baa39b761244b157cbd10673e0c) (DefaultImporter) -> (artifact id: 'f652417ca71921ad1316874d21cdeb4e') in 0.0003132 seconds
Start importing Packages/com.unity.inputsystem/InputSystem/Actions using Guid(0c5b615422acd45049de003ce7134437) (DefaultImporter) -> (artifact id: 'dc9dd8dd02c2bde399027107061de448') in 0.0003317 seconds
Start importing Packages/com.unity.render-pipelines.universal/Editor/ScriptTemplates using Guid(3c76ead915a5d4c3190e62adcb063092) (DefaultImporter) -> (artifact id: '002663f192f9e028b939713967199a6d') in 0.0003266 seconds
Start importing Packages/com.unity.shadergraph/ShaderGraphLibrary/Nature using Guid(4cc7da0ede79c9248a9e2e96a546813d) (DefaultImporter) -> (artifact id: '2f4bfb4d2b150f22df2807ad380ea85a') in 0.0003149 seconds
Start importing Packages/com.unity.render-pipelines.universal/Shaders/Nature using Guid(4cbffddcbed277c40a97feee7c42e857) (DefaultImporter) -> (artifact id: '4703b0663c9acb01d588b4ca883531fa') in 0.0003298 seconds
Start importing Packages/com.unity.render-pipelines.universal/Runtime/FrameData using Guid(6c79cfa3e6744da6a1beee27a0d73155) (DefaultImporter) -> (artifact id: '7175d1eb794d80e149d8556c5f3eaa52') in 0.000317 seconds
Start importing Packages/com.unity.render-pipelines.core/Runtime/XR using Guid(8c62d11ee7af4f54abf48d79f70aee4d) (DefaultImporter) -> (artifact id: 'e09ee925a7251ef36a4c3981773f8b22') in 0.000317 seconds
Start importing Packages/com.gamefoundation.adapter.unity/Runtime/Shell using Guid(ac95830e9034d0842b64ce4d5556627f) (DefaultImporter) -> (artifact id: '65f60d40cc7b9c27119530bc84bbfae5') in 0.0003017 seconds
Start importing Packages/com.unity.render-pipelines.core/Editor/Gizmo using Guid(bce47e7c42ffde449812bbbf027555d7) (DefaultImporter) -> (artifact id: '5d944becefc2ccab1914dbfc8c341859') in 0.0002953 seconds
Start importing Packages/com.unity.render-pipelines.universal/Runtime/VFXGraph using Guid(bc46ee9abc42d1e4ca5b5c7c8af9ebed) (DefaultImporter) -> (artifact id: '258602c17a37b680a34637da0ba44c12') in 0.0003121 seconds
Start importing Packages/com.unity.mathematics/Tests/Tests using Guid(bccfda2dc5ad3b84eb3a644147ea0010) (DefaultImporter) -> (artifact id: '8cce2a408292c161b8aead17cb931b57') in 0.0003056 seconds
Start importing Packages/com.unity.render-pipelines.core/Runtime/Vrs using Guid(cc1099d95a4ee3849a01da5826056b1f) (DefaultImporter) -> (artifact id: '43826746c09a0aee556fbdd1bc31c356') in 0.0002999 seconds
Start importing Packages/com.unity.2d.sprite/Editor/ShapeEditor using Guid(ccbbef892d435144aa8a0f9fd5ccee51) (DefaultImporter) -> (artifact id: 'b97c7b871c05ef0153e774406e1c6804') in 0.000287 seconds
Start importing Packages/com.unity.render-pipelines.core/Editor/Debugging using Guid(dca094a63ee8e4df7b043d29c2c100e4) (DefaultImporter) -> (artifact id: '8b9b7b4a58b630055d4b53b82e2c647c') in 0.0002918 seconds
Start importing Packages/com.unity.2d.sprite/Tests/Editor using Guid(dcc63292bf8cfd543b11bfdebe99cd02) (DefaultImporter) -> (artifact id: 'b29d58cde3563c5d7ba6886c22813be7') in 0.0003013 seconds
Start importing Packages/com.unity.render-pipelines.core/Editor/StyleSheets using Guid(fcf236256e326ca478a79ea0558da45d) (DefaultImporter) -> (artifact id: 'c88b02a36877102c5235dc97381b2f5a') in 0.0003113 seconds
Start importing Packages/com.unity.render-pipelines.universal/Editor/Terrain using Guid(fc44513cb116d68479a07038666952cc) (DefaultImporter) -> (artifact id: '43d3522999fc18bb7baca6240d5d2e46') in 0.0003023 seconds
Start importing Packages/com.unity.render-pipelines.universal/Textures/BlueNoise256 using Guid(0da884cc73355482f99f2f3bf86511e5) (DefaultImporter) -> (artifact id: 'b6378910f5f22f69cba0e48e84ecbaa0') in 0.0003016 seconds
Start importing Packages/com.gamefoundation.adapter.unity/Tests/Editor using Guid(1d237e3a97022f2438b84c8671584f57) (DefaultImporter) -> (artifact id: 'be3ea43c88cf3aeddadcb23c490e0555') in 0.0002877 seconds
Start importing Packages/com.unity.test-framework/UnityEngine.TestRunner/TestRunner using Guid(1ddb9e1c877ea80479d1eab4ddaa5d0d) (DefaultImporter) -> (artifact id: '6a7e2bf038898dc9a9d8427c931ca44c') in 0.0002918 seconds
Start importing Packages/com.unity.render-pipelines.universal/Runtime/Overrides using Guid(1d7cd03b402219345ac6dedb815bfdeb) (DefaultImporter) -> (artifact id: 'dd04238ea4dbd25ee1e5d4628d69d491') in 0.0003055 seconds
Start importing Packages/com.unity.ugui/Editor Resources/Shaders using Guid(2da27f5fe80a3a549ac7331d9f52f5f0) (DefaultImporter) -> (artifact id: '8ba95b6473bead211c52ddc79ac818a9') in 0.0008791 seconds
Start importing Packages/com.unity.render-pipelines.core/Editor/LookDev using Guid(2d4bb8a5c15072e4baaabe7e161d42b6) (DefaultImporter) -> (artifact id: 'fc119023d6b9b9b251664ef633e2c2eb') in 0.0003168 seconds
Start importing Packages/com.unity.render-pipelines.core/Runtime/Stripping using Guid(3d8692e58294538438ee83cf7fcd08c1) (DefaultImporter) -> (artifact id: '51223f517673659fb34a718e1eb844a8') in 0.0003091 seconds
Start importing Packages/com.unity.shadergraph/Editor/AssetCallbacks using Guid(4d0b60652dca71b49a137663137e38ea) (DefaultImporter) -> (artifact id: '2df397367178a902c0d177926a354354') in 0.0003033 seconds
Start importing Packages/com.unity.render-pipelines.core/Runtime/STP using Guid(5d86e2182c6227d4e924cc530d4ffc62) (DefaultImporter) -> (artifact id: 'c9b90ea02a5b5e1f6ed4cba7fe0d7bd0') in 0.0003101 seconds
Start importing Packages/com.unity.render-pipelines.universal/Editor/Overrides using Guid(ad2bd79f2c9e81640b75c0a7edbe7970) (DefaultImporter) -> (artifact id: '9f79a2c0733b3ecbb5e9218c420ce8ca') in 0.0003023 seconds
Start importing Packages/com.gamefoundation.adapter.unity/Runtime/EngineAdapter using Guid(ede80afedb11f9447a38732461beadf2) (DefaultImporter) -> (artifact id: '8e6b374fa816da6311e37c4092739e3d') in 0.0002897 seconds
Start importing Packages/com.unity.ide.visualstudio/Editor/Plugins using Guid(1e5abb64fdd0542b38f4dc1b60343e8a) (DefaultImporter) -> (artifact id: '85dec19e6249cee426c01d4123f58d00') in 0.0002935 seconds
Start importing Packages/com.unity.test-framework/UnityEngine.TestRunner/NUnitExtensions using Guid(3e8d6af343b383544ba5743d119f4062) (DefaultImporter) -> (artifact id: '3f6e2ec14976a9de8c44a24fd5a1df3a') in 0.0002926 seconds
Start importing Assets/StreamingAssets/GameFoundation/data using Guid(5ec4df344e3202e48ba20ed03145cff2) (DefaultImporter) -> (artifact id: 'e4cdd11038c14ef1007c63c79167d094') in 0.0051833 seconds
Start importing Packages/com.unity.test-framework/UnityEditor.TestRunner/GUI using Guid(7e609b27ad2caa14c83dd9951b6c13c6) (DefaultImporter) -> (artifact id: '112f12c0c6681ccaea11688622ebb526') in 0.0004268 seconds
Start importing Packages/com.unity.render-pipelines.core/Runtime/PostProcessing using Guid(9e73364bb6949f24d93418df2ba0c1b1) (DefaultImporter) -> (artifact id: '218efc2a8ca480b0628b5c2f137755d4') in 0.0003666 seconds
Start importing Packages/com.unity.render-pipelines.universal/Editor/ShaderGraph using Guid(ae1e56b12b01f3b4d9c9bb9d7154d97f) (DefaultImporter) -> (artifact id: '9942a48caef877124beabb6276af027e') in 0.0003537 seconds
Start importing Packages/com.gamefoundation.adapter.unity/Runtime/Bootstrap using Guid(ce6ea1de459add140aa8620099167f73) (DefaultImporter) -> (artifact id: 'c7ea675388b72df8d321c25554a32c06') in 0.0003457 seconds
Start importing Assets/StreamingAssets/GameFoundation/assets using Guid(deaece5b70726984990200cad192f17d) (DefaultImporter) -> (artifact id: 'd50e3d4da8dd3a89b1445fb11833781f') in 0.0067022 seconds
Start importing Packages/com.gamefoundation.adapter.unity/Runtime/Ui using Guid(ee51d7655428aa343b07c55626917771) (DefaultImporter) -> (artifact id: '57b92be2f6cbc1b4487541cab306c2f2') in 0.0005082 seconds
Start importing Packages/com.unity.render-pipelines.core/Editor/Utilities using Guid(0fadbd5093ea0234aa59965fd9d77815) (DefaultImporter) -> (artifact id: '1016261bfec7ba859a66a69278ea8321') in 0.0003753 seconds
Start importing Packages/com.unity.ide.visualstudio/Editor/Messaging using Guid(2f820130c86c28547a0f1a2f4c73155b) (DefaultImporter) -> (artifact id: '394d17728ceba4bd736df8624c0aad4f') in 0.0003725 seconds
Start importing Packages/com.unity.test-framework/UnityEditor.TestRunner/NUnitExtension using Guid(3f9202a39620f51418046c7754f215f0) (DefaultImporter) -> (artifact id: 'ab112e9ad4c0d836ad3545dea28bc266') in 0.000334 seconds
Start importing Packages/com.unity.render-pipelines.core/Editor/PostProcessing using Guid(3f1ba847a8ffd4746a56b6b3a2177aed) (DefaultImporter) -> (artifact id: 'ec9ab153623a45a50b89a38f212b15b5') in 0.0003149 seconds
Start importing Packages/com.unity.render-pipelines.universal/Runtime/2D using Guid(5fbe43a4058e69f4ca1ac77ea6e1bda6) (DefaultImporter) -> (artifact id: 'bb668a671a7e851f8585bee4774f7e9f') in 0.0003147 seconds
Start importing Packages/com.unity.render-pipelines.core/Editor/PropertyDrawers using Guid(5f6f204246726d84a87fac671dba9b53) (DefaultImporter) -> (artifact id: 'd12f49137b8dcf717cfffbde4bcdc637') in 0.0003167 seconds
Start importing Packages/com.unity.render-pipelines.universal/Editor/Camera using Guid(6f5387037edf18a478a9701e9ddf3fcc) (DefaultImporter) -> (artifact id: '6da74ea79c077888d1984f04378d2bd5') in 0.0003445 seconds
Start importing Packages/com.unity.render-pipelines.core/ShaderLibrary/API using Guid(6fa64bbd0ffaf8843b041c6e42bb5f82) (DefaultImporter) -> (artifact id: '53387ff39bd29cc125ff4e1a9a4bfbb4') in 0.0003119 seconds
Start importing Packages/com.unity.burst/Runtime/Intrinsics using Guid(6fbd9c5e397237e28650cb957742c782) (DefaultImporter) -> (artifact id: 'dc5081b0ab226f1cc403e8e01bf95e97') in 0.000315 seconds
Start importing Packages/com.unity.render-pipelines.universal/Runtime/Materials using Guid(7f10efc5458aa44a2928a72c38807544) (DefaultImporter) -> (artifact id: 'c38c4ee848c79accce07d55679ed9d1b') in 0.0003242 seconds
Start importing Packages/com.unity.render-pipelines.universal/Editor/Analytics using Guid(7f30cfcca642c3443b4ccd31e9a872ca) (DefaultImporter) -> (artifact id: '6c58bd62ac60c3e1db89fa62f24ada90') in 0.0003704 seconds
Start importing Assets/StreamingAssets/GameFoundation/nav_mesh using Guid(7f330d77de0f3374a8bee6ecd50ae579) (DefaultImporter) -> (artifact id: '71db1458ca27a7f35d024b29bbacfad4') in 0.0066816 seconds
Start importing Packages/com.unity.shadergraph/GraphTemplates/Subgraphs using Guid(7fa316c2b2d37184081f460e04bbdcc5) (DefaultImporter) -> (artifact id: '780c9896e2319ea5c4e2a5a69dcdc8d7') in 0.0005307 seconds
Start importing Packages/com.unity.render-pipelines.universal/Runtime/History using Guid(7fa8531ba890645b5ada88ae8af5f77a) (DefaultImporter) -> (artifact id: '914fea73e53104891659d8a96155b76c') in 0.0003668 seconds
Start importing Packages/com.unity.ide.visualstudio/Editor/Testing using Guid(7f9f1d015d7a8ba46b7d71acfcda3ae7) (DefaultImporter) -> (artifact id: '7143c40e3f1842754278837cfbcf8953') in 0.0004027 seconds
Start importing Packages/com.unity.render-pipelines.universal/ShaderLibrary/Debug using Guid(9f4aa226a5594efa99614cb0158c2f59) (DefaultImporter) -> (artifact id: 'f93cb9b399904b4bf4b55009ef66c97b') in 0.0003533 seconds
Start importing Assets/StreamingAssets/GameFoundation/sprites using Guid(bfe1bf46175c2fe47806bab3e1a2cfaf) (DefaultImporter) -> (artifact id: 'ced02f46e91050239be94318b32b51ff') in 0.0050219 seconds
Start importing Packages/com.unity.render-pipelines.universal/Runtime/Settings using Guid(cf708f4598ecacb4986659e317747510) (DefaultImporter) -> (artifact id: '498938747606615fba4762850c06fe6d') in 0.0003769 seconds
Start importing Packages/com.unity.render-pipelines.universal/Shaders/Terrain using Guid(cf2defa266cfe43e59a7230ff55c6107) (DefaultImporter) -> (artifact id: 'e9c17b40b8f3dbba27d66ff9961f63e4') in 0.0003396 seconds
Start importing Packages/com.unity.render-pipelines.core/Editor/Upscaling using Guid(dfe03cc61c27c974ab28f8691b3f8c0f) (DefaultImporter) -> (artifact id: '090f3aac23b4cdd0b46a0959a8e9d03b') in 0.0003989 seconds
Start importing Packages/com.unity.searcher/Editor/Resources using Guid(efa7753b2a14da748b0e7802b6ac3c5f) (DefaultImporter) -> (artifact id: '678e3e34833ccf4081a93bbc469fef01') in 0.0004113 seconds
Start importing Packages/com.unity.render-pipelines.core/Editor/CommandBuffers using Guid(ef6e93ebaf391ed43a0bdcc1aa77ee74) (DefaultImporter) -> (artifact id: 'c69cbd10c14df4065f15f4619e5bc3b8') in 0.0003321 seconds
Start importing Packages/com.unity.render-pipelines.universal/Editor/Lighting using Guid(ff90f20bb510bed48ba1a9ebbc61ffa4) (DefaultImporter) -> (artifact id: 'ee20c3149f0e707d380aa96107bc7c4b') in 0.0003851 seconds
Start importing Packages/com.unity.2d.sprite/Editor/ObjectMenuCreation using Guid(ffc051df01eb64128a79b31b97748c4c) (DefaultImporter) -> (artifact id: '9d2bcafad67fc6115d5ff8324c517eeb') in 0.0003095 seconds
Start importing Packages/com.unity.render-pipelines.universal/Shaders/AutodeskInteractive using Guid(ffac7c69f2faf9345b5b32ae0580e2e9) (DefaultImporter) -> (artifact id: 'ab649f9792d275d2d2b31f12d46089b2') in 0.0003347 seconds
Start importing Packages/com.unity.shadergraph/Editor/Data/Nodes using Guid(0082d52fe349b94449238a3d0db01df0) (DefaultImporter) -> (artifact id: '09f4a7464d3e25305c65151d08ad4079') in 0.0003111 seconds
Start importing Packages/com.unity.render-pipelines.universal/Editor/SceneTemplates/Indoors using Guid(10b199c2bead9fb42b482877b182e8c2) (DefaultImporter) -> (artifact id: 'a3dbf72ee1440e37b730071a0e3c470a') in 0.0003044 seconds
Start importing Packages/com.unity.inputsystem/InputSystem/Runtime/Actions using Guid(2069418e852748dbaa154cf71b8f033a) (DefaultImporter) -> (artifact id: '8fb24b4a043d5aae145c0996b54919be') in 0.0003253 seconds
Start importing Packages/com.unity.render-pipelines.universal/Tests/Editor/Tools using Guid(30adb98416985a445bf000ceb696941f) (DefaultImporter) -> (artifact id: 'abf4be17a82d50475ad8f04f5d4bf869') in 0.0003155 seconds
Start importing Packages/com.unity.render-pipelines.core/Editor/Tools/MaterialUpgrader using Guid(50a860756cfb850468867cc0b3e55a5a) (DefaultImporter) -> (artifact id: 'de93c0bc3ef9799643b1c9970a0c38bc') in 0.0003245 seconds
Start importing Packages/com.unity.render-pipelines.core/Editor/PostProcessing/LensFlareResource using Guid(60a1717848495ca41888e02864f0f645) (DefaultImporter) -> (artifact id: '2b9f999407d1543164d596e24289e361') in 0.0003286 seconds
Start importing Packages/com.unity.render-pipelines.universal/Editor/ShaderGraph/GraphTemplates using Guid(60b56e270d26a0c4fbc0e33fe32113ae) (DefaultImporter) -> (artifact id: '77ad9231e2a4b232df9410fe55618a7a') in 0.0003323 seconds
Start importing Packages/com.unity.render-pipelines.universal/Runtime/Materials/PhysicalMaterial3DsMax using Guid(6008daaf28fd58349b70105e46e2a92b) (DefaultImporter) -> (artifact id: '62c5f56b50631846a6cb6746093d155c') in 0.000316 seconds
Start importing Packages/com.unity.shadergraph/Editor/Data/SubGraph using Guid(605eb5c5a280c014fa0952cd022f2579) (DefaultImporter) -> (artifact id: '57a39bbc0b15ad434b819c73f2bf683a') in 0.0003251 seconds
Start importing Packages/com.unity.shadergraph/Editor/Resources/GraphView using Guid(80f811e405d64564b1c671c9813ea9a9) (DefaultImporter) -> (artifact id: '1b32eed5f524b3c800529a38081db13a') in 0.0003078 seconds
Start importing Assets/StreamingAssets/GameFoundation/sprites/placeholder_beast using Guid(80cc05647f32b8842a9d18496ccfc7a5) (DefaultImporter) -> (artifact id: '9a11a2d13490f69df070f1594b0bde67') in 0.0055534 seconds
Start importing Packages/com.unity.inputsystem/InputSystem/Editor/ControlPicker using Guid(b01eed8192c9f442b820a7af87ac73f8) (DefaultImporter) -> (artifact id: '30e818eba469def1b0b9900b9523c27c') in 0.0004983 seconds
Start importing Packages/com.unity.render-pipelines.core/Editor/BuildProcessors/ShaderStrippers using Guid(b0efad93b2507274daeaf8cc7306a312) (DefaultImporter) -> (artifact id: '334144efc9e65e03ff0d31cba58ab598') in 0.0003649 seconds
Start importing Packages/com.unity.shadergraph/Editor/Generation/Enumerations using Guid(d0cb1fc17ee65684592babcd1dba61b9) (DefaultImporter) -> (artifact id: 'c61260644ff489c4716223a55a736695') in 0.000348 seconds
Start importing Packages/com.unity.render-pipelines.core/Runtime/GPUDriven/Debug using Guid(e06600b8901fc6741a0d7f96ca9d7f0f) (DefaultImporter) -> (artifact id: 'cb6f8fa2663131a76ebfb2e6bd128e2f') in 0.0003317 seconds
Start importing Packages/com.unity.render-pipelines.universal/Runtime/2D/Data using Guid(e0c762e8dad9af640925a542761eb35a) (DefaultImporter) -> (artifact id: '96afbf212f4760be75c5f029273aa7fa') in 0.0003217 seconds
Start importing Packages/com.unity.shadergraph/Editor/Generation/Targets using Guid(219feb550e92ac54ebc24e3fd8d5240a) (DefaultImporter) -> (artifact id: 'be0c2b7f5528870c388e6fd11acb19e1') in 0.0003379 seconds
Start importing Packages/com.unity.ide.visualstudio/Editor/COMIntegration/Release using Guid(41b2d972bdac29e4a89ef08b3b52c248) (DefaultImporter) -> (artifact id: 'a2d942c39c06d6175c33103df95ec619') in 0.0003543 seconds
Start importing Packages/com.unity.test-framework/UnityEngine.TestRunner/Utils/AssemblyProvider using Guid(51557afa652635743b264a309f0a5c60) (DefaultImporter) -> (artifact id: '8a639915519a692529fdf384c74138af') in 0.0003203 seconds
Start importing Packages/com.unity.inputsystem/InputSystem/Runtime/Utilities using Guid(51e828593aae48cdbee6e9ae0ec20e5d) (DefaultImporter) -> (artifact id: 'fce82bf2a18a914bc2f961afe369b165') in 0.0003956 seconds
Start importing Packages/com.unity.test-framework/UnityEngine.TestRunner/TestRunner/Callbacks using Guid(61e236e8570a95e4eb754fb291e102e0) (DefaultImporter) -> (artifact id: 'd55b575d8e5d473cc2e43dbbdeaeff7c') in 0.0003076 seconds
Start importing Packages/com.unity.test-framework/UnityEngine.TestRunner/TestRunner/RemoteHelpers using Guid(91c20d2c22b8b3a4cb6c816bd225591a) (DefaultImporter) -> (artifact id: '30fb2d9dd2eecdb696675b50955e4ebc') in 0.0003195 seconds
Start importing Packages/com.unity.ugui/Tests/Runtime/TMP using Guid(914613548ded44a43a59eb9852503f18) (DefaultImporter) -> (artifact id: '477b4938addb883f7857c7245a542f61') in 0.0003057 seconds
Start importing Packages/com.unity.render-pipelines.universal/Shaders/2D/Include using Guid(b1e0c8a42c5ad194389231f7780e158d) (DefaultImporter) -> (artifact id: '89c2cc3a9170d97be16f5dc5a432e00a') in 0.0003189 seconds
Start importing Packages/com.unity.shadergraph/Editor/Drawing/Controllers using Guid(b1b1a4fb9c392ef49acffada0059f01e) (DefaultImporter) -> (artifact id: '257383b5e5dc8c779b47db3705a91a9f') in 0.0002984 seconds
Start importing Packages/com.unity.test-framework/UnityEngine.TestRunner/Assertions/LogScope using Guid(b1d8465ba1376b148bdab58965101f47) (DefaultImporter) -> (artifact id: 'aac2509859303379c698e7a61b119125') in 0.0003058 seconds
Start importing Assets/StreamingAssets/GameFoundation/vfx/sample_cast_circle using Guid(c1c6fe34166b5a9498dc544121c9f487) (DefaultImporter) -> (artifact id: '99d84193bf5616e3d16666eba70df4ea') in 0.0049551 seconds
Start importing Packages/com.unity.inputsystem/InputSystem/Editor/Settings using Guid(c189b798c1d4842fcb189cf619033d39) (DefaultImporter) -> (artifact id: '515feb66cf51621e4b25ea82ba1fe071') in 0.0005022 seconds
Start importing Assets/StreamingAssets/GameFoundation/sprites/gobj_sample_chest using Guid(e12234242d24ba04fb66d35b8af0a869) (DefaultImporter) -> (artifact id: 'f19f3d41d8f0299e3058ffaf49b11ec4') in 0.0057207 seconds
Start importing Packages/com.unity.2d.sprite/Editor/SpriteEditorModule/SpriteFrameModule using Guid(e1a3bd001331f2049913323736d02a48) (DefaultImporter) -> (artifact id: '87c258cee2814ab58ad840353c594ade') in 0.0010692 seconds
Start importing Packages/com.unity.shadergraph/Editor/Resources/UXML using Guid(e14441797a82fb84fb4e43064342bcb5) (DefaultImporter) -> (artifact id: '6aa9ada540b08c68d9480af29db5c0b3') in 0.000455 seconds
Start importing Packages/com.unity.render-pipelines.core/Runtime/RenderGraph/Compiler using Guid(126062fea1dcb7f478883bc50375b95f) (DefaultImporter) -> (artifact id: '2f703c82238632a6be272734a606f6d6') in 0.0003443 seconds
Start importing Packages/com.unity.2d.sprite/Editor/SpriteEditor/SpriteEditorHintPopup using Guid(227c337d32ff4443ac4376322977be21) (DefaultImporter) -> (artifact id: 'd954fbac338ae93c24410a65d4a90232') in 0.0003354 seconds
Start importing Packages/com.unity.ugui/Runtime/UGUI/Properties using Guid(32e2186f4598cff489784aae586f2215) (DefaultImporter) -> (artifact id: 'd945312145ac0c9dd7a3598fc5b82f23') in 0.0003503 seconds
Start importing Packages/com.unity.shadergraph/Editor/Data/Util using Guid(32e29ba6d98ba0140a774b7804b02a28) (DefaultImporter) -> (artifact id: '658cd436f18a377686bcfcd32e6628e8') in 0.0003293 seconds
Start importing Packages/com.unity.render-pipelines.universal/Runtime/VFXGraph/Shaders using Guid(424d16c89244f3e4685b81926e90cb4b) (DefaultImporter) -> (artifact id: 'c8e9829102df3d0c4f35d7825fef057e') in 0.0003176 seconds
Start importing Packages/com.unity.shadergraph/Editor/Generation/Templates using Guid(52f964a4069524b47bd98441cad69cd3) (DefaultImporter) -> (artifact id: '79f623838a4e0705f7f9fe00ae0aab93') in 0.0003116 seconds
Start importing Packages/com.unity.shadergraph/Editor/Data/Legacy using Guid(624f34d4e59649fd80163f3590d97d73) (DefaultImporter) -> (artifact id: '00faf816d1d84ce7ae4abc313474683e') in 0.0003153 seconds
Start importing Packages/com.unity.inputsystem/InputSystem/Editor/PropertyDrawers using Guid(726294051bc6c426e886d72ea4702f21) (DefaultImporter) -> (artifact id: '151856e78c055b71f565b57ee7ebc996') in 0.000407 seconds
Start importing Packages/com.unity.render-pipelines.universal/Editor/Settings/PropertyDrawers using Guid(82c1f210baa2e8041bb6347e6278e365) (DefaultImporter) -> (artifact id: 'f1766ef047e3b80e86323208ef5ea930') in 0.0003358 seconds
Start importing Packages/com.gamefoundation.adapter.unity/Runtime/Plugins/Core using Guid(82398f72b0ec073419107d894cd3d671) (DefaultImporter) -> (artifact id: '028ec74d060200b132666a1285e567a5') in 0.0003314 seconds
Start importing Packages/com.unity.test-framework/UnityEditor.TestRunner/GUI/TestAssets using Guid(92e3104769da143888a712cdea27d950) (DefaultImporter) -> (artifact id: '1c339984e4f7b537284cfc59f8240800') in 0.0003616 seconds
Start importing Packages/com.unity.inputsystem/InputSystem/Editor/Plugins using Guid(9264bbaac8fbe403b987d9584bb1ffc5) (DefaultImporter) -> (artifact id: 'ad044ed80800c4e4e457361d8ee4ca49') in 0.0003917 seconds
Start importing Packages/com.unity.render-pipelines.universal/Editor/ShaderGUI/ShadingModels using Guid(a22c22fb536604167866c59ce9a780d2) (DefaultImporter) -> (artifact id: '387159ba31b0c72bbc94d7275dc65ead') in 0.0003311 seconds
Start importing Packages/com.unity.shadergraph/Editor/Drawing/Views using Guid(a24ff57a99e64e33b4f88b1e81d84e97) (DefaultImporter) -> (artifact id: 'deabab7b6318a13e2dbf3fe9c9e1dfbc') in 0.0003241 seconds
Start importing Packages/com.unity.render-pipelines.core/Editor/Icons/RenderGraphViewer using Guid(b233366b32d45e8489690036aca26e57) (DefaultImporter) -> (artifact id: '9d00aedfc435d3b1115b473d03eccc99') in 0.0003365 seconds
Start importing Packages/com.unity.render-pipelines.core/Runtime/Debugging/Prefabs using Guid(d2160913896effa4aa65b93012ff3465) (DefaultImporter) -> (artifact id: 'c3b0ccffb771d31fb84ef036d77d638b') in 0.0003682 seconds
Start importing Packages/com.unity.render-pipelines.universal/Editor/ShaderGraph/Targets using Guid(d27a56a5783f89e409983f9a35efe7cc) (DefaultImporter) -> (artifact id: '3f194da53cfdf4271073e4826020d7fb') in 0.0003335 seconds
Start importing Packages/com.unity.render-pipelines.universal/Runtime/RendererFeatures/SurfaceCacheGI using Guid(e25bb11ca8db4cf4c8c43aa44f544dc1) (DefaultImporter) -> (artifact id: '0556e66f2d14819c9ef390f12efc857a') in 0.0003194 seconds
Start importing Packages/com.gamefoundation.game-template/data/game/prog using Guid(23a377cc1657ffc45b8765cdf9a9bb12) (DefaultImporter) -> (artifact id: 'a10ffe13d346f9fa9efa8ea63b83537e') in 0.0003124 seconds
Start importing Assets/StreamingAssets/GameFoundation/data/_framework using Guid(43a690330c14b74459d1050b908ce498) (DefaultImporter) -> (artifact id: 'd097196e9b61d928194c95e0aaf1a470') in 0.0049818 seconds
Start importing Assets/StreamingAssets/GameFoundation/vfx/cast_circle using Guid(43fe20ec339f9844d8c0a1cfe34fc851) (DefaultImporter) -> (artifact id: '5e7895f44af2d1c3633e00aa1845069f') in 0.0052694 seconds
Start importing Packages/com.unity.render-pipelines.universal/Editor/2D/Converter using Guid(5361c774211d0234c94d0161651a5407) (DefaultImporter) -> (artifact id: 'f674adef6b7d01fdcdbe74fa6bafcd8e') in 0.0005636 seconds
Start importing Packages/com.unity.render-pipelines.universal/Editor/2D/ShaderGraph using Guid(53926c186e474a85a679dafcc7f45d40) (DefaultImporter) -> (artifact id: 'fa1aaefa6bd589a061439142c61b5901') in 0.0003885 seconds
Start importing Packages/com.unity.ugui/Tests/Runtime/UGUI using Guid(53caebc5909234b4ebe1fcaf3dc913a5) (DefaultImporter) -> (artifact id: '6cea7121aaed435492ec2cc2e4bf06a4') in 0.0003663 seconds
Start importing Packages/com.unity.inputsystem/InputSystem/Editor/Internal using Guid(8377f8bca2884d3ba3dd053d9b5d06f7) (DefaultImporter) -> (artifact id: 'a326957e2ed270ad57e6e94df831e7b0') in 0.0003334 seconds
Start importing Packages/com.unity.render-pipelines.core/Runtime/Sampling/Textures using Guid(837c8a5059e05e74f8f9b8cbb40c6fa1) (DefaultImporter) -> (artifact id: '3d85acbb874d2d5d58a2b40e13e0f3bc') in 0.0003358 seconds
Start importing Packages/com.unity.shadergraph/Editor/Data/Implementation using Guid(931ad3a4d181270419aa65ff77b3ec16) (DefaultImporter) -> (artifact id: '5262d891a83110d4d3089e4f09bd6d6a') in 0.0003284 seconds
Start importing Packages/com.unity.render-pipelines.core/Tests/Editor/Volumes using Guid(93ab3f290033d9a48b3cce3d26d93f89) (DefaultImporter) -> (artifact id: 'c8a7c921975a88de0e67649b6bdf040a') in 0.0003131 seconds
Start importing Packages/com.unity.test-framework/UnityEditor.TestRunner/TestLaunchers/Helpers using Guid(a3cb89150b8a4060b89a32725a8e267e) (DefaultImporter) -> (artifact id: '1c6550e824ea391f5fd50f57247dd2be') in 0.0003752 seconds
Start importing Packages/com.unity.test-framework/UnityEngine.TestRunner/NUnitExtensions/Filters using Guid(c3de99f9efc582a48995bc8e8c2df418) (DefaultImporter) -> (artifact id: '6a3e6215aa297c9a4e3c7159efb1015c') in 0.0003201 seconds
Start importing Packages/com.unity.shadergraph/Editor/Data/Graphs using Guid(f329b5b280b7f6f449659f05937ac2f2) (DefaultImporter) -> (artifact id: '7ae39efab1d55fb2a5da36961662dfce') in 0.0003197 seconds
Start importing Packages/com.unity.burst/Runtime/Intrinsics/x86 using Guid(3413d06997203e50844bbf4eca32fce8) (DefaultImporter) -> (artifact id: '080781ea9cc8ae422dd286982a3187b7') in 0.0003105 seconds
Start importing Packages/com.unity.render-pipelines.universal/Editor/ShaderGUI/Shaders using Guid(44979452441cd45d5a88ff530647528f) (DefaultImporter) -> (artifact id: '50e8de7cdf2ed3d2df503aebe5d02ec8') in 0.000304 seconds
Start importing Assets/StreamingAssets/GameFoundation/data/game using Guid(546ea94e859b8d64baec8f3591c808f3) (DefaultImporter) -> (artifact id: '43e46f9a14e9372f5189c4b6011d6ee3') in 0.0070141 seconds
Start importing Packages/com.unity.render-pipelines.universal/Runtime/2D/RendererFeatures using Guid(6410ec30b9d85cf40b53826342e69ac4) (DefaultImporter) -> (artifact id: '9432705dba6b8b4c1176800c10a42fe8') in 0.0005237 seconds
Start importing Packages/com.unity.ugui/Runtime/UGUI/UI using Guid(742654cad2425334696ba6ed4495cfef) (DefaultImporter) -> (artifact id: 'd1046547fc52369f9a3a8f6b662ded51') in 0.0003566 seconds
Start importing Packages/com.unity.shadergraph/GraphTemplates/Subgraphs/Terrain using Guid(843eba6e16ab9034aaacf0d768c274b6) (DefaultImporter) -> (artifact id: '540d8008e3dbbc9491a99696a4fdbe62') in 0.0003581 seconds
Start importing Packages/com.unity.render-pipelines.core/Editor/Lighting/LightUnit using Guid(942737965ad5c034997de550e1c26ff1) (DefaultImporter) -> (artifact id: '6be5281125ad998812c544e8454c881e') in 0.0003251 seconds
Start importing Packages/com.unity.inputsystem/InputSystem/Editor/ProjectWideActions using Guid(949d73ae1e0166c469c8706d4d7a21c7) (DefaultImporter) -> (artifact id: '53693059d700c14fed68385f57810496') in 0.0003147 seconds
Start importing Packages/com.gamefoundation.game-template/data/game/stat using Guid(c464f70e29072c640a5fda2a50aa29db) (DefaultImporter) -> (artifact id: 'beabddca25fc3ea831949dac6648fa35') in 0.0002983 seconds
Start importing Packages/com.gamefoundation.game-template/data/game/world using Guid(d4076bd9fef4cb34db04cd75fe1fdbd6) (DefaultImporter) -> (artifact id: 'de9dcb1dc222ee4ed0036f7cbf879ff1') in 0.0003021 seconds
Start importing Packages/com.gamefoundation.game-template/data/game/found using Guid(e4c3b554275b9824ab8a96c3aaf9dbf8) (DefaultImporter) -> (artifact id: '0a5761d94c508be9fa8f63b7cf0bee43') in 0.0003105 seconds
Start importing Packages/com.unity.shadergraph/Editor/Generation/Processors using Guid(f4a2b3d2dd6f5468a8423947316be163) (DefaultImporter) -> (artifact id: '32ee9de72cc8bd7d062a9f6772ba9e96') in 0.0003168 seconds
Start importing Packages/com.unity.shadergraph/Editor/Resources/Icons using Guid(f4d6d4aaf7f25a14fb15dabc0b24d7ef) (DefaultImporter) -> (artifact id: '561decef2ea012187c421b244ec7bfad') in 0.0003067 seconds
Start importing Packages/com.unity.render-pipelines.core/Runtime/RenderGraph/Debug using Guid(0543e23b6a0f25741b67b1bee0292e70) (DefaultImporter) -> (artifact id: '7771f76bcd0c0d31578ebc83c0551730') in 0.0002994 seconds
Start importing Packages/com.unity.render-pipelines.core/Editor/Icons/MipLevels using Guid(05f6cde15dbb7bb48b377d0310898c96) (DefaultImporter) -> (artifact id: 'cf7f907dcce0608959e6da229069ba7a') in 0.0003031 seconds
Start importing Packages/com.unity.render-pipelines.universal/Editor/2D/Shadows using Guid(15c1d77e1b7aec14b8f1eb5a24156d60) (DefaultImporter) -> (artifact id: '1613f10d823bd689dad44ba4a69ed865') in 0.0003114 seconds
Start importing Packages/com.unity.test-framework/UnityEngine.TestRunner/TestRunner/Messages using Guid(256a0ca37fa972840bce7fca446e75e7) (DefaultImporter) -> (artifact id: '49c9fa09840fad3e17b412376a8dcf2a') in 0.0003005 seconds
Start importing Packages/com.unity.render-pipelines.universal/Editor/Decal/Resources using Guid(3522f385657caf14b8c18df878a3c65b) (DefaultImporter) -> (artifact id: '4f1605886031ae185340d950ae437b3f') in 0.0003017 seconds
Start importing Packages/com.gamefoundation.adapter.unity/Runtime/Ui/Panels using Guid(3589cc9a73c2947429256290d95e466c) (DefaultImporter) -> (artifact id: '5e8a8bc11d2ef06b3fd072ec054ac68c') in 0.0002986 seconds
Start importing Packages/com.unity.shadergraph/Editor/Generation/TargetResources using Guid(45e29c7fe2bbe4bd199f0029b890f5f5) (DefaultImporter) -> (artifact id: '54650005a37db5f4c42e519cb100081f') in 0.0003103 seconds
Start importing Packages/com.gamefoundation.game-template/data/game/shell using Guid(55e8eef9302fd324a94832c67b6b499b) (DefaultImporter) -> (artifact id: '34847f423250dad57aa8c24485716151') in 0.0002976 seconds
Start importing Packages/com.unity.shadergraph/Editor/Data/Enumerations using Guid(55b9824914ca013428dfb7a5c38fc2de) (DefaultImporter) -> (artifact id: '953e1292ac457d63f13e9bfa60e5bd1b') in 0.0003154 seconds
Start importing Packages/com.unity.ugui/Editor/UGUI/UI using Guid(853edc343b78a7c4c81cbb3851d48c0a) (DefaultImporter) -> (artifact id: '773a517afa854ab194e9e6794bc9a1cf') in 0.0003334 seconds
Start importing Packages/com.unity.render-pipelines.universal/Editor/2D/Resources using Guid(95000b81b3fc6af4a916987efa80abbc) (DefaultImporter) -> (artifact id: '751f80d600888e5665a44ac9bf31569e') in 0.0003171 seconds
Start importing Packages/com.unity.shadergraph/Editor/Resources/Shaders using Guid(95a0c8e39aaf7f3468cff72de2b7c094) (DefaultImporter) -> (artifact id: '15e9651cb1887799b1e4c863438ffa3d') in 0.0003098 seconds
Start importing Packages/com.unity.shadergraph/Editor/Generation/Attributes using Guid(95d4f3eaeba344017b164174ed877b77) (DefaultImporter) -> (artifact id: '16043190afcd0e7c683f0e29861756ac') in 0.0002945 seconds
Start importing Packages/com.unity.inputsystem/InputSystem/Editor/AssetEditor using Guid(a5c84a68c16874bd5ba1a9d15a5e5044) (DefaultImporter) -> (artifact id: '51f6329545320ce62a7af1fc311baefa') in 0.0003223 seconds
Start importing Packages/com.unity.render-pipelines.core/Runtime/GPUDriven/InstanceData using Guid(b5f7bf756dcca7044ace748986382c79) (DefaultImporter) -> (artifact id: '001d33bb329cdd31251466ae0546b2bc') in 0.0003112 seconds
Start importing Packages/com.unity.test-framework/UnityEditor.TestRunner/GUI/Views using Guid(c5535d742ea2e4941850b421f9c70a1f) (DefaultImporter) -> (artifact id: 'd8974548c2c7ab5d5ad7599c432a1bc7') in 0.0003069 seconds
Start importing Packages/com.unity.render-pipelines.universal/Editor/Tools/MaterialUpgrader using Guid(d5fa30f043d2e274f9024230be655650) (DefaultImporter) -> (artifact id: 'ee86415133dca45bc85be8fb6c08c561') in 0.0003089 seconds
Start importing Packages/com.unity.render-pipelines.core/Runtime/Utilities/GPUSort using Guid(e5d689573b624639aac8d00ca42bd729) (DefaultImporter) -> (artifact id: '3a8332852c04df7b9dc6feea8d08c161') in 0.0003132 seconds
Start importing Packages/com.unity.shadergraph/Editor/Generation/Descriptors using Guid(e5779cc2c32bb4c90b671ed2e6629e3d) (DefaultImporter) -> (artifact id: 'a81b4a8b55d41faad4cce5358543ec36') in 0.000309 seconds
Start importing Packages/com.unity.ugui/Editor/UGUI/EventSystem using Guid(f525580684527b147b70cf94aaa70dbc) (DefaultImporter) -> (artifact id: '35f8d6adc1fe92d630cb18996309700e') in 0.0003122 seconds
Start importing Packages/com.unity.render-pipelines.core/Tests/Editor/Tools using Guid(167414eb9b5aac148a050554ea60a5cc) (DefaultImporter) -> (artifact id: '98a46cf2ded14f010274e2a8c784870c') in 0.00032 seconds
Start importing Packages/com.unity.test-framework/UnityEditor.TestRunner/UnityTestProtocol/Data using Guid(3610673068254436ac90019f46e09f01) (DefaultImporter) -> (artifact id: 'edf71b33f3965ea27aa0f561aefe6dce') in 0.0003018 seconds
Start importing Assets/StreamingAssets/GameFoundation/sprites/gobj_sample_save_point using Guid(462330df030785b44a1ab80d3002906b) (DefaultImporter) -> (artifact id: '5a72569557a34ad98b6f48e2e850e402') in 0.0040336 seconds
Start importing Packages/com.unity.inputsystem/InputSystem/Editor/Debugger using Guid(461c380dccba54a569c07d9810dd3b32) (DefaultImporter) -> (artifact id: 'da89f0ad8f21a6a87a6a6692ffa6b299') in 0.0004383 seconds
Start importing Packages/com.unity.shadergraph/Editor/Drawing/Blackboard using Guid(465f456071d65c648a34adddf33057f7) (DefaultImporter) -> (artifact id: 'e19dc96236a709ac12609f83f53b9da4') in 0.0009236 seconds
Start importing Packages/com.gamefoundation.adapter.unity/Tests/Runtime/TestData using Guid(56c9f88a76753db4486e860be92473fd) (DefaultImporter) -> (artifact id: 'f9dd46ed64027b2aa0a907451a2dab70') in 0.0004309 seconds
Start importing Packages/com.unity.render-pipelines.universal/Editor/SceneTemplates/Materials using Guid(7671b37f9da45644d8d1d917a2cf29d4) (DefaultImporter) -> (artifact id: 'f898962d802215974676d69789937981') in 0.0003304 seconds
Start importing Packages/com.unity.render-pipelines.core/Runtime/PostProcessing/Shaders using Guid(86304ecf756376e4b8ecb6f9d6111b89) (DefaultImporter) -> (artifact id: '7a4e6a369bb7a235af716f4f9700c8d3') in 0.0003139 seconds
Start importing Packages/com.unity.test-framework/UnityEditor.TestRunner/NUnitExtension/Attributes using Guid(96c503bf059df984c86eecf572370347) (DefaultImporter) -> (artifact id: '2e346665254194df03f2d47ad0a2e81b') in 0.0003299 seconds
Start importing Assets/StreamingAssets/GameFoundation/vfx/sample_burn using Guid(a661efb44dac79345866c9df43a01a36) (DefaultImporter) -> (artifact id: '23f0a363563dea509d11650dbcf1e1c9') in 0.0042464 seconds
Start importing Packages/com.unity.inputsystem/InputSystem/Runtime/State using Guid(a6724a4cbf5d47a2b01ca5fe41036ddd) (DefaultImporter) -> (artifact id: 'a09e4fb0f7468b99673ad5574ea4254a') in 0.000425 seconds
Start importing Packages/com.unity.shadergraph/Editor/Generation/Collections using Guid(d6d4496479c324d29acc5c0d0a40d1b9) (DefaultImporter) -> (artifact id: '4506dbd6ed12beb3e5201ed3099706e5') in 0.0003484 seconds
Start importing Packages/com.unity.shadergraph/Tests/Editor/IntegrationTests using Guid(e636bcaad60bb8e4da48c07cdcb938b5) (DefaultImporter) -> (artifact id: 'aac36f3be3c9da0761b7fd4db954b324') in 0.0003259 seconds
Start importing Packages/com.gamefoundation.game-template/data/game/l10n using Guid(e6cc9e560ec2d2a429b35c497450c756) (DefaultImporter) -> (artifact id: '4940f1937f5d67793753eaaee450b26d') in 0.0003117 seconds
Start importing Packages/com.unity.render-pipelines.universal/Runtime/Decal/DBuffer using Guid(f68d0654b5ceb4a4b92e324b3d1a373c) (DefaultImporter) -> (artifact id: 'b6b31650fc253397ce3e2ff41b751f8e') in 0.0003563 seconds
Start importing Packages/com.unity.test-framework/UnityEditor.TestRunner/GUI/TestListBuilder using Guid(07ea0326ed848fb4489187cb58f96113) (DefaultImporter) -> (artifact id: 'c9ef4e1b8c0b54cbe4a5a11c696e4b78') in 0.0003684 seconds
Start importing Packages/com.unity.render-pipelines.core/Editor/Icons/Processed using Guid(27236dbe91cb3d644991bb5702250e9d) (DefaultImporter) -> (artifact id: '345d7a16e9cfb3cae61ea5ca35842ae4') in 0.000439 seconds
Start importing Packages/com.unity.render-pipelines.core/Runtime/RenderPipelineResources/GPUDriven using Guid(270b22cf3fe09dc4ea4fe92d629d8bce) (DefaultImporter) -> (artifact id: 'bab1fbca95e3983a9944e52211a8da96') in 0.0003249 seconds
Start importing Packages/com.unity.test-framework/UnityEngine.TestRunner/NUnitExtensions/Runner using Guid(37888acc09d9ee848bf9559f06645c45) (DefaultImporter) -> (artifact id: 'ee1e527b3560111b8f9aa3c43ad7e9a9') in 0.000314 seconds
Start importing Packages/com.unity.searcher/Editor/Resources/FlatSkin using Guid(67e35e8d446428040b9f0580470b5b5a) (DefaultImporter) -> (artifact id: '2b77b4fbeb58a35245dcff8388fe9aec') in 0.0003261 seconds
Start importing Packages/com.unity.ugui/Editor/Analytics/IAnalytic using Guid(77417b0f4cf6d334f916c64448d24133) (DefaultImporter) -> (artifact id: 'a22d0db8c8eb6d464d1b5bd50a6655ab') in 0.0003055 seconds
Start importing Packages/com.unity.render-pipelines.core/Editor/Lighting/Icons using Guid(77235ff89f4625d44ac5ad118d1913fa) (DefaultImporter) -> (artifact id: '6aa1f03a998f5cbcbea73c1e2c2c1815') in 0.0003179 seconds
Start importing Packages/com.unity.render-pipelines.core/Runtime/Vrs/Shaders using Guid(77658d0b0e15bb342a01e17ef1b2172a) (DefaultImporter) -> (artifact id: 'd665d223b97413405aa3f55398523bec') in 0.0003099 seconds
Start importing Packages/com.unity.render-pipelines.universal/Editor/SceneTemplates/Standard using Guid(9750256f1be9648b4ba73d98e44d225e) (DefaultImporter) -> (artifact id: '8bd5373fb40624d778069dad13d6c6fe') in 0.0002996 seconds
Start importing Assets/StreamingAssets/GameFoundation/sprites/item_sample_blade using Guid(a7d32059c68c9b945bc1a9bac4003111) (DefaultImporter) -> (artifact id: 'b84dd0955b3cd0b223988723412fb80e') in 0.0056533 seconds
Start importing Packages/com.unity.shadergraph/Editor/Generation/Utils using Guid(a776ae8783d76794ead8bbefa7461cb8) (DefaultImporter) -> (artifact id: 'c6452bed8e3962f8b5e9f778e78d6a2e') in 0.0004466 seconds
Start importing Assets/StreamingAssets/GameFoundation/sprites/placeholder_hero using Guid(b76ecf58cef096c4aa8ca693120adbce) (DefaultImporter) -> (artifact id: 'e44f8f7e59591804ce9ce8a171e4074d') in 0.0046097 seconds
Start importing Assets/StreamingAssets/GameFoundation/sprites/placeholder_chest using Guid(d7c7fe2245df2c34ea07935126ff0098) (DefaultImporter) -> (artifact id: '34f435a9bb99960e6faf48eaa0f10307') in 0.0057851 seconds
Start importing Packages/com.unity.inputsystem/InputSystem/Editor/Analytics using Guid(d7fcb545eb7743c8bd27f341b51151dc) (DefaultImporter) -> (artifact id: '191416f12a9a20f8f5982d896a515d26') in 0.0004454 seconds
Start importing Packages/com.unity.shadergraph/Editor/Generation/Contexts using Guid(e7109562d81c04d45be09c804dc1b8ae) (DefaultImporter) -> (artifact id: '775b5d35f82cc8e690d0cef117b852a3') in 0.0003637 seconds
Start importing Packages/com.unity.render-pipelines.universal/Runtime/2D/Passes using Guid(f74b40ff9aaa99a49a36a3c646ca5917) (DefaultImporter) -> (artifact id: '7c1d4cb45357db06f2e3d9edbaf8fd26') in 0.0003667 seconds
Start importing Packages/com.unity.shadergraph/Editor/Generation/Data using Guid(f78c50a65bb1b22409719a84b48ff794) (DefaultImporter) -> (artifact id: '2b41176d2562fccdf1073a675166e2b7') in 0.0003569 seconds
Start importing Packages/com.unity.shadergraph/Editor/Data/Attributes using Guid(08871a332c049d44d9bf2563943a52c0) (DefaultImporter) -> (artifact id: 'b09de6ccad4ef58db7ed1e416d02beca') in 0.0003214 seconds
Start importing Packages/com.unity.render-pipelines.core/Tests/Editor/GPUDriven using Guid(0829798e3b46e42438b2a90fe5fbe063) (DefaultImporter) -> (artifact id: '1dacfdf94ddbed438dabc2dd2364cdf6') in 0.0003175 seconds
Start importing Packages/com.unity.render-pipelines.universal/Textures/BlueNoise64/L using Guid(185beacae6c1ae444bf82919f9550d1a) (DefaultImporter) -> (artifact id: 'e71797dddb52c2aabce01b3652837d28') in 0.0003058 seconds
Start importing Packages/com.unity.burst/Runtime/Intrinsics/Arm using Guid(2893f6d998ac3104919ec7e11aa597cd) (DefaultImporter) -> (artifact id: '20456fafa43f13a05b05b1d9591955d2') in 0.0003154 seconds
Start importing Packages/com.unity.shadergraph/Editor/Drawing/MaterialEditor using Guid(381bcc6523571fb478a4937355db4c0d) (DefaultImporter) -> (artifact id: '90c1a6c1d83a9d94a935db832c169103') in 0.0003068 seconds
Start importing Packages/com.unity.inputsystem/InputSystem/Editor/Devices using Guid(48b3efd3f5d914c53a4b7be35baf09a9) (DefaultImporter) -> (artifact id: 'f1355ef83adb6248b1de8ff107278492') in 0.0003328 seconds
Start importing Packages/com.unity.render-pipelines.universal/Runtime/Decal/ScreenSpace using Guid(5818a14fd27827e48951a0d2ee539d75) (DefaultImporter) -> (artifact id: 'ac4ab97df5c0f8a2877c38d28ad3b174') in 0.0003064 seconds
Start importing Packages/com.unity.shadergraph/Editor/Drawing/Interfaces using Guid(58ecb05b886e4306918caed5d3178020) (DefaultImporter) -> (artifact id: 'bea49cb982c5b5a30a9d131405a3f1b7') in 0.0003052 seconds
Start importing Packages/com.unity.render-pipelines.core/Runtime/Lighting/ProbeVolume using Guid(686bcd471035ed641a36aa69aacb76a9) (DefaultImporter) -> (artifact id: '97272a9502bd9aba89d261b081e2b232') in 0.0003098 seconds
Start importing Packages/com.unity.test-framework/UnityEditor.TestRunner/GUI/TestListTreeView using Guid(68cb547af0187634aad591a09c01cd5b) (DefaultImporter) -> (artifact id: 'bcc7fabbc19415c35b0572cf2f2337a5') in 0.000295 seconds
Start importing Packages/com.unity.render-pipelines.core/Runtime/RenderPipelineResources/Mesh using Guid(68ed7b91fd1483d40861e1ada55a57bc) (DefaultImporter) -> (artifact id: 'f207b84878a73b87b55f7d75cf48e989') in 0.0002914 seconds
Start importing Packages/com.unity.render-pipelines.universal/Runtime/2D/UTess2D using Guid(78adb7be6764d484eaae877fcfac7bd4) (DefaultImporter) -> (artifact id: 'c78bc55b8adbbe5e1b51fc8993571616') in 0.0002907 seconds
Start importing Packages/com.gamefoundation.game-template/data/game/item using Guid(881228fc952592646a83f766a5120f0a) (DefaultImporter) -> (artifact id: '0fa6554a0a542e7da1d2e48cf316772f') in 0.0002866 seconds
Start importing Packages/com.unity.render-pipelines.core/Tests/Editor/ShaderStripping using Guid(a869f30d596b98e41b8553703937b6e5) (DefaultImporter) -> (artifact id: 'db2dcc91b1e4412e823ed014cce3b769') in 0.0003169 seconds
Start importing Packages/com.unity.render-pipelines.core/Tests/Editor/Debugging using Guid(b8f37e7cf15bcc1419f4622045f6e075) (DefaultImporter) -> (artifact id: '8618fb53a9a20a1d0cf41286604b4c7b') in 0.0002958 seconds
Start importing Packages/com.unity.2d.sprite/Editor/UI/SpriteEditor using Guid(b8f7402084fe2cf4d884952adeac1114) (DefaultImporter) -> (artifact id: 'bc400fb9a86652d12445be2d2e02c633') in 0.0002903 seconds
Start importing Packages/com.unity.render-pipelines.core/Tests/Editor/RenderPipeline using Guid(d8bcf5ae67f54a15944eef9b06d8d20d) (DefaultImporter) -> (artifact id: '5f04a804b8c19f25f7220f71b786a029') in 0.0003109 seconds
Start importing Packages/com.unity.test-framework/UnityEditor.TestRunner/GUI/Controls using Guid(e88eef57957d4440c8a7ff2ef9dd3d97) (DefaultImporter) -> (artifact id: 'c4f64d42392877fbc9299e30e3929089') in 0.0002882 seconds
Start importing Packages/com.unity.shadergraph/Editor/Drawing/Controls using Guid(29309be0e1004fad967256187775c528) (DefaultImporter) -> (artifact id: 'af9300f652828052b1cc17ba0e5fbbc8') in 0.000299 seconds
Start importing Packages/com.unity.test-framework/UnityEditor.TestRunner/TestRun/Data using Guid(4926c06156894939ba0a2680f1b0aa7a) (DefaultImporter) -> (artifact id: 'e85e5880a8fb926656c64ebb007116bd') in 0.0003081 seconds
Start importing Packages/com.unity.render-pipelines.universal/Editor/ShaderGraph/Nodes using Guid(6979e5ac3dcd9e147be8acbcea517686) (DefaultImporter) -> (artifact id: '6072ef90b925365cb4ffed458af5b0e3') in 0.0002942 seconds
Start importing Packages/com.unity.test-framework/UnityEditor.TestRunner/Api/Analytics using Guid(891bb6b9f5094c36b59c3788e21c8213) (DefaultImporter) -> (artifact id: '7afc1f32db95c3782cc44b8be1b1fdd2') in 0.0002941 seconds
Start importing Packages/com.unity.inputsystem/InputSystem/Runtime/Events using Guid(99f4ddb4a8fa4fcfa25917e64bcc6e8c) (DefaultImporter) -> (artifact id: '23c906ddce7aa323c4838ae920910404') in 0.00032 seconds
Start importing Packages/com.gamefoundation.game-template/data/game/combat using Guid(a923d97395f19454fa23f972daeda3ca) (DefaultImporter) -> (artifact id: '41271e48684e5f28fbfd113fe0727622') in 0.0002956 seconds
Start importing Packages/com.unity.render-pipelines.core/Runtime/UnifiedRayTracing/Common using Guid(b9f7ba6849814a54bb551f9491377013) (DefaultImporter) -> (artifact id: 'd4d9fcf70fdb369bbcfad92ae8a4c078') in 0.000306 seconds
Start importing Packages/com.unity.render-pipelines.universal/Editor/2D/Overrides using Guid(c96a8adc325df8544ae548396468a961) (DefaultImporter) -> (artifact id: '5797c951e84841231f5e58d60f865dc5') in 0.0002955 seconds
Start importing Packages/com.unity.test-framework/UnityEditor.TestRunner/TestRunner/Messages using Guid(d9682e749d3efc642af54d789d9090a6) (DefaultImporter) -> (artifact id: '34a2da094325aea95250bbc91b3bacfc') in 0.0003641 seconds
Start importing Packages/com.unity.render-pipelines.core/Editor/BuildProcessors/SettingsStrippers using Guid(f9e0abec186274f4f8a49394c1fef24b) (DefaultImporter) -> (artifact id: '28c507c646c61b39d9d919b7ff2b83d5') in 0.0003114 seconds
Start importing Packages/com.unity.render-pipelines.universal/Editor/ShaderGraph/Includes using Guid(f9df817efe7f52045a7cd7ae84fd47ae) (DefaultImporter) -> (artifact id: '06479cd795399b12c4037e15097a4fb6') in 0.0003127 seconds
Start importing Packages/com.unity.shadergraph/Editor/Data/Actions using Guid(9abbc5074e3b457c98f721847723bf2e) (DefaultImporter) -> (artifact id: 'fe7d8305a96034bb30ef6b12dae53088') in 0.0003044 seconds
Start importing Packages/com.unity.render-pipelines.universal/Editor/Converter/PPv2 using Guid(aaea8397f87188a4fb3a7451bf0ea320) (DefaultImporter) -> (artifact id: '4444e57dc1735683e84a4c9241e5c5ab') in 0.0003493 seconds
Start importing Packages/com.unity.inputsystem/InputSystem/Runtime/Controls using Guid(aa1e768bf3ad4ae8898571a206251472) (DefaultImporter) -> (artifact id: '285e59d31e480fc19c238c53ef43cf17') in 0.000308 seconds
Start importing Assets/StreamingAssets/GameFoundation/sprites/placeholder_door using Guid(dad2fb1b7eef35d4cb8152503fda7b58) (DefaultImporter) -> (artifact id: '0309dbde3eccd8368c70f0388bf7fe24') in 0.0051228 seconds
Start importing Packages/com.unity.render-pipelines.universal/Runtime/Materials/ArnoldStandardSurface using Guid(dadc0db69503dfa4eb1c96a19590f95c) (DefaultImporter) -> (artifact id: 'c4afa0ef24dbf13aad08371995663f40') in 0.0003766 seconds
Start importing Packages/com.unity.render-pipelines.universal/Editor/Overrides/Shaders using Guid(da0f06d1af1e98c48b8ffbe1e6e4df96) (DefaultImporter) -> (artifact id: '77d9edfd77d13472b7f0c72ef9d99487') in 0.0003325 seconds
Start importing Packages/com.unity.ugui/Editor/TMP/PropertyDrawers using Guid(ea7c31b5b377c314db28ad3fabbbd38d) (DefaultImporter) -> (artifact id: 'ebc92ba84e6406c25f912a00cf612866') in 0.0003568 seconds
Start importing Assets/StreamingAssets/GameFoundation/vfx/hit_spark using Guid(ea6feb92494dcfa49b774151e5988c25) (DefaultImporter) -> (artifact id: 'ac6eadbc0aea1bfb1bedd17419141fab') in 0.0045043 seconds
Start importing Packages/com.unity.ugui/Tests/Editor/UGUI using Guid(fae3ac1997e164d1eba5fa5c417cbefd) (DefaultImporter) -> (artifact id: 'a65f00dcb82f453aab04a0f34c97e4e8') in 0.0003659 seconds
Start importing Packages/com.unity.shadergraph/Editor/Data/Interfaces using Guid(fa6cfee2afcf9584b9e67fe405662d0e) (DefaultImporter) -> (artifact id: '3802db2e58a2263174b47c8549202657') in 0.0003248 seconds
Start importing Packages/com.gamefoundation.game-template/data/game/arch using Guid(faee8acef0eb1314e924b68a0284264d) (DefaultImporter) -> (artifact id: 'e29e5d8afc50c8b6d18777be767a386e') in 0.0003081 seconds
Start importing Packages/com.unity.render-pipelines.core/Tests/Editor/Analytics using Guid(1b3ed7ed96f03fb41af34f1c2e6a1fff) (DefaultImporter) -> (artifact id: 'c23552cd417d1b7c82afe956df223812') in 0.0003745 seconds
Start importing Packages/com.unity.test-framework/UnityEngine.TestRunner/NUnitExtensions/Commands using Guid(6b72875690e0f7343911e06af3145bd5) (DefaultImporter) -> (artifact id: 'f36e7cf57d57bd868768c4d06537389c') in 0.0003684 seconds
Start importing Packages/com.unity.render-pipelines.universal/Runtime/Decal/Entities using Guid(6b3e7dae1e82a6b448b739d1331813f0) (DefaultImporter) -> (artifact id: 'd08d7f6a9b82462fdd806deca3dab5fd') in 0.0009517 seconds
Start importing Packages/com.unity.shadergraph/Editor/Drawing/Manipulators using Guid(abc41fae76b14617ae2f7d38d3ebef3a) (DefaultImporter) -> (artifact id: '66dd8f5d1b713dd8ee8796dd3f9403bf') in 0.0003488 seconds
Start importing Packages/com.unity.inputsystem/InputSystem/Runtime/Devices using Guid(abbbcd5cf6184b818eaa56c5778a4110) (DefaultImporter) -> (artifact id: '4809312ce28a07587c930c16872a3492') in 0.0003217 seconds
Start importing Packages/com.unity.inputsystem/InputSystem/Editor/UITKAssetEditor using Guid(bb0e7cd0be171ca4ca67132e36b7ccb5) (DefaultImporter) -> (artifact id: '78ba98fe5f1f37de20ccd2d6f868901a') in 0.000313 seconds
Start importing Packages/com.unity.inputsystem/InputSystem/Editor/Utilities using Guid(cbd7102e0064b4e64be5ff61a77aba3a) (DefaultImporter) -> (artifact id: '2c3186815aa1b9957771ed88f3b8ffd1') in 0.0003064 seconds
Start importing Packages/com.unity.inputsystem/InputSystem/Editor/BuildPipeline using Guid(cb6feb90190641c19dce92f09614edd4) (DefaultImporter) -> (artifact id: '95097ddec7238d0f3c6747f3455fecaa') in 0.0003026 seconds
Start importing Packages/com.gamefoundation.adapter.unity/Tests/Runtime/TestDataQuestDayProvider using Guid(eb312aa23c374c2b9b31320c0f2a6cce) (DefaultImporter) -> (artifact id: '779d93f13bd4cbd08c991c9a76cdfa98') in 0.0003005 seconds
Start importing Packages/com.unity.test-framework/UnityEditor.TestRunner/TestLaunchers/PlatformSetup using Guid(ebc4d20cc106cea49b1df1153f0b3b5e) (DefaultImporter) -> (artifact id: 'b557b5aa3ee3c1d394dd361be2918e20') in 0.000306 seconds
Start importing Packages/com.unity.render-pipelines.core/Tests/Editor/Utilities using Guid(fba05ad04ca734045bd6708fb9c77773) (DefaultImporter) -> (artifact id: 'c5f3e345aeeb53d52d1dd36547c72a35') in 0.0003101 seconds
Start importing Packages/com.unity.render-pipelines.core/Editor/Resources/Gizmos using Guid(fb53178749687244eaaabbe3e2e40653) (DefaultImporter) -> (artifact id: '6f0d36a3781787893ff93972b04838e1') in 0.0003085 seconds
Start importing Packages/com.unity.render-pipelines.universal/Tests/Editor/PostProcessDataTests using Guid(fb0ec4b8bb8f2d34b91204563167f685) (DefaultImporter) -> (artifact id: '9c15077bc3726049828142e4de8d25df') in 0.0002974 seconds
Start importing Packages/com.unity.test-framework/UnityEngine.TestRunner/NUnitExtensions/Attributes using Guid(0cb14878543cf3d4f8472b15f7ecf0e3) (DefaultImporter) -> (artifact id: '75903ed02331572f0967609c7b7f1e1c') in 0.0002933 seconds
Start importing Packages/com.unity.render-pipelines.core/Editor/Lighting/ProbeVolume using Guid(0c3c319c56dba374ba288aab4ee70654) (DefaultImporter) -> (artifact id: 'f925f833811df032e191cae05e436801') in 0.0002945 seconds
Start importing Assets/StreamingAssets/GameFoundation/vfx/sample_hit_spark using Guid(4c6e5b0a625a37b478023d79be5933a8) (DefaultImporter) -> (artifact id: 'd644729b1868ce657e19693add286ade') in 0.0053755 seconds
Start importing Packages/com.unity.2d.sprite/Editor/ObjectMenuCreation/DefaultAssets using Guid(5cebb8a885d4e4a6992c4fcd598b67c8) (DefaultImporter) -> (artifact id: '0ac3b457a871518c1def031772d0613c') in 0.0004305 seconds
Start importing Packages/com.unity.render-pipelines.core/Tests/Editor/XR using Guid(6c39937ba9ca4a3d9bfd4613712ac88e) (DefaultImporter) -> (artifact id: '6a2585996ca28b7f26a362a991d8bd79') in 0.0003354 seconds
Start importing Assets/StreamingAssets/GameFoundation/sprites/creature_sample_beast using Guid(7cff36c15e170f84d8c6a07b176626fb) (DefaultImporter) -> (artifact id: 'cfd71909880eb125c8f3e491c6eed150') in 0.0045971 seconds
Start importing Packages/com.unity.render-pipelines.core/Editor/Volume/Drawers using Guid(8c667ca46d23aa3468b6c4243b135b0d) (DefaultImporter) -> (artifact id: 'a4be2ca8b35fa5bd4af12e6409cd444f') in 0.0004109 seconds
Start importing Packages/com.unity.inputsystem/InputSystem/Runtime/Plugins using Guid(bcb3dcdfe51084a038a04105cfbc70aa) (DefaultImporter) -> (artifact id: '2e4fff624270ca30926f8bf272ac9a95') in 0.0003474 seconds
Start importing Packages/com.unity.inputsystem/InputSystem/Editor/Actions using Guid(bcff3f2833bb241549d7b4be7dddc1de) (DefaultImporter) -> (artifact id: '8d94a760cf370cc2237434ea57463a2d') in 0.00032 seconds
Start importing Packages/com.unity.inputsystem/InputSystem/Editor/Controls using Guid(dce36297a61ee468f92d0fe7f7e28441) (DefaultImporter) -> (artifact id: 'c24bdd577bfd9bac70cfc676479791e2') in 0.000326 seconds
Start importing Packages/com.unity.render-pipelines.core/Runtime/GPUDriven/Utilities using Guid(0d54b02a80b94d94a90b9de832436341) (DefaultImporter) -> (artifact id: 'fc86d2d2acac042d7c81cdb4c8699d88') in 0.0003119 seconds
Start importing Packages/com.unity.render-pipelines.universal/Runtime/2D/Rendergraph using Guid(1db62f4f87b95214e98261b68289adba) (DefaultImporter) -> (artifact id: '1117572af99b9df751376dbfffac2c0b') in 0.0003172 seconds
Start importing Packages/com.unity.mathematics/Tests/Tests/Shared using Guid(1d6d62c94d82bf748b95682fa88ef3b9) (DefaultImporter) -> (artifact id: '5089b55838d26600dfb09310e1a12a53') in 0.0003164 seconds
Start importing Packages/com.unity.shadergraph/Editor/Drawing/Inspector using Guid(1d1f4aaa81084a13aaeb78dfaf7d35d7) (DefaultImporter) -> (artifact id: 'c924bf12263d5d6d8af9fe0a2844be00') in 0.0003126 seconds
Start importing Packages/com.unity.render-pipelines.universal/Tests/Editor/URPGlobalSettingsMigrationTests using Guid(2d428e2ad3bcf4344a7b4d4c8a2daa1a) (DefaultImporter) -> (artifact id: '18caa9641a5bcccead458723d3110f24') in 0.0003498 seconds
Start importing Assets/StreamingAssets/GameFoundation/sprites/creature_sample_hero using Guid(2d3ff042bfe5f1f4d84040bd1f061a22) (DefaultImporter) -> (artifact id: '83a7def1adb45c26df06618f281e2f6d') in 0.0050471 seconds
Start importing Packages/com.unity.ugui/Tests/Editor/TMP using Guid(3ddaad49a7bcb4087b403f2225d54840) (DefaultImporter) -> (artifact id: 'dc3536d35fb2a75d225a6a19a3e6094d') in 0.0003896 seconds
Start importing Packages/com.unity.inputsystem/InputSystem/Editor/Icons using Guid(4dc89088b67654c86810b41295276666) (DefaultImporter) -> (artifact id: 'afde898341aa5796bf4c74f6bd521417') in 0.0003394 seconds
Start importing Packages/com.unity.shadergraph/Editor/Drawing/ViewModels using Guid(4d7c3af94488c9f43bf33aa63a59b2d1) (DefaultImporter) -> (artifact id: '92d9468b9ea212b05848ba33d3248fd9') in 0.0003262 seconds
Start importing Packages/com.unity.test-framework/UnityEditor.TestRunner/TestRunner/Callbacks using Guid(5d7f0d6acfced954682a89e7002c04d9) (DefaultImporter) -> (artifact id: '0dec5c1fe4d62597a6f06205aa5984cd') in 0.0003363 seconds
Start importing Packages/com.unity.test-framework/UnityEditor.TestRunner/TestRun/Tasks using Guid(6dba53789da15814387fa5b1445e81e0) (DefaultImporter) -> (artifact id: '72f33cfefcd167ac88b3efeb6da24af6') in 0.0003084 seconds
Start importing Packages/com.unity.render-pipelines.universal/Editor/VFXGraph/Shaders using Guid(7d77ae3715c5eea4ca5de8d2fe3dfa2c) (DefaultImporter) -> (artifact id: 'caec26be157d70c8dc7d2a401e1ad1eb') in 0.0003222 seconds
Start importing Packages/com.gamefoundation.game-template/data/game/fac using Guid(9d93a7a6b6da1c84f8be62b1f417108a) (DefaultImporter) -> (artifact id: '2a90663e46ed0cbaa36007257ecca106') in 0.0003151 seconds
Start importing Packages/com.unity.inputsystem/InputSystem/Editor/AssetImporter using Guid(9d7486ba41233414a9ed80716a544026) (DefaultImporter) -> (artifact id: '1275d9cb4dc87f0842d6a153168efa81') in 0.0003146 seconds
Start importing Packages/com.unity.render-pipelines.core/Editor/LookDev/Icons using Guid(9d38fc3327537ec418b043933457c849) (DefaultImporter) -> (artifact id: '6290cfb46e81ee43d3958ac11c04be28') in 0.0003287 seconds
Start importing Packages/com.unity.inputsystem/InputSystem/Editor/DeviceSimulator using Guid(bd293de081caa442dae1595e4c7a6773) (DefaultImporter) -> (artifact id: '821d985727ccb4a0006f1b798e08f98a') in 0.0003085 seconds
Start importing Packages/com.unity.render-pipelines.core/Tests/Runtime/Threading using Guid(cdb007ea9cfd17c49ae406263e8c346d) (DefaultImporter) -> (artifact id: 'ea60e605cd12dcb453d1399c3568fb29') in 0.0003094 seconds
Start importing Packages/com.unity.ugui/Tests/Editor/Common using Guid(cd9c8fc1c8d64d54ab1e22aae9678d84) (DefaultImporter) -> (artifact id: '1f7234dd476dbcafef424fcfe7bedc03') in 0.0002965 seconds
Start importing Assets/StreamingAssets/GameFoundation/sprites/gobj_sample_door using Guid(ddb2828ae228057499367426994cbcee) (DefaultImporter) -> (artifact id: 'ad97aa195371e9a7604a301ebbbcecd1') in 0.004393 seconds
Start importing Packages/com.unity.render-pipelines.universal/Editor/ShaderGraph/Templates using Guid(3efb14e4a7f35d24899cd83aa303d48b) (DefaultImporter) -> (artifact id: '9a3bc1235883858fa36c7b383bb03efd') in 0.0003949 seconds
Start importing Packages/com.unity.render-pipelines.universal/Textures/BlueNoise16/L using Guid(4eb46e164ba847b4396d73b7491c99d3) (DefaultImporter) -> (artifact id: 'd509c32da64ad88b6e8d135930b915bc') in 0.000331 seconds
Start importing Packages/com.unity.render-pipelines.core/Tests/Editor/UnifiedRayTracing using Guid(4e4c297047ea96a49826f1570cf7db07) (DefaultImporter) -> (artifact id: '144279807019715e886db6ca83b636b5') in 0.0003233 seconds
Start importing Packages/com.unity.render-pipelines.core/Runtime/UnifiedRayTracing/Compute using Guid(4ecd3fe6796a2ca4aa0c3b180133d9d9) (DefaultImporter) -> (artifact id: '956e41868c53e1f2c165d75b91523c05') in 0.0003251 seconds
Start importing Packages/com.unity.test-framework/UnityEditor.TestRunner/UnityTestProtocol/Messages using Guid(9ea154c33fd8466f973f004e5c962df7) (DefaultImporter) -> (artifact id: 'd8ce3e034bebd7e36b2b6ecc121483da') in 0.000315 seconds
Start importing Packages/com.unity.render-pipelines.core/Editor/CommandBuffers/CommandBufferGenerator using Guid(9ee4775791ff6f8448490ba9f74d2f5b) (DefaultImporter) -> (artifact id: '06bea95265cf41ee62a05e38b8e2673a') in 0.0003122 seconds
Start importing Packages/com.unity.render-pipelines.core/Runtime/ShaderLibrary/Sampling using Guid(bea6ca7ad79287c4b8c525b8ffbd5842) (DefaultImporter) -> (artifact id: 'e754b269e6559bf77e55475f683e10e0') in 0.0003038 seconds
Start importing Packages/com.unity.test-framework/UnityEngine.TestRunner/Utils/MonoBehaviourTest using Guid(ce8da628f68c7594b8b9a597fa52db7b) (DefaultImporter) -> (artifact id: '2d38e1309f0ea79159d19d1fe0eb6c3d') in 0.0003012 seconds
Start importing Packages/com.unity.render-pipelines.universal/Runtime/VFXGraph/Utility using Guid(cebf9c6bb6e199e4db858b1ca6525e5d) (DefaultImporter) -> (artifact id: '027bfd2551e6699379ca269566d3826c') in 0.0003752 seconds
Start importing Packages/com.unity.render-pipelines.universal/Editor/Tools/Converters using Guid(de07e00acee5049188d7f5c776e98c91) (DefaultImporter) -> (artifact id: '96b604e4696e24aa08197b9a01f8d564') in 0.0003293 seconds
Start importing Packages/com.unity.render-pipelines.core/Runtime/UnifiedRayTracing/Hardware using Guid(de0ed5319362ff5418fb5d16977e9463) (DefaultImporter) -> (artifact id: '1cc584649c8745fd87662cdf2f11fab2') in 0.0003134 seconds
Start importing Assets/StreamingAssets/GameFoundation/assets/_placeholder using Guid(de7f7e8bb7bbcd744bc3d74887f2ce79) (DefaultImporter) -> (artifact id: 'ea3a325406883d2abd0382354670699c') in 0.0050883 seconds
Start importing Packages/com.unity.render-pipelines.universal/Editor/ShaderGraph/AssetCallbacks using Guid(eea3e26ee6aecd14d8ab3f9b20ccc5d5) (DefaultImporter) -> (artifact id: '5ab38eb6565d85ecc75b6a3073258f12') in 0.000464 seconds
Start importing Packages/com.unity.ugui/Editor/TMP/HDRP using Guid(eecc124dc0b994047aac97ccf8c8ed0a) (DefaultImporter) -> (artifact id: '5b5397f7d63b0f449a7a5706eccb0297') in 0.0003626 seconds
Start importing Packages/com.unity.render-pipelines.core/Runtime/Debugging/FrameTiming using Guid(0f240cc177d08124a9694021c19c0dc4) (DefaultImporter) -> (artifact id: '9eb3d9d6c684f05e2c563912d525a8b9') in 0.0003563 seconds
Start importing Assets/StreamingAssets/GameFoundation/vfx/burn using Guid(1f2752244073cf9449f0642ba62b4bcc) (DefaultImporter) -> (artifact id: '5c1a74b487e1cd0882528c4896b16351') in 0.0057365 seconds
Start importing Packages/com.unity.test-framework/UnityEditor.TestRunner/TestRunner/Utils using Guid(1f5bbb88ca730434483440cbc0278ef6) (DefaultImporter) -> (artifact id: 'd5d79cd3d4288070e6bddcbfc9c58d29') in 0.0005737 seconds
Start importing Packages/com.unity.render-pipelines.universal/Editor/BuildProcessors/GraphicsSettingsStrippers using Guid(2f3616b2dfb87f24b87d934d1c8ea882) (DefaultImporter) -> (artifact id: '410263ae6aae53cbbfc8d9419325a75c') in 0.0003788 seconds
Start importing Packages/com.unity.render-pipelines.core/Runtime/Utilities/GPUPrefixSum using Guid(4fd6fd0a85444385a35a13e9adbcb49d) (DefaultImporter) -> (artifact id: '4c82f68ed4d0dd5e32108f3509262f9a') in 0.0003955 seconds
Start importing Packages/com.unity.render-pipelines.universal/Runtime/2D/Shadows using Guid(5f7294749d1800e4daee980df3e624da) (DefaultImporter) -> (artifact id: 'b29fc61f5e8fc2abaa0b6517d6bfb3e3') in 0.0003433 seconds
Start importing Packages/com.unity.shadergraph/Editor/Resources/Styles using Guid(5f393962fcae179489132b01f969bb6e) (DefaultImporter) -> (artifact id: '5899d66945d3e1d7c619847b31712057') in 0.0003438 seconds
Start importing Packages/com.unity.shadergraph/Tests/Editor/UnitTests using Guid(7f85ac5340a5dff468e347347435cf68) (DefaultImporter) -> (artifact id: 'ebd829df3026ddbc559bdbd4d980e66d') in 0.0003233 seconds
Start importing Packages/com.unity.ugui/Runtime/UGUI/EventSystem using Guid(7f27709c942d91541be1fd6aa5cb3d78) (DefaultImporter) -> (artifact id: 'f0d60c8b7f149f215e5d223617964474') in 0.0003325 seconds
Start importing Packages/com.gamefoundation.game-template/data/game/diff using Guid(7f6826ac95d0b9c428617057279c45d6) (DefaultImporter) -> (artifact id: '2a3555b30130bbac1ad4421ec14d0ed5') in 0.0003124 seconds
Start importing Assets/StreamingAssets/GameFoundation/data/_sample using Guid(8fa8bb33975080a4bbaa6170430b9003) (DefaultImporter) -> (artifact id: '6c2af8907cc5cd4da22a26a89343248f') in 0.0064721 seconds
Start importing Packages/com.unity.shadergraph/Editor/Drawing/Colors using Guid(9ff4538fd9b634ffd8b591bd96663d06) (DefaultImporter) -> (artifact id: '9df3cd413671764a252b29141aca6cb9') in 0.0005292 seconds
Start importing Packages/com.unity.render-pipelines.core/Editor/Lighting/Shadow using Guid(9f9a42fd802a4b144b2d7b1a4f4a0463) (DefaultImporter) -> (artifact id: '6cb6f35e218b0425a68b89f4429d2dff') in 0.0003695 seconds
Start importing Packages/com.unity.render-pipelines.universal/Editor/2D/LightBatchingDebugger using Guid(bf4452fea996a7a468c7d5443cf2ff2e) (DefaultImporter) -> (artifact id: '2f73634d5185c547a63fa47f3b71b8f3') in 0.0003666 seconds
Start importing Packages/com.unity.render-pipelines.core/Editor/Settings/PropertyDrawers using Guid(cf844af7c1c69cd42b541bd236fe3e8c) (DefaultImporter) -> (artifact id: 'a3a9c707c35d818d350e5c6ee16680c6') in 0.0003324 seconds
Start importing Packages/com.unity.ugui/Editor/UGUI/Properties using Guid(cf97e54bcd5479a46bdbade48da047cc) (DefaultImporter) -> (artifact id: 'bcc5e4cf73302b79631566aee946fa3b') in 0.0003719 seconds
Start importing Packages/com.unity.render-pipelines.core/Runtime/GPUDriven/Components using Guid(efa82a5fd775b99479c361771fb9e6d1) (DefaultImporter) -> (artifact id: '196acaa875c3fc61e57e455359e32c15') in 0.0003355 seconds
Start importing Packages/com.unity.2d.sprite/Editor/SpriteEditorModule/SpriteFrameModule/Overlay using Guid(108014601e234997bd271b3b9a1991d0) (DefaultImporter) -> (artifact id: '35dc3f2b86c849998c155dfd03edd73c') in 0.0003946 seconds
Start importing Packages/com.unity.ugui/Tests/Runtime/UGUI/Image using Guid(1091bc2ad06e3234aac2b2fa2841c09d) (DefaultImporter) -> (artifact id: '94034d6d07fdc201b83d5943f5af1dca') in 0.0003733 seconds
Start importing Packages/com.unity.shadergraph/Editor/Data/Interfaces/Graph using Guid(20d63795c62940409089af61496db945) (DefaultImporter) -> (artifact id: 'b7e459f513c543a440200c40c9a0a869') in 0.0008406 seconds
Start importing Packages/com.unity.render-pipelines.universal/Editor/ShaderGraph/GraphTemplates/2D using Guid(30d55c1054874cd45b0415318bf60fca) (DefaultImporter) -> (artifact id: '6cb9d9ac47cb27e46c7303a42ca575c7') in 0.0003337 seconds
Start importing Packages/com.unity.ugui/Tests/Editor/UGUI/RectMask2D using Guid(305ca32be1aa5504aa182f583895dfe4) (DefaultImporter) -> (artifact id: '5feb8431e6a2647400681c0df4eb4982') in 0.0003288 seconds
Start importing Assets/StreamingAssets/GameFoundation/sprites/creature_sample_hero/back_side_r using Guid(407f6187f6b871441b46b9b0b5dc0203) (DefaultImporter) -> (artifact id: 'd5c716cbccb7993ee6adb2d79e74af19') in 0.004978 seconds
Start importing Packages/com.unity.render-pipelines.core/Editor/Lighting/ProbeVolume/RenderingLayerMask using Guid(6043c984fc486f646b6686af5208025b) (DefaultImporter) -> (artifact id: 'dc9388f1826af9613dbc4ea94e220dea') in 0.00052 seconds
Start importing Packages/com.unity.render-pipelines.universal/Editor/2D/ShaderGraph/AssetCallbacks using Guid(702cc9b492bf4f6da778b0f5c996b7ad) (DefaultImporter) -> (artifact id: '4db58d58660a86a23d1e027ea4c31d1e') in 0.0003913 seconds
Start importing Packages/com.unity.render-pipelines.universal/Editor/2D/ShaderGraph/Includes using Guid(b0e1457667cf4865bf50a0f8567c4d29) (DefaultImporter) -> (artifact id: 'b434d7ededfa3f369652d468342b9122') in 0.0003864 seconds
Start importing Packages/com.unity.shadergraph/Editor/Generation/Targets/Fullscreen using Guid(b08719eeefb3f464f9c08fa512667b40) (DefaultImporter) -> (artifact id: '652ca7eba1540594fbb60e74af57f149') in 0.0003456 seconds
Start importing Assets/StreamingAssets/GameFoundation/data/_sample/feedback using Guid(b0dcd0d6aef89e94aa52a206c84471ea) (DefaultImporter) -> (artifact id: 'b40c1c08c357b9fe09cb0b25f654b352') in 0.0063098 seconds
Start importing Assets/StreamingAssets/GameFoundation/sprites/placeholder_beast/front_side_l using Guid(d0695d5b869d87a409a52cf632298b73) (DefaultImporter) -> (artifact id: '397eae299ee39a4aa6cbed56136d2149') in 0.0064267 seconds
Start importing Packages/com.unity.render-pipelines.universal/Editor/Tools/Converters/ReadonlyMaterialConverter using Guid(d0cbb8c1758af77469e1b602c122282c) (DefaultImporter) -> (artifact id: '743cb320c1d8aa4351a46fae71a18d60') in 0.0005407 seconds
Start importing Packages/com.unity.searcher/Editor/Resources/FlatSkin/Font using Guid(d0feff57b6f6c594f86fff295ec0fe3f) (DefaultImporter) -> (artifact id: '6c049e1145c9a0f080cdd5f6d6d4749c') in 0.0003928 seconds
Start importing Packages/com.unity.inputsystem/InputSystem/Editor/Plugins/OnScreen using Guid(f027141a193544959a71baea4a57d3f7) (DefaultImporter) -> (artifact id: '64bdc7c64e48450d2222bc2c487ca70a') in 0.0003627 seconds
Start importing Assets/StreamingAssets/GameFoundation/sprites/placeholder_hero/front using Guid(511b12e72837b2744bf0728a1aad9992) (DefaultImporter) -> (artifact id: '510dd33b7fc394cb77c7515d2fb84286') in 0.0060411 seconds
Start importing Assets/StreamingAssets/GameFoundation/assets/_placeholder/sfx using Guid(81815decffb547f44b2c9e46a64c7e6e) (DefaultImporter) -> (artifact id: 'bf41a26d51b2e8ab5abb9f1b2e9bc27c') in 0.005487 seconds
Start importing Packages/com.unity.shadergraph/Editor/Generation/Targets/Terrain using Guid(81ea4f1a846f43919f95844124702750) (DefaultImporter) -> (artifact id: '110122d97145aa830b6ef32ccc0180a9') in 0.0005127 seconds
Start importing Packages/com.unity.render-pipelines.core/Runtime/Debugging/Prefabs/Fonts using Guid(a11be56b627f5034bbca389c76bd3964) (DefaultImporter) -> (artifact id: '404359462f825bc72bbf4d29b080c2d1') in 0.0003544 seconds
Start importing Packages/com.unity.inputsystem/InputSystem/Runtime/Plugins/Users using Guid(b102955bf08484d24b9122abab95b9fc) (DefaultImporter) -> (artifact id: '62900c29e85aa8bd6149d30f634f92b3') in 0.0003543 seconds
Start importing Packages/com.unity.ugui/Tests/Editor/UGUI/InputField using Guid(c16c54fe03afb5740bcc0a2a295cb79d) (DefaultImporter) -> (artifact id: 'f2549288d5f830259850c3bed852b8b1') in 0.0003247 seconds
Start importing Assets/StreamingAssets/GameFoundation/sprites/placeholder_hero/front_side_r using Guid(f1e7705a27c61dd479c12b481fe7fe15) (DefaultImporter) -> (artifact id: 'fe7fcd2bc19b3d6b8a2eaa0866ab2cf4') in 0.0060465 seconds
Start importing Packages/com.unity.inputsystem/InputSystem/Editor/Plugins/iOS using Guid(0210636210b964e4cb07b817e5ce6481) (DefaultImporter) -> (artifact id: '40673ff04a7c7a6465861bbbf9b887b8') in 0.0006572 seconds
Start importing Packages/com.unity.render-pipelines.universal/Editor/2D/Resources/InspectorIcons using Guid(02ab4512457271c48afa84879f6d3848) (DefaultImporter) -> (artifact id: '63aa20489b34e854211cfca017e2d8fa') in 0.0003979 seconds
Start importing Assets/StreamingAssets/GameFoundation/data/_framework/found using Guid(12509c7ec7c1fb344a055172bf207147) (DefaultImporter) -> (artifact id: 'bc02150311c65ad96a4bc97419f72040') in 0.0057907 seconds
Start importing Packages/com.unity.ugui/Runtime/UGUI/UI/Core using Guid(12c42068351bb084abde965d725b9887) (DefaultImporter) -> (artifact id: 'cacc7f0504c10a89d30473ce3cb13775') in 0.0004788 seconds
Start importing Assets/StreamingAssets/GameFoundation/sprites/creature_sample_hero/back using Guid(32448a2b0e4991e46a6925a0986b3d69) (DefaultImporter) -> (artifact id: 'f1337038a114ec4ec9e47c3e04f0728d') in 0.0050964 seconds
Start importing Packages/com.unity.render-pipelines.universal/Editor/2D/ShaderGraph/Targets using Guid(6235450d5ad64142aeb12e4f3cac5f72) (DefaultImporter) -> (artifact id: '3995a54594652c481b876e43d5b39d33') in 0.0004701 seconds
Start importing Packages/com.unity.inputsystem/InputSystem/Runtime/Plugins/Switch using Guid(a27b7d2db78661c429e29911c09f8f4c) (DefaultImporter) -> (artifact id: '4291c0fea405671f6bf720ae7d62cbbd') in 0.0003658 seconds
Start importing Packages/com.unity.render-pipelines.universal/Runtime/RendererFeatures/SurfaceCacheGI/SurfaceCacheCore using Guid(a2edb5f961ad3b341b5045c3e6ffd4b5) (DefaultImporter) -> (artifact id: '8d6b68b655dc44c19e62c264862b89f0') in 0.0003764 seconds
Start importing Assets/StreamingAssets/GameFoundation/sprites/creature_sample_hero/side_l using Guid(b2cc0a255b927ac49be366ed7dad8f89) (DefaultImporter) -> (artifact id: '22efe948d3914815f8807cf288a35184') in 0.0055608 seconds
Start importing Packages/com.unity.ugui/Tests/Runtime/UGUI/Toggle using Guid(e210c8bf2e9c6514d90a1bd77586af1f) (DefaultImporter) -> (artifact id: 'dbc3a78b1232d980c5eec42316701d59') in 0.0004622 seconds
Start importing Packages/com.unity.inputsystem/InputSystem/Runtime/Devices/Haptics using Guid(e286fc65ad3d4645b213e71b11e963e4) (DefaultImporter) -> (artifact id: 'e8deb657892b9f9319ba36238b1239d3') in 0.0003616 seconds
Start importing Packages/com.unity.render-pipelines.universal/Editor/2D/ShaderGraph/Nodes using Guid(f270bf32cbff4c02ae07004a815c5632) (DefaultImporter) -> (artifact id: 'cde2fd73e298a8aec7c3588d55a6726c') in 0.0003747 seconds
Start importing Assets/StreamingAssets/GameFoundation/sprites/creature_sample_beast/side_r using Guid(03f2529465b0712478f1d9023ebe4c03) (DefaultImporter) -> (artifact id: '82689cdc3091780d4f7ccbedf871ef05') in 0.0049222 seconds
Start importing Packages/com.unity.inputsystem/InputSystem/Editor/Plugins/UI using Guid(03672f9d7e73f4134820c35a3cd46a86) (DefaultImporter) -> (artifact id: '49c7f870c65437f00121ee9490da6ed7') in 0.0004304 seconds
Start importing Assets/StreamingAssets/GameFoundation/sprites/placeholder_hero/side_r using Guid(036857cf68a752946aaf177e04bf8040) (DefaultImporter) -> (artifact id: 'efd488e8e9fc9a7e23c32ff2d8549618') in 0.0056781 seconds
Start importing Packages/com.unity.render-pipelines.universal/Editor/Converter/PPv2/EffectConverters using Guid(036db18d0922d53419a5d769fe345bec) (DefaultImporter) -> (artifact id: 'c094d8ee8dd7fc8a907360b6ab915f43') in 0.0004983 seconds
Start importing Assets/StreamingAssets/GameFoundation/data/_sample/found using Guid(13d76868766a319489380d0c9b9369f1) (DefaultImporter) -> (artifact id: '81523cc009e2549c48a0709cbdeaaa57') in 0.0052201 seconds
Start importing Packages/com.unity.ugui/Tests/Runtime/UGUI/Button using Guid(239dd6edc8e5cd14585c03e09e86a747) (DefaultImporter) -> (artifact id: 'ac27d701a2faade0a9eb1621f0aeec9d') in 0.000503 seconds
Start importing Packages/com.unity.ugui/Tests/Runtime/UGUI/ScrollBar using Guid(43b1467da3d29ae4597a733828cdd84a) (DefaultImporter) -> (artifact id: '9d24d5339ee40185803e2696afc4766b') in 0.0003984 seconds
Start importing Packages/com.unity.ugui/Tests/Runtime/UGUI/Graphic using Guid(8313ea704470a264295ec9e09aec6ebc) (DefaultImporter) -> (artifact id: '08e82deac7b1e19a2c784e9398edc209') in 0.0003418 seconds
Start importing Assets/StreamingAssets/GameFoundation/data/game/fac using Guid(833b2d232dd33d248bb267ebc37340da) (DefaultImporter) -> (artifact id: '2600e68e4e12cf965c3249f2f42e31ee') in 0.0003255 seconds
Start importing Packages/com.unity.render-pipelines.core/Runtime/Debugging/Prefabs/Scripts using Guid(9383aa19796d6e84e8031655b9ac912f) (DefaultImporter) -> (artifact id: '34039360b4a452cef7ead8f56e3d0091') in 0.0003447 seconds
Start importing Packages/com.unity.ugui/Tests/Runtime/UGUI/TextEditor using Guid(93effba7cf7f3824ab0bd048a27a9c02) (DefaultImporter) -> (artifact id: '8eef0647cc6fb4855db6a46795a64f66') in 0.0003139 seconds
Start importing Packages/com.unity.inputsystem/InputSystem/Runtime/Plugins/Steam using Guid(a3e712d7ab2114ca4960246b0d5e6215) (DefaultImporter) -> (artifact id: '4245f6ac265fd648bef2d26dcef0eb00') in 0.0003193 seconds
Start importing Packages/com.unity.ugui/Runtime/UGUI/EventSystem/EventData using Guid(b3cdabf2f1e76854d8aab5930305d70d) (DefaultImporter) -> (artifact id: '8277f8c996e87ca284549912a55a6cd9') in 0.0003772 seconds
Start importing Packages/com.unity.inputsystem/InputSystem/Runtime/Devices/Remote using Guid(b3be39d9a3c9496a9a619d6dc185f5f3) (DefaultImporter) -> (artifact id: 'ad550898059584d38ddef51f45ea291f') in 0.0003216 seconds
Start importing Assets/StreamingAssets/GameFoundation/assets/_placeholder/sprites using Guid(b39f427a780016f41afc1ca67bf6b1b1) (DefaultImporter) -> (artifact id: 'e91f9363cc957c749e7068e95d20caab') in 0.0059787 seconds
Start importing Assets/StreamingAssets/GameFoundation/assets/_placeholder/maps using Guid(d3c47fc8b2fb14c45bd65ac14c0f4161) (DefaultImporter) -> (artifact id: '047b928846a3c959a74160885f23a0c4') in 0.0045127 seconds
Start importing Packages/com.unity.inputsystem/InputSystem/Editor/Plugins/InputForUI using Guid(e37b431b8b93e4719910a045d05ba3cb) (DefaultImporter) -> (artifact id: 'aa5288d3c970e8c8c511e7129e243fab') in 0.0004094 seconds
Start importing Packages/com.unity.inputsystem/InputSystem/Editor/Plugins/HID using Guid(e38cdda355b6f4f8fb66876f964f570e) (DefaultImporter) -> (artifact id: '2bfc7d621f2d468ddcff2dc09d58ac24') in 0.0003318 seconds
Start importing Assets/StreamingAssets/GameFoundation/sprites/placeholder_beast/side_r using Guid(f3c19be360222dc4faea7b5673521708) (DefaultImporter) -> (artifact id: '63b04f1ad7fa81f3f155898330e4186b') in 0.0042485 seconds
Start importing Packages/com.unity.shadergraph/Editor/Data/Nodes/Utility using Guid(f3d12703f494d7147b7874aabe94ab18) (DefaultImporter) -> (artifact id: '4a11bdc14abc2ac128a280f2a7d53412') in 0.0004429 seconds
Start importing Packages/com.unity.shadergraph/Editor/Generation/Targets/BuiltIn using Guid(24f978237d7204d78b8266e4b1fd1248) (DefaultImporter) -> (artifact id: '4afcc482731945facb7310e82c006c99') in 0.0003527 seconds
Start importing Packages/com.unity.ugui/Runtime/UGUI/UI/Animation using Guid(5472815444de2ce45bf2053a4af04b9d) (DefaultImporter) -> (artifact id: '41463e8550df76b3752941ecf4af4827') in 0.0003328 seconds
Start importing Assets/StreamingAssets/GameFoundation/data/game/combat using Guid(8448be7a6f9fb8a4ba544088da2caaff) (DefaultImporter) -> (artifact id: '5e415765118fc721a13458495121f80a') in 0.0003352 seconds
Start importing Packages/com.unity.shadergraph/Editor/Drawing/Inspector/PropertyDrawers using Guid(8488c4add4764941a2d903bf014329b9) (DefaultImporter) -> (artifact id: '161e29b17067a67d7d32c2e9e88261c4') in 0.0003491 seconds
Start importing Packages/com.unity.inputsystem/InputSystem/Runtime/Devices/Commands using Guid(84ba8e63f115487ca072084bbebf0e55) (DefaultImporter) -> (artifact id: 'c0cb9ce75f0f2ed8b3c2661b48aeb01f') in 0.0003352 seconds
Start importing Packages/com.unity.test-framework/UnityEditor.TestRunner/TestRun/Tasks/Player using Guid(94a6220ee1a442249702c9df66e0fe1b) (DefaultImporter) -> (artifact id: 'f827ae25f95ca0b2387aab13d0de9e87') in 0.000328 seconds
Start importing Assets/StreamingAssets/GameFoundation/data/_sample/skill using Guid(a4befac8ce890f74bb2b4219554982fc) (DefaultImporter) -> (artifact id: '4d6d31a02f9abf8ac9ebee3c6a6c63cb') in 0.0048817 seconds
Start importing Assets/StreamingAssets/GameFoundation/data/game/prog using Guid(b4c3ecae51c7c3e419e01d8a45cde48a) (DefaultImporter) -> (artifact id: 'f0c22e70661dd8368aea1aa84a940022') in 0.0004362 seconds
Start importing Packages/com.unity.inputsystem/InputSystem/Runtime/Plugins/WebGL using Guid(d4077c3b095df48b798c97c694ffd684) (DefaultImporter) -> (artifact id: '4bb20e019f436a4c5978cb315a438c41') in 0.0003561 seconds
Start importing Assets/StreamingAssets/GameFoundation/sprites/creature_sample_beast/front_side_l using Guid(e414890b0a4657541a634aa04b289c3d) (DefaultImporter) -> (artifact id: 'fa5e10d62495f7dd261bf876fe399f61') in 0.0049742 seconds
Start importing Assets/StreamingAssets/GameFoundation/assets/_placeholder/vfx using Guid(e4391240c445dfb469671cc243db772e) (DefaultImporter) -> (artifact id: '0fabf6f4aa87dfe2ef144c11a9cac79a') in 0.0051046 seconds
Start importing Packages/com.unity.shadergraph/Editor/Resources/Styles/Controls using Guid(e4de09b690b402c4bab6110751305df5) (DefaultImporter) -> (artifact id: '8f05c52587442b18fd9d01ca3168c0e1') in 0.000469 seconds
Start importing Packages/com.unity.inputsystem/InputSystem/Editor/Actions/Interactions using Guid(e4bf910aee5784821a3ebd59e4cdac79) (DefaultImporter) -> (artifact id: '9a9480d4f80860877a53c0748880e766') in 0.0003768 seconds
Start importing Packages/com.unity.render-pipelines.universal/Editor/ShaderGraph/Includes/Terrain using Guid(f4e1f16cd720fd149b53725287d528da) (DefaultImporter) -> (artifact id: '4f525d1043642aebc8d5f5629c1ce652') in 0.0003774 seconds
Start importing Packages/com.gamefoundation.adapter.unity/Tests/Runtime/TestDataQuestDayProvider/l10n using Guid(15789fec0fb944a4928cc08b518cfe7a) (DefaultImporter) -> (artifact id: 'e5e32f6ba24b0c7f36c856d866aeece3') in 0.0003601 seconds
Start importing Packages/com.unity.render-pipelines.core/Editor/Icons/MipLevels/RenderGraphViewer using Guid(5536d79734dc8e44e90ec12c771b50cc) (DefaultImporter) -> (artifact id: '8fa99d91f16349a3bb8fb8406d6d4861') in 0.0003313 seconds
Start importing Assets/StreamingAssets/GameFoundation/sprites/placeholder_beast/front using Guid(55ec866b16ebb734fbaced77fe0d6fb7) (DefaultImporter) -> (artifact id: '0b2b08ea765b266a489ad5f1b5f56d8e') in 0.0048218 seconds
Start importing Assets/StreamingAssets/GameFoundation/data/_sample/stat using Guid(65826907fb3755a469dfe5a040654219) (DefaultImporter) -> (artifact id: '314b45b72c32844fe48d92425cfe1c4a') in 0.0059501 seconds
Start importing Assets/StreamingAssets/GameFoundation/data/_sample/ai using Guid(75b16e5a463d5fe4fadc8bd7c6572f32) (DefaultImporter) -> (artifact id: '2e8d6dee3de05d43608d892ad701006d') in 0.0047016 seconds
Start importing Packages/com.unity.shadergraph/Editor/Data/Nodes/MeshDeformation using Guid(756acc907fa7dec429bae437fab8df69) (DefaultImporter) -> (artifact id: '2fcdeffa818a05167d31a8f5537d06e0') in 0.000428 seconds
Start importing Assets/StreamingAssets/GameFoundation/data/_sample/spawn using Guid(751fc9260022c174195c5436e58a064f) (DefaultImporter) -> (artifact id: '25ad8a4c4d852c512fe379d0e8354686') in 0.0042304 seconds
Start importing Packages/com.unity.ugui/Tests/Runtime/UGUI/Slider using Guid(850af9f3bf6d14143baf2ecfbf25db52) (DefaultImporter) -> (artifact id: '437630b46a69623334e22a1b4d23d60a') in 0.0003378 seconds
Start importing Packages/com.unity.inputsystem/InputSystem/Editor/Plugins/PlayerInput using Guid(95a3b96623aff409fad313b971f84743) (DefaultImporter) -> (artifact id: '232f12b66781e61c89d278d4b960a657') in 0.0003279 seconds
Start importing Assets/StreamingAssets/GameFoundation/data/_framework/arch using Guid(a571e59412d57f544baa2221eeeeb719) (DefaultImporter) -> (artifact id: 'b2c45ef7061ba8135fcd1be4ce93f98e') in 0.0052641 seconds
Start importing Packages/com.unity.inputsystem/InputSystem/Runtime/Plugins/Android using Guid(e5769f689f15dce4a9f92aff27659c54) (DefaultImporter) -> (artifact id: '1882dbaf36accbc4ef3817afe6c3a6b2') in 0.0003905 seconds
Start importing Packages/com.unity.render-pipelines.universal/Editor/2D/Resources/SceneViewIcons using Guid(e5f7648dfb00c83428a633efe7759b19) (DefaultImporter) -> (artifact id: '7ad227dc23e833fc459010f71279998b') in 0.000331 seconds
Start importing Packages/com.unity.render-pipelines.core/Tests/Editor/ShaderStripping/Results using Guid(f5a8b36b9689f8a428381e6fd79a2278) (DefaultImporter) -> (artifact id: 'bb07269894405b815202e84dac73db1d') in 0.0003342 seconds
Start importing Assets/StreamingAssets/GameFoundation/data/_sample/area using Guid(166ae8b5c508908449b98b04a57b99cc) (DefaultImporter) -> (artifact id: '441f697d9f5d6d9b861f222a30633f17') in 0.0043331 seconds
Start importing Assets/StreamingAssets/GameFoundation/sprites/creature_sample_hero/back_side_l using Guid(36594106c579a8b45ad0974429c279a2) (DefaultImporter) -> (artifact id: 'b477b5bc7dd310b5965bed7b80e1d44b') in 0.0063819 seconds
Start importing Packages/com.unity.ugui/Runtime/UGUI/EventSystem/Raycasters using Guid(46646a5562f14984690c85ee7b946bc9) (DefaultImporter) -> (artifact id: 'e72938d8295fecfa581dc14542b5af2f') in 0.0004944 seconds
Start importing Packages/com.unity.shadergraph/Editor/Drawing/Views/Slots using Guid(56e544af973b458ea7e8051cd0848d24) (DefaultImporter) -> (artifact id: 'feb08fdcdd66d6ea49567259d202ffb3') in 0.0003598 seconds
Start importing Assets/StreamingAssets/GameFoundation/sprites/placeholder_beast/back_side_r using Guid(562efd43deba32d419be3175375bd8d8) (DefaultImporter) -> (artifact id: '311c689247afae679ebd6bd4036c30fe') in 0.0051669 seconds
Start importing Packages/com.unity.inputsystem/InputSystem/Runtime/Devices/Precompiled using Guid(6600059bab4cd4a4ab586e5bb07df47b) (DefaultImporter) -> (artifact id: 'a5b5175474d7faf6114b3b2f92c63972') in 0.0005314 seconds
Start importing Assets/StreamingAssets/GameFoundation/sprites/creature_sample_beast/front_side_r using Guid(66926a181250ae841a4c20df5df14b65) (DefaultImporter) -> (artifact id: 'd9b5b1800e880ec95dc93c6ec02b0699') in 0.0063549 seconds
Start importing Packages/com.unity.inputsystem/InputSystem/Editor/UITKAssetEditor/Commands using Guid(665321577aaff5344b5a12d626dfcaf7) (DefaultImporter) -> (artifact id: '5b304eab01782439182742f7695f71f1') in 0.0005036 seconds
Start importing Assets/StreamingAssets/GameFoundation/data/_sample/display using Guid(76dab28a5e7fb8049941927605ca4419) (DefaultImporter) -> (artifact id: 'de656e2a28a0a54e78d3507256ce5231') in 0.005054 seconds
Start importing Assets/StreamingAssets/GameFoundation/sprites/creature_sample_beast/side_l using Guid(86bf21e17f3996a40ab16b5d1c92c31c) (DefaultImporter) -> (artifact id: '3119c9ca6d426b1825a44e5305e86b5e') in 0.0060404 seconds
Start importing Packages/com.unity.inputsystem/InputSystem/Runtime/Plugins/InputForUI using Guid(96500a17645c67442a0ccdca007e6d28) (DefaultImporter) -> (artifact id: '50565058fe2fe0c54cf013821d1f8019') in 0.0004911 seconds
Start importing Assets/StreamingAssets/GameFoundation/data/game/world using Guid(a6d5545d3d54d124b86d3e7caabf7b87) (DefaultImporter) -> (artifact id: '747cb6730283307d511cb54cf30a57d1') in 0.0003452 seconds
Start importing Packages/com.unity.ugui/Tests/Runtime/UGUI/CanvasRenderer using Guid(a69b08936f9f74179ae333a4bebe7c54) (DefaultImporter) -> (artifact id: '7671a1463691e0f5dc1af47c30eb63be') in 0.0003614 seconds
Start importing Assets/StreamingAssets/GameFoundation/sprites/placeholder_beast/back using Guid(b6ec5f5a565aef743a95177dcf026081) (DefaultImporter) -> (artifact id: 'd87388e7129e962386632f68831a362f') in 0.0050707 seconds
Start importing Packages/com.unity.inputsystem/InputSystem/Editor/Plugins/UnityRemote using Guid(b67ddb076aa7b4301b132a1012ba666d) (DefaultImporter) -> (artifact id: '10eaa629dd2b89a5d27490d12d034d6e') in 0.0005119 seconds
Start importing Assets/StreamingAssets/GameFoundation/assets/_placeholder/fonts using Guid(d65efa584809cdc43a05e555fd1e2120) (DefaultImporter) -> (artifact id: 'eae2eee921f542ec69577cff3d89513d') in 0.0060161 seconds
Start importing Packages/com.unity.shadergraph/Editor/Data/Nodes/Math using Guid(e63f07e66d070412bb6e9582ca1eba72) (DefaultImporter) -> (artifact id: 'abf9d15501716e51f07c1cc290ddf207') in 0.0005202 seconds
Start importing Assets/StreamingAssets/GameFoundation/data/_sample/quest using Guid(1790feb43b7c70b4e860366a4e949ba0) (DefaultImporter) -> (artifact id: '3599f13185cc72c818cec1d0da3dbc32') in 0.0062631 seconds
Start importing Assets/StreamingAssets/GameFoundation/sprites/creature_sample_beast/back using Guid(27809852c62b2274da4ee5a5293d1bb6) (DefaultImporter) -> (artifact id: '3cb7d0aad76a3e4c969a89db9c2e146c') in 0.0059315 seconds
Start importing Packages/com.unity.render-pipelines.core/Runtime/Debugging/Prefabs/Resources using Guid(3774a3e29f7c59445ba79c15769126fd) (DefaultImporter) -> (artifact id: 'c67bc76dfe62718d12a9982f1ef7a7b0') in 0.0004951 seconds
Start importing Packages/com.unity.inputsystem/InputSystem/Runtime/Plugins/XInput using Guid(674bcb49f4019404bb8bfd43a597785a) (DefaultImporter) -> (artifact id: 'c0d5d05351409abd57330406f69046a4') in 0.000369 seconds
Start importing Assets/StreamingAssets/GameFoundation/sprites/placeholder_beast/side_l using Guid(77ae9cf2afa749549a7f237e685ed7da) (DefaultImporter) -> (artifact id: 'beba1bfca0f40746ef7f1eb198e20b15') in 0.0054635 seconds
Start importing Packages/com.unity.inputsystem/InputSystem/Runtime/Plugins/HID using Guid(a71161af1440e4b1fbbefefb3aaffce0) (DefaultImporter) -> (artifact id: 'cc150985718e30b27fed7bfd69447ed7') in 0.0004469 seconds
Start importing Packages/com.unity.ugui/Tests/Editor/UGUI/UI using Guid(e7689eda3a8b1a847a8b197dbe90d9a6) (DefaultImporter) -> (artifact id: '5d2bcf29f5611fa4f2365298e1243e46') in 0.0003554 seconds
Start importing Packages/com.unity.shadergraph/Editor/Data/Nodes/Procedural using Guid(e74e11761cab2b446b96ce63e2d657b3) (DefaultImporter) -> (artifact id: 'c47ca26a69d9e44ec0aac1aaea9e48d6') in 0.0003643 seconds
Start importing Packages/com.unity.render-pipelines.core/Editor/Lighting/Icons/LightUnitIcons using Guid(f7397e6cb98a9fe449a00fd3a1175bdc) (DefaultImporter) -> (artifact id: 'e09dd373379ca7f15c70f70c95437429') in 0.0003586 seconds
Start importing Assets/StreamingAssets/GameFoundation/data/_sample/arch using Guid(1864beb00b3133c4480bd636a3374cf2) (DefaultImporter) -> (artifact id: 'b281c03596eb63621cf49a04f426bc77') in 0.0048381 seconds
Start importing Assets/StreamingAssets/GameFoundation/data/_sample/item using Guid(282e37f8579534046a364111db687860) (DefaultImporter) -> (artifact id: 'ef3a66343f63f173e95858310c912867') in 0.0054982 seconds
Start importing Assets/StreamingAssets/GameFoundation/sprites/creature_sample_hero/front_side_l using Guid(288eb567ba720074eb87a6544c4c4592) (DefaultImporter) -> (artifact id: '0c24dfed1773ed8dfb0489da6ea0a06f') in 0.0045739 seconds
Start importing Assets/StreamingAssets/GameFoundation/data/_sample/vfx using Guid(48700b5b3ce770841810acfd1953b414) (DefaultImporter) -> (artifact id: '76a58c5dbd2de4b700768efe8d77eeeb') in 0.0045925 seconds
Start importing Packages/com.unity.inputsystem/InputSystem/Editor/UITKAssetEditor/PackageResources using Guid(7894838fa258e3a4197077ddbda0eec5) (DefaultImporter) -> (artifact id: 'd3cae844ad6d2a8c0d53dd29272c43a2') in 0.0004487 seconds
Start importing Assets/StreamingAssets/GameFoundation/sprites/placeholder_hero/back_side_r using Guid(88a7d30a83bf5924381389261b8db881) (DefaultImporter) -> (artifact id: '46af8e9a5051fb60a1753eaf6c9dc146') in 0.0055241 seconds
Start importing Packages/com.unity.ugui/Tests/Editor/UGUI/EventSystem using Guid(98d14ab1acf42df4f88a0561822ac807) (DefaultImporter) -> (artifact id: 'bcce928e3f5b35dd22455a42941bc8ae') in 0.0004038 seconds
Start importing Packages/com.unity.ugui/Tests/Editor/UGUI/Canvas using Guid(b86b117346968ac4d9cc63e4385becb7) (DefaultImporter) -> (artifact id: '62133acf800fdf2d38044a65fa104ffd') in 0.0003309 seconds
Start importing Packages/com.unity.render-pipelines.core/Editor/Lighting/ProbeVolume/DynamicGI using Guid(c83b9f91aab04264395c477f5f573380) (DefaultImporter) -> (artifact id: '66a10bba0bc17a242918cca192270f5a') in 0.0003415 seconds
Start importing Packages/com.unity.render-pipelines.core/Runtime/UnifiedRayTracing/Common/Utilities using Guid(d87eae04416aa5b4faeeb9dc46c9c6b6) (DefaultImporter) -> (artifact id: '0393125f8a530dc95a2b784f92811548') in 0.0003119 seconds
Start importing Assets/StreamingAssets/GameFoundation/data/_sample/encounter using Guid(e8c73dcf90cdeba4e97c56e8c2872015) (DefaultImporter) -> (artifact id: 'faa62598ed4aa73b1fa041b5e52e364f') in 0.0046001 seconds
Start importing Assets/StreamingAssets/GameFoundation/data/_sample/world using Guid(e8cf8b5330fbbf848a1c2755fa2d3221) (DefaultImporter) -> (artifact id: '4c142a98192b33f50fc67080719bea16') in 0.0056569 seconds
Start importing Packages/com.unity.render-pipelines.universal/Runtime/2D/Passes/Utility using Guid(f895f2b1dbb2da84e82eedb22e2620f7) (DefaultImporter) -> (artifact id: '0ee1eba51737275c06afeb2c975af3bb') in 0.0004486 seconds
Start importing Assets/StreamingAssets/GameFoundation/data/_sample/target using Guid(09d0a6bdb2d82f34ba687c1a61370764) (DefaultImporter) -> (artifact id: '91b365bd754776c1874316c177616236') in 0.0046934 seconds
Start importing Packages/com.unity.inputsystem/InputSystem/Runtime/Plugins/XR using Guid(097288e93d94f44438e9ef4dc93f7346) (DefaultImporter) -> (artifact id: '65d8e3491c4546b69a124702dbede89a') in 0.000389 seconds
Start importing Assets/StreamingAssets/GameFoundation/data/_sample/shell using Guid(19b8fd88d12f21d4fbaed082b50e7af3) (DefaultImporter) -> (artifact id: 'b23698460855d6202ab0595f4b193478') in 0.0053574 seconds
Start importing Packages/com.unity.inputsystem/InputSystem/Editor/Plugins/EnhancedTouch using Guid(29656219f4bec4af4b3720997e749957) (DefaultImporter) -> (artifact id: '6299584b245db7f95e4c29c1f5e13fc5') in 0.0003976 seconds
Start importing Assets/StreamingAssets/GameFoundation/data/game/stat using Guid(394a4afc10c1f88449c427158dbaf428) (DefaultImporter) -> (artifact id: 'ee76ad4480016876184910e1bb3e57c7') in 0.0003475 seconds
Start importing Assets/StreamingAssets/GameFoundation/data/_sample/gobj using Guid(59a8757d0440f4a45b11971f412c88cc) (DefaultImporter) -> (artifact id: '94b6427ce3350f104601a3055193bbdd') in 0.0048628 seconds
Start importing Packages/com.unity.test-framework/UnityEditor.TestRunner/TestRun/Tasks/Scene using Guid(692476ac695e7b74a8d9eabd48862009) (DefaultImporter) -> (artifact id: 'c93fad50921024025a405a0a862090ff') in 0.0004014 seconds
Start importing Packages/com.unity.inputsystem/InputSystem/Runtime/Plugins/UI using Guid(69dd334ee54c747c38b3317d02c3967a) (DefaultImporter) -> (artifact id: '1fd450bb232d5b95bbe26023d11838df') in 0.0003339 seconds
Start importing Packages/com.unity.shadergraph/Editor/Data/Nodes/Terrain using Guid(695f632629ada094ebf7ce1c301ad9c9) (DefaultImporter) -> (artifact id: '227c0c645f33a28cdae9b1f623c02140') in 0.0003126 seconds
Start importing Packages/com.unity.inputsystem/InputSystem/Runtime/Actions/Interactions using Guid(b90e4423894dce34f83bb15a3ba411ba) (DefaultImporter) -> (artifact id: '1a682d568fa434ab30a8210e73fe1d5d') in 0.0003247 seconds
Start importing Packages/com.unity.render-pipelines.core/Runtime/UnifiedRayTracing/Common/GeometryPool using Guid(c92be10cd223d054b8314f7445705554) (DefaultImporter) -> (artifact id: '1379f9fcf6ccb6a0aea64f33b6501ea9') in 0.0003206 seconds
Start importing Packages/com.unity.test-framework/UnityEditor.TestRunner/TestRun/Tasks/Platform using Guid(d973b7805df545bdae3986ab72a6c2e8) (DefaultImporter) -> (artifact id: '20a6de28fd8aedef407457a6ca2d05cd') in 0.0003069 seconds
Start importing Assets/StreamingAssets/GameFoundation/assets/_placeholder/ui using Guid(e9b9d8c42b2d7c24aaa40fc20242d849) (DefaultImporter) -> (artifact id: '73c5ae0d1e3f45192b6cf2ffd1b1852d') in 0.0037337 seconds
Start importing Assets/StreamingAssets/GameFoundation/data/_sample/l10n using Guid(e9e9d96aaafaa3d49b114f19c562912f) (DefaultImporter) -> (artifact id: '17abbac6f2c01c31fcd6e4f021980bdd') in 0.0036016 seconds
Start importing Packages/com.unity.ugui/Tests/Editor/UGUI/UnityEvent using Guid(e90cc37a5ccf4a44dbecc5b7172ec512) (DefaultImporter) -> (artifact id: 'a0ce3d4c23b3d1b988cb587e10b1d85e') in 0.0003985 seconds
Start importing Packages/com.unity.shadergraph/Editor/Data/Nodes/UV using Guid(f9c248f478f706147ba7b8a660035472) (DefaultImporter) -> (artifact id: '4b698197e03f9ebb8a2ea045cda85f9d') in 0.0003393 seconds
Start importing Packages/com.unity.inputsystem/InputSystem/Editor/Plugins/Steam using Guid(0a40837a6cb5749b69436d6839711335) (DefaultImporter) -> (artifact id: '9fafccae1c3b88dc5ab16af402b52bb5') in 0.0003322 seconds
Start importing Packages/com.unity.shadergraph/Editor/Data/Nodes/Input using Guid(0ab9e53346965db4a8ee81a2b978dca5) (DefaultImporter) -> (artifact id: '1852d79028f67411c56ce0c6b0cf4af6') in 0.0003052 seconds
Start importing Assets/StreamingAssets/GameFoundation/data/game/arch using Guid(1a5a8858192d00f46badb269c9dce25c) (DefaultImporter) -> (artifact id: '8cb9422ecf8f0d9faa90ce4ec4cd13bd') in 0.0003018 seconds
Start importing Packages/com.unity.render-pipelines.core/Tests/Editor/RenderPipeline/SettingsStrippingResults using Guid(1acfae9965174d74086850609850b577) (DefaultImporter) -> (artifact id: '7cbb911163c5dfda8b5311d2caa54b23') in 0.0003181 seconds
Start importing Packages/com.unity.ugui/Tests/Runtime/UGUI/InputField using Guid(2a28c2fab6b1bb745a844ef6b908e7ee) (DefaultImporter) -> (artifact id: '9dad4aba2acb736bb41bd9f498f4a598') in 0.0003147 seconds
Start importing Packages/com.unity.inputsystem/InputSystem/Runtime/Actions/Composites using Guid(6adbf65a53ff9b04990c2116b3e4d5b7) (DefaultImporter) -> (artifact id: '731fcbb1800e0536eab648102951f6d9') in 0.0003033 seconds
Start importing Assets/StreamingAssets/GameFoundation/sprites/placeholder_beast/front_side_r using Guid(8ad07d1976aaddd4894648671f618ae3) (DefaultImporter) -> (artifact id: '6aacbc785e12c98271b17b8c4d4f8a63') in 0.0040818 seconds
Start importing Packages/com.gamefoundation.adapter.unity/Tests/Runtime/TestDataQuestDayProvider/quest using Guid(9a54dc2091de4ea58b03694f1e09e593) (DefaultImporter) -> (artifact id: '662b3b5dca83a054c5f5670db25436ba') in 0.0008761 seconds
Start importing Packages/com.unity.ugui/Tests/Runtime/UGUI/Canvas using Guid(9a3557da07c729b4eb774b8e30e157a4) (DefaultImporter) -> (artifact id: '81331dc77753752598b07804ea4cff62') in 0.0003357 seconds
Start importing Packages/com.unity.render-pipelines.core/Tests/Editor/Tools/MaterialUpgrader using Guid(aa8ba3d47aaac7e4b830b55e85d7d679) (DefaultImporter) -> (artifact id: '36a744a1cf0bed1fdd9300d026f085c9') in 0.0003151 seconds
Start importing Packages/com.unity.ugui/Tests/Runtime/UGUI/Dropdown using Guid(bae197be297529d4fa735fbe7c91828d) (DefaultImporter) -> (artifact id: '2aa66bb1fd732c209bdffd9958207bc3') in 0.0002994 seconds
Start importing Packages/com.unity.shadergraph/Editor/Generation/Targets/Canvas using Guid(ba9455849cd06164791e7dde58b74d24) (DefaultImporter) -> (artifact id: 'be724e98f85efbc042ce7b5b1fc6c440') in 0.0003067 seconds
Start importing Packages/com.unity.render-pipelines.core/Runtime/PostProcessing/Shaders/ffx using Guid(badda61a05436ff46bc63d5e3182a197) (DefaultImporter) -> (artifact id: '7626eaf7046bbcbf733df6c5eadc9349') in 0.0002928 seconds
Start importing Assets/StreamingAssets/GameFoundation/sprites/creature_sample_beast/front using Guid(dab035138c2400049a071f84181c98af) (DefaultImporter) -> (artifact id: '6d30704ca457c54ed965f02f99ef051c') in 0.0038475 seconds
Start importing Assets/StreamingAssets/GameFoundation/data/_sample/combat using Guid(da61c689b2b83ed42a920c17aae70aaf) (DefaultImporter) -> (artifact id: '88235f2dd4c94763821ea4bf966c5b41') in 0.013205 seconds
Start importing Assets/StreamingAssets/GameFoundation/data/game/l10n using Guid(da3d452a6854fe545ac8d55349bf9f84) (DefaultImporter) -> (artifact id: 'd3be77627844282f123f5cf8035e4409') in 0.000461 seconds
Start importing Assets/StreamingAssets/GameFoundation/sprites/creature_sample_beast/back_side_r using Guid(ead37d274f9aae043ae194b35a150d62) (DefaultImporter) -> (artifact id: '6e861dfe66c19d4ddcaf410a6112e357') in 0.0065464 seconds
Start importing Packages/com.unity.inputsystem/InputSystem/Runtime/Plugins/OSX using Guid(ea65eddf43398654fa32b724723c71a4) (DefaultImporter) -> (artifact id: '571838c1903d4b738a6af60b1970370c') in 0.000402 seconds
Start importing Assets/StreamingAssets/GameFoundation/data/_sample/dialog using Guid(eafe51810caa78c47b73b063942a166b) (DefaultImporter) -> (artifact id: '2217d508869bbc4a36027e22bfd19113') in 0.0079633 seconds
Start importing Packages/com.unity.shadergraph/Editor/Resources/UXML/Blackboard using Guid(faa5d782c77ec7b41a65542649dbcc98) (DefaultImporter) -> (artifact id: '2ad354ba296131097266772848008ca5') in 0.000386 seconds
Start importing Assets/StreamingAssets/GameFoundation/data/_sample/creature using Guid(0bc8f6488e18dc44d9c5fee6be0a6298) (DefaultImporter) -> (artifact id: '117618df6becbc562a77dd8f6cabc890') in 0.0065798 seconds
Start importing Packages/com.unity.ugui/Tests/Runtime/UGUI/MaskClipping using Guid(2bc8a181dfd9de24388de89bb8db7713) (DefaultImporter) -> (artifact id: '0a0c449a5ca7d42ce0c9a97eda0d4d04') in 0.0004799 seconds
Start importing Packages/com.unity.shadergraph/Editor/Generation/Targets/UITK using Guid(3b0363be720b24507aba82d7f4d3a3fb) (DefaultImporter) -> (artifact id: 'e061046d9525a28beb8ba469fc057c14') in 0.0003519 seconds
Start importing Packages/com.unity.render-pipelines.universal/Tests/Editor/Tools/Converters using Guid(4b117ddec9feb0445a5b1ff958fd1399) (DefaultImporter) -> (artifact id: '115a02b484cdfc5849ca2b564465747b') in 0.0003502 seconds
Start importing Assets/StreamingAssets/GameFoundation/assets/_placeholder/smoke using Guid(4bd7332ea9d6ffc4493b88f0ae8c1acf) (DefaultImporter) -> (artifact id: 'abad206c7c4dae911833e7296ae9a280') in 0.0071957 seconds
Start importing Packages/com.unity.render-pipelines.core/Runtime/Debugging/Prefabs/Widgets using Guid(4b0ba40f636c768488950e485bd520cb) (DefaultImporter) -> (artifact id: '909ba5a1a3645f211f487d808cecb546') in 0.0005096 seconds
Start importing Packages/com.unity.inputsystem/InputSystem/Editor/ControlPicker/Layouts using Guid(5b630b769a2a8aa499ce2d2093f40500) (DefaultImporter) -> (artifact id: '403e46b923f168d79c0a976305679f07') in 0.0003656 seconds
Start importing Assets/StreamingAssets/GameFoundation/data/_sample/ui using Guid(8b355512c2aab254fb77e584c14b214f) (DefaultImporter) -> (artifact id: '225550cb895d5f2cd1353c22d97f25a7') in 0.0053537 seconds
Start importing Packages/com.unity.ugui/Tests/Runtime/UGUI/ScrollRect using Guid(9bedab6f9886aee42b33e424bffdb640) (DefaultImporter) -> (artifact id: 'a0e08ced210bbca101c3d35c258f23e3') in 0.0004891 seconds
Start importing Packages/com.unity.ugui/Tests/Runtime/UGUI/EventSystem using Guid(ab93e1a81defc3243a6e9cd0df3cb443) (DefaultImporter) -> (artifact id: '642b7155e0374f42426082344e328a0f') in 0.0003489 seconds
Start importing Assets/StreamingAssets/GameFoundation/sprites/placeholder_hero/back using Guid(ab93433310e189b4b9dfd6f3d6d874b6) (DefaultImporter) -> (artifact id: '6d91b0626f26de1c865c2a922928a8e8') in 0.0058532 seconds
Start importing Packages/com.unity.2d.sprite/Editor/SpriteEditorModule/SpriteFrameModule/UndoObject using Guid(bbde88425e2d4dbfbcdd8d11d5002c3a) (DefaultImporter) -> (artifact id: '17a485521230c032e7bbd9a2f00ab87f') in 0.0004781 seconds
Start importing Assets/StreamingAssets/GameFoundation/assets/_placeholder/music using Guid(db11cf2e01c6e644ab40713ac17ef1f8) (DefaultImporter) -> (artifact id: '3f87945671605e3786f1096d00a54ba5') in 0.0049594 seconds
Start importing Assets/StreamingAssets/GameFoundation/sprites/creature_sample_hero/front_side_r using Guid(dba66e165cece51418a46a95d09b9ed1) (DefaultImporter) -> (artifact id: '4e55880bc17c0c7e0abb10772929d2e3') in 0.0061066 seconds
Start importing Packages/com.unity.render-pipelines.core/Runtime/Debugging/Prefabs/Textures using Guid(dbf7c066574f12a439bf604f2214a450) (DefaultImporter) -> (artifact id: '70d22414b9becb1760b44adf133d75cb') in 0.0005127 seconds
Start importing Assets/StreamingAssets/GameFoundation/sprites/creature_sample_hero/side_r using Guid(eb759616960b4e543afb96d1997e3939) (DefaultImporter) -> (artifact id: '94e13c9bfa83d860ba77d4236a80c595') in 0.0062163 seconds
Start importing Packages/com.unity.2d.sprite/Editor/ObjectMenuCreation/DefaultAssets/Textures using Guid(eb4d405ba54724ef89c2fce638946c5d) (DefaultImporter) -> (artifact id: '034a1d20b776d23e715aaf38b13d1eb2') in 0.0004955 seconds
Start importing Assets/StreamingAssets/GameFoundation/data/game/found using Guid(fbab87e8556fbc640b504065f2b5087b) (DefaultImporter) -> (artifact id: 'bca27f00f5eba7307f063cae38e6e4cc') in 0.0003544 seconds
Start importing Packages/com.unity.inputsystem/InputSystem/Runtime/Plugins/Linux using Guid(1c597fa0f94a3d54b9c0e85f56e5f821) (DefaultImporter) -> (artifact id: '2d53eac51644e1315e2c4fc2db1dc5f3') in 0.0003549 seconds
Start importing Packages/com.unity.inputsystem/InputSystem/Runtime/Plugins/PlayerInput using Guid(1cccd07fcea7f491793d4e7a5adc17a2) (DefaultImporter) -> (artifact id: '6a77b4bcfd42614becfa57d256d7fd46') in 0.000362 seconds
Start importing Packages/com.unity.shadergraph/Editor/Data/Nodes/UI using Guid(4c661c25ff9f470d903fa0d14171193f) (DefaultImporter) -> (artifact id: '1d8392672b63d797c3aa278bd0966db2') in 0.000337 seconds
Start importing Packages/com.unity.ugui/Tests/Editor/UGUI/Slider using Guid(4cfe5ade9a1375e40aed87618b92bd12) (DefaultImporter) -> (artifact id: '91a2980309d6499d37b364770f3dc35d') in 0.0003263 seconds
Start importing Assets/StreamingAssets/GameFoundation/sprites/creature_sample_beast/back_side_l using Guid(5cf01797e030a7249893e5e4ea5a7afc) (DefaultImporter) -> (artifact id: 'deeba62efcbeaf47b53857741ae1790c') in 0.0057112 seconds
Start importing Assets/StreamingAssets/GameFoundation/data/_sample/fac using Guid(5cb8a342d3da3c8499a86c74cb19c8d8) (DefaultImporter) -> (artifact id: 'f610d096839f99466f5feabd8dcc4bde') in 0.0056231 seconds
Start importing Packages/com.unity.render-pipelines.core/Runtime/Sampling/Textures/SobolBlueNoise using Guid(5cd9d26d95a75804d8f849a19ab998e7) (DefaultImporter) -> (artifact id: '5f8b2146581bbde127facdae2ca832b1') in 0.0004992 seconds
Start importing Assets/StreamingAssets/GameFoundation/data/_sample/loot using Guid(5c3cc3f4af9ad484aabbd13954f87a41) (DefaultImporter) -> (artifact id: 'a53a1fc058a39e6acc32cacc41e842dc') in 0.0053187 seconds
Start importing Packages/com.unity.inputsystem/InputSystem/Editor/Internal/AdvancedDropdown using Guid(5cdea6ae28e4a4b6ca0bb7506f88764c) (DefaultImporter) -> (artifact id: 'eca336dc6ca2b7d726720885b47884ac') in 0.0005135 seconds
Start importing Assets/StreamingAssets/GameFoundation/data/game/diff using Guid(7c8512ca55c99e24db690e5b40440ebf) (DefaultImporter) -> (artifact id: 'cd6ddc2831c2f7915118fa76e35c336b') in 0.000354 seconds
Start importing Assets/StreamingAssets/GameFoundation/data/_sample/achv using Guid(8c7e62037fb9c0540a84af630670e004) (DefaultImporter) -> (artifact id: 'a8ff269507614cc708a300aa250f9774') in 0.0052896 seconds
Start importing Packages/com.gamefoundation.adapter.unity/Tests/Runtime/TestData/found using Guid(ac8c2b818f153c145ad0199d9fcc02d5) (DefaultImporter) -> (artifact id: '35d71d854fdf943f0f36805a2180bd26') in 0.0004653 seconds
Start importing Packages/com.unity.render-pipelines.core/Runtime/UnifiedRayTracing/Compute/RadeonRays using Guid(bc373571d8c974b4c8b11bbc194651eb) (DefaultImporter) -> (artifact id: '80dc1284311fc538b0c1a4edf5f0574a') in 0.0003692 seconds
Start importing Packages/com.unity.ugui/Editor/UGUI/UI/PropertyDrawers using Guid(bc9aa6d5a7945f34882c442e9e201537) (DefaultImporter) -> (artifact id: '270b585cc009643c70718bcb5358bab0') in 0.0003972 seconds
Start importing Packages/com.unity.ugui/Tests/Runtime/UGUI/Layout using Guid(cc313cc004395df4a9884390556690a5) (DefaultImporter) -> (artifact id: '563d44d617bb73e3ce0b9367beb9f7f6') in 0.0003834 seconds
Start importing Packages/com.unity.test-framework/UnityEditor.TestRunner/TestRun/Tasks/Events using Guid(cca5935142d6c754f9ecdce1294f7079) (DefaultImporter) -> (artifact id: '1f81049cc8c4f238fec5f2b1ea887709') in 0.0003425 seconds
Start importing Assets/StreamingAssets/GameFoundation/data/_sample/diff using Guid(ec8b44c8ca471284cb2877c731abf05e) (DefaultImporter) -> (artifact id: '6589bd2871381e57def13ebc8226965b') in 0.0075607 seconds
Start importing Assets/StreamingAssets/GameFoundation/data/_sample/sfx using Guid(ec3d593fbd00c5a47aa34d4da17d2213) (DefaultImporter) -> (artifact id: 'b042bc71006f46e68752449134f9c10c') in 0.0044422 seconds
Start importing Packages/com.unity.inputsystem/InputSystem/Editor/UITKAssetEditor/Views using Guid(2db76e4ad9537964994bd20263e1c379) (DefaultImporter) -> (artifact id: '55b765bc8bef98298d0dce9de6fd088a') in 0.0004377 seconds
Start importing Packages/com.unity.2d.sprite/Editor/SpriteEditorModule/SpriteFrameModule/SpriteFrameEditor using Guid(2d68391cb3f74b2c93616b2a26d7b85f) (DefaultImporter) -> (artifact id: '52b2afd9cf48ba292314d1b5db61d886') in 0.0003755 seconds
Start importing Packages/com.unity.ugui/Tests/Runtime/UGUI/LayoutGroup using Guid(2d9b6ff056b6f484ba6500aa8e06bcf3) (DefaultImporter) -> (artifact id: '1c3147b292d515aadba03fbf6013744b') in 0.000332 seconds
Start importing Packages/com.unity.ugui/Runtime/UGUI/EventSystem/UIElements using Guid(5dc64c943466a44498be3b620c743b45) (DefaultImporter) -> (artifact id: '96c94b86d87620112b8e860f107d8e93') in 0.0003724 seconds
Start importing Assets/StreamingAssets/GameFoundation/data/_sample/econ using Guid(5def8f71b69514b4299934563545d8a1) (DefaultImporter) -> (artifact id: '6c7c06d2c2112edf4ce17779e133e4ff') in 0.0055417 seconds
Start importing Packages/com.unity.shadergraph/Editor/Generation/Targets/CustomRenderTexture using Guid(6d5720fee1395a0469d470106d06823e) (DefaultImporter) -> (artifact id: '91650c26b789902fa4b53cd71c7bb238') in 0.0004304 seconds
Start importing Packages/com.unity.shadergraph/Editor/Resources/GraphView/Nodes using Guid(9d93b12df2d043f9876fa00095ab8c99) (DefaultImporter) -> (artifact id: '95a223aff6712833ee640480f5d3b61f') in 0.0003403 seconds
Start importing Packages/com.unity.inputsystem/InputSystem/Editor/AssetEditor/PackageResources using Guid(ad61ded360bb0784b9301188fc603d6d) (DefaultImporter) -> (artifact id: '89b0b596240fab476c123f102a1ab111') in 0.0003353 seconds
Start importing Packages/com.unity.inputsystem/InputSystem/Runtime/Plugins/iOS using Guid(cdf0d8abf71784dacb0470320cd8936f) (DefaultImporter) -> (artifact id: '62678bcc85f3723e7a71d36d244f53a2') in 0.0003224 seconds
Start importing Assets/StreamingAssets/GameFoundation/sprites/creature_sample_hero/front using Guid(cd4130e652e378a4f8a18ec2dcb57600) (DefaultImporter) -> (artifact id: 'd69942450ebddd531a7e491d03ccd3af') in 0.0038321 seconds
Start importing Assets/StreamingAssets/GameFoundation/data/game/shell using Guid(0e75621c7f19f6a40a9886f5d50e8eb4) (DefaultImporter) -> (artifact id: 'f703e6566fbfa0e319b49ed07ccb90e9') in 0.0003421 seconds
Start importing Packages/com.unity.inputsystem/InputSystem/Runtime/Plugins/OnScreen using Guid(0e49b0a8b53e45445979b3fa9604a35c) (DefaultImporter) -> (artifact id: '7ea8412743dcf4709bd89ebf770cfafd') in 0.0003194 seconds
Start importing Packages/com.unity.inputsystem/InputSystem/Editor/Devices/Remote using Guid(4ea5bd36bf3924ec18c263bbdb10e425) (DefaultImporter) -> (artifact id: 'a72e971a03947ccd8dca0dff9a3b056e') in 0.0003108 seconds
Start importing Assets/StreamingAssets/GameFoundation/data/_sample/prog using Guid(4ec702807cf0b9b41b433d348c1dbee7) (DefaultImporter) -> (artifact id: 'bd76bc5d7b4a4499370173c321b6c323') in 0.0057931 seconds
Start importing Packages/com.unity.inputsystem/InputSystem/Editor/Controls/Processors using Guid(5e167cf5b25c44f35919e4082e725d71) (DefaultImporter) -> (artifact id: '30b86e68e1cf5547932636b925d9a7d1') in 0.0004723 seconds
Start importing Assets/StreamingAssets/GameFoundation/assets/_placeholder/icons using Guid(6e7ccfecf37d98040bb2d476c9d66f97) (DefaultImporter) -> (artifact id: '043be9db6f88073bb989bad796c2fd9d') in 0.0066764 seconds
Start importing Packages/com.unity.inputsystem/InputSystem/Runtime/Plugins/DualShock using Guid(6eefa91e7a89647338245ee3818141d1) (DefaultImporter) -> (artifact id: 'c18ff5c4c2c9c2feecd06007584fcf6c') in 0.000445 seconds
Start importing Packages/com.unity.shadergraph/Editor/Data/Nodes/Artistic using Guid(8ee6f8ab31f6bf349a63fdd21fc88664) (DefaultImporter) -> (artifact id: '9565e3b46b3b62f01d81901b43d31564') in 0.0003558 seconds
Start importing Packages/com.unity.ugui/Runtime/UGUI/EventSystem/InputModules using Guid(8e78f8a8575e4a04f8337a54e241cdc5) (DefaultImporter) -> (artifact id: 'cf1e069480532a8f3dc9085bfcf71e39') in 0.0003643 seconds
Start importing Packages/com.unity.shadergraph/Editor/Data/Nodes/Channel using Guid(9e3d3d0ce68bbc843b9b8734ab8d4f02) (DefaultImporter) -> (artifact id: '3ab1efd915e2c5c31ddc5d1968b799ea') in 0.0003597 seconds
Start importing Packages/com.unity.ugui/Tests/Editor/UGUI/CanvasRenderer using Guid(ae242449e9279d44789513b922d3178a) (DefaultImporter) -> (artifact id: 'ee5d432a1318ff51cc5f0f75759cfc19') in 0.0003241 seconds
Start importing Packages/com.unity.render-pipelines.universal/Editor/VFXGraph/Shaders/Templates using Guid(ce87f332afb5ca24ca5486d4bf5caa15) (DefaultImporter) -> (artifact id: '51e54a88371dcb578940ebd966e5bb94') in 0.0008087 seconds
Start importing Packages/com.unity.render-pipelines.universal/Runtime/2D/Data/Textures using Guid(fea15e5ce57d36d489e00e9111e1c9ae) (DefaultImporter) -> (artifact id: '431e04ffff941df6fdbeeedd320f5826') in 0.0003274 seconds
Start importing Packages/com.unity.render-pipelines.universal/Runtime/VFXGraph/Utility/PropertyBinders using Guid(fec7a2969fc9f3e428ddfeba3654b66a) (DefaultImporter) -> (artifact id: 'd4868ba1b9f686bf621b665469ae9e78') in 0.0003208 seconds
Start importing Packages/com.unity.ugui/Tests/Editor/UGUI/Dropdown using Guid(1f71aeacc4a9f1a40b22a1a590331f6b) (DefaultImporter) -> (artifact id: 'f07cb706910528267c831c49a6968d8c') in 0.0003101 seconds
Start importing Assets/StreamingAssets/GameFoundation/data/_sample/camera using Guid(1f4bd6bcde4557749b9da7fa3f0bed5f) (DefaultImporter) -> (artifact id: '0525bb36de8b43dafcd8e98740fd5904') in 0.0055084 seconds
Start importing Packages/com.unity.ugui/Tests/Editor/UGUI/Text using Guid(4f9ac6e545d53f94b9f09c85b9576f36) (DefaultImporter) -> (artifact id: '5f05d186dcb1976da8af0bac527eb730') in 0.0004672 seconds
Start importing Packages/com.unity.render-pipelines.universal/Editor/2D/Shadows/ShadowProvider using Guid(6f2ac257a477638438d93937e28e4e34) (DefaultImporter) -> (artifact id: 'd3c5fb5d6865bdadcfea1a755d5ff0c4') in 0.0003472 seconds
Start importing Packages/com.unity.inputsystem/InputSystem/Runtime/Controls/Processors using Guid(6fde91b0a4ee45cd86be18a8d829dc87) (DefaultImporter) -> (artifact id: '61aaf28ed6dc86dfb0b94b2793ac2b04') in 0.0003317 seconds
Start importing Packages/com.unity.inputsystem/InputSystem/Runtime/Utilities/Observables using Guid(9f8944bd1ba848ab8f95afe7acfb4b79) (DefaultImporter) -> (artifact id: '4b45e311302f219ff3f4e6ba9c8015a5') in 0.000325 seconds
Start importing Assets/StreamingAssets/GameFoundation/sprites/placeholder_beast/back_side_l using Guid(9fde1058a28b5314c863a4d7732ef345) (DefaultImporter) -> (artifact id: 'f870fc8120b9493d63be154abe41fbd2') in 0.0048845 seconds
Start importing Packages/com.unity.ugui/Tests/Runtime/UGUI/Util using Guid(af30a361ab68260438b6ec3fb7e64500) (DefaultImporter) -> (artifact id: '2b58310aa8804f03a037a2d47189a1c9') in 0.0003716 seconds
Start importing Packages/com.unity.inputsystem/InputSystem/Editor/Actions/Composites using Guid(cfd47b21b6c654315bf28318c87beb98) (DefaultImporter) -> (artifact id: 'e08f36993d3f4cb5a5466a6da0e0a4fe') in 0.0003364 seconds
Start importing Packages/com.unity.render-pipelines.core/Editor/Lighting/ProbeVolume/VirtualOffset using Guid(dfcc0fb5ecf4d6c4e8654b6853578ceb) (DefaultImporter) -> (artifact id: '58a25bf0d7abaaca600ca22b7e784a05') in 0.0003444 seconds
Start importing Packages/com.unity.inputsystem/InputSystem/Runtime/Plugins/EnhancedTouch using Guid(ef4b66ea93dd243a783c32ab1da39fc4) (DefaultImporter) -> (artifact id: '8c0744b36938aa8a5335b8ec17709615') in 0.0003518 seconds
Start importing Packages/com.unity.ugui/Tests/Runtime/UGUI/NestedLayout using Guid(efad3ddb7270ac241b9b1357ec5ee2f2) (DefaultImporter) -> (artifact id: '8bbb7177cd104b80d48b4cfb1dc88884') in 0.0003146 seconds
Start importing Packages/com.unity.render-pipelines.universal/Runtime/2D/Shadows/ShadowProvider using Guid(ef3fc151f42f1ee4fba8b7729b3237c7) (DefaultImporter) -> (artifact id: '6f4ef5c114a0285e3ef82338bd6e75a2') in 0.0003101 seconds
Start importing Assets/StreamingAssets/GameFoundation/data/game/item using Guid(ff48bf7a422ebed4a88c96b3c86cc995) (DefaultImporter) -> (artifact id: '565c1e145e84c832d24b887b666b190a') in 0.0002939 seconds
Start importing Packages/com.unity.shadergraph/Editor/Data/Nodes/Math/Range using Guid(2018cd81f24ba46748d8b85c8f289f4f) (DefaultImporter) -> (artifact id: 'a78759b7d96df7c7f1999dfc760e62a8') in 0.0003209 seconds
Start importing Packages/com.unity.shadergraph/Editor/Data/Nodes/Input/Lighting using Guid(401863ee77eb66240b3581283427644d) (DefaultImporter) -> (artifact id: '1c720fc00ae43c4cdd36e10aa13abfed') in 0.0003027 seconds
Start importing Packages/com.unity.shadergraph/Editor/Data/Nodes/Artistic/Filter using Guid(e005d19f5315e44bc9f50b3f6f8e50b2) (DefaultImporter) -> (artifact id: '13bb872c9f855f18b106c8c271a071e9') in 0.000296 seconds
Start importing Packages/com.unity.shadergraph/Editor/Data/Nodes/Math/Basic using Guid(4120c70d7c1a34d92b74137bf0b1bc67) (DefaultImporter) -> (artifact id: '8f63f525bbee14da57c3fe28b8aaf5d2') in 0.000296 seconds
Start importing Packages/com.unity.shadergraph/Editor/Generation/Targets/Fullscreen/Templates using Guid(c131f605e2f659045adf332f0f0f876f) (DefaultImporter) -> (artifact id: 'c6bd537e15615d92219e9edfcec10479') in 0.0002927 seconds
Start importing Packages/com.unity.shadergraph/Editor/Data/Nodes/Math/Derivative using Guid(c10838deaed74574a94a340e53c2b229) (DefaultImporter) -> (artifact id: '76dfbca5f4b1295102e8860d4ce3b35c') in 0.0003049 seconds
Start importing Assets/StreamingAssets/GameFoundation/assets/_placeholder/sprites/placeholder_door using Guid(22aa91d09f09b0540bbea58dd4ebfc3f) (DefaultImporter) -> (artifact id: 'f884e26c661915c82f9a50286ab1c998') in 0.0056673 seconds
Start importing Packages/com.unity.shadergraph/Editor/Generation/Targets/Terrain/Includes using Guid(22acd4a9b5da4f678c564195d78bbed3) (DefaultImporter) -> (artifact id: 'cb0216573d10d41baea7867f20f2bc1c') in 0.0004166 seconds
Start importing Packages/com.unity.shadergraph/Editor/Data/Nodes/Artistic/Utility using Guid(32bf6e8fcb46ec24a9db465ddec10a34) (DefaultImporter) -> (artifact id: '52f824a1946ce02c338e615115983dd6') in 0.0003358 seconds
Start importing Assets/StreamingAssets/GameFoundation/assets/_placeholder/sprites/placeholder_chest using Guid(628f7a298b48c1542b0c61a7d13737b6) (DefaultImporter) -> (artifact id: 'f112f0a2060a94a3f974ebaf395d23f8') in 0.0048279 seconds
Start importing Packages/com.unity.render-pipelines.universal/Editor/VFXGraph/Shaders/Templates/ParticleHexahedron using Guid(a2a46415c7cedaf418d42532b73efd24) (DefaultImporter) -> (artifact id: '6ffe3c3cbef152dc3920322660d8ad84') in 0.000397 seconds
Start importing Packages/com.unity.render-pipelines.universal/Editor/VFXGraph/Shaders/Templates/ParticlePlanarPrimitives using Guid(93a7f042c0fafec41b13ea8cffc632c1) (DefaultImporter) -> (artifact id: '45eca41844facfde3ca5581158ddeabb') in 0.0003356 seconds
Start importing Packages/com.unity.shadergraph/Editor/Data/Nodes/Math/Vector using Guid(c3becf597e5084fe8825c0ec59a22201) (DefaultImporter) -> (artifact id: '80ed563da942273792d0385ae4f65d24') in 0.0003186 seconds
Start importing Assets/StreamingAssets/GameFoundation/assets/_placeholder/sprites/placeholder_beast using Guid(d3b10dad5e84b4340b8fd2e205f083d8) (DefaultImporter) -> (artifact id: 'dfedc567e9b9cade8ea1c3c94c0468a0') in 0.0039552 seconds
Start importing Packages/com.unity.render-pipelines.universal/Editor/VFXGraph/Shaders/Templates/ParticleMeshes using Guid(e3f2e22f0a32625498c3494d01930342) (DefaultImporter) -> (artifact id: '21deaebee743c7f3e7972f513be3ec9e') in 0.0005122 seconds
Start importing Packages/com.unity.shadergraph/Editor/Data/Nodes/Math/Wave using Guid(24b10579e42f5f845a9f2ab79f921476) (DefaultImporter) -> (artifact id: 'f342af05849653b1731c3b31565492fc') in 0.0003472 seconds
Start importing Packages/com.unity.ugui/Tests/Editor/UGUI/UI/PropertyDrawers using Guid(24333a116497b144f9782b1160984b57) (DefaultImporter) -> (artifact id: '38a6a8db8e66efb4b3e00b0b49edce4d') in 0.0003342 seconds
Start importing Packages/com.unity.shadergraph/Editor/Data/Nodes/Procedural/Shape using Guid(74f319061d92c11439d4f7e87c991e89) (DefaultImporter) -> (artifact id: '81651e5ed57fa1ef44549ec5b6d9b348') in 0.0003229 seconds
Start importing Packages/com.unity.render-pipelines.universal/Tests/Editor/Tools/Converters/ReadonlyMaterialConverter using Guid(942a5a86e2bef824ea90af68b65e11d5) (DefaultImporter) -> (artifact id: '69a06308b43cf8d2c1cef8e2079372a5') in 0.0003476 seconds
Start importing Packages/com.unity.shadergraph/Editor/Data/Nodes/Input/Basic using Guid(b43ef3944c134a74995e6582de94d21b) (DefaultImporter) -> (artifact id: '2e7ad70f896015f0ebbc54702ccef8aa') in 0.0003061 seconds
Start importing Packages/com.unity.inputsystem/InputSystem/Runtime/Plugins/XR/Controls using Guid(25ea971cc17caa84a8a2fdf9917af7b4) (DefaultImporter) -> (artifact id: '550d46a4f8a6c3ccc74983dd9b1dbf29') in 0.0003104 seconds
Start importing Packages/com.unity.shadergraph/Editor/Data/Nodes/Math/Interpolation using Guid(458e098c89ad64ed3a48cb5f63a5a498) (DefaultImporter) -> (artifact id: '37afc1b776d82055fd36185adb5e787f') in 0.0003366 seconds
Start importing Packages/com.unity.shadergraph/Editor/Data/Nodes/Artistic/Adjustment using Guid(75cc6d701e07fe246ba5377a454f74c4) (DefaultImporter) -> (artifact id: 'd05752a8b8a3b8b17db1836cb8938290') in 0.0003456 seconds
Start importing Packages/com.unity.inputsystem/InputSystem/Runtime/Plugins/XR/Haptics using Guid(8529451a1ee99484a891bdea2f5219f3) (DefaultImporter) -> (artifact id: '550e71914a9d11dbe52a1c14492c6758') in 0.0003148 seconds
Start importing Packages/com.unity.inputsystem/InputSystem/Editor/AssetEditor/PackageResources/personal using Guid(95391b99439094c00a105cd26ba61b1b) (DefaultImporter) -> (artifact id: '4035ef21cafc80447e59ea9645c8f64f') in 0.0003119 seconds
Start importing Packages/com.unity.render-pipelines.universal/Runtime/2D/Shadows/ShadowProvider/Providers using Guid(b5fa04dc74317394bb31c148b76a585e) (DefaultImporter) -> (artifact id: '31ad9660de948b5217dee54e7dd69c09') in 0.0003011 seconds
Start importing Packages/com.unity.render-pipelines.universal/Editor/VFXGraph/Shaders/Templates/ParticleMeshesLit using Guid(76287eaf161827c40994b1ba2f2af31f) (DefaultImporter) -> (artifact id: '3cdfcf0d1ff747a3a6339f7fe231f9f7') in 0.0003083 seconds
Start importing Packages/com.unity.ugui/Runtime/UGUI/UI/Core/Utility using Guid(d63dd1a776d383248a21ec2a8a6e7868) (DefaultImporter) -> (artifact id: 'ddf4baa864d390cb48033641e93bc3ab') in 0.0003103 seconds
Start importing Packages/com.unity.shadergraph/Editor/Data/Nodes/Input/Texture using Guid(07cc6493671f2344089936cf4a0ab49b) (DefaultImporter) -> (artifact id: 'b1aaff6bf0c7b4527e623ced762ec3b4') in 0.0003056 seconds
Start importing Packages/com.unity.2d.sprite/Editor/ObjectMenuCreation/DefaultAssets/Textures/v2 using Guid(172f9a5627fbd495e9b469d54bed367a) (DefaultImporter) -> (artifact id: '327242699991e55b98b75cc85c4c2e4d') in 0.0003002 seconds
Start importing Packages/com.unity.shadergraph/Editor/Data/Nodes/Input/Matrix using Guid(278936628273864438e48ff64aa20e32) (DefaultImporter) -> (artifact id: '7e3a9bc359e748153865ee597f6b5642') in 0.0002952 seconds
Start importing Packages/com.unity.ugui/Runtime/UGUI/UI/Core/Culling using Guid(27ed3e221887b3544bd9d6505d4a789f) (DefaultImporter) -> (artifact id: 'a8414d4e7a7ce3589ca9a54f2895a3ea') in 0.0002975 seconds
Start importing Packages/com.unity.shadergraph/Editor/Generation/Targets/Fullscreen/Includes using Guid(67b87f1c65c508c429e1d957b33776b3) (DefaultImporter) -> (artifact id: '282c9853b10a3b6de6a975d3736ce7c7') in 0.0003501 seconds
Start importing Packages/com.unity.shadergraph/Editor/Data/Nodes/Artistic/Normal using Guid(b7f9e0995756c4a4896912f8873eb63c) (DefaultImporter) -> (artifact id: '145e8970258f8329d1b585af14843037') in 0.0003265 seconds
Start importing Assets/StreamingAssets/GameFoundation/assets/_placeholder/vfx/hit_spark using Guid(c71ef2a0e51a7e64182d8786078bc1b7) (DefaultImporter) -> (artifact id: 'f62682ceb05ed760e21d81e10ceba673') in 0.0042217 seconds
Start importing Packages/com.unity.render-pipelines.universal/Editor/VFXGraph/Shaders/Templates/ParticleLines using Guid(18a4907a4ab1eb24882f891e45c993db) (DefaultImporter) -> (artifact id: 'f4f72dabe03e198f65d340d9d7ae65eb') in 0.0004101 seconds
Start importing Packages/com.unity.shadergraph/Editor/Data/Nodes/Math/Trigonometry using Guid(28b2b06f6ff88404c8c0d855b9599203) (DefaultImporter) -> (artifact id: '0abd3bcb9f15948b1b5c0022a2de5644') in 0.0003481 seconds
Start importing Packages/com.unity.render-pipelines.universal/Editor/VFXGraph/Shaders/Templates/ParticlePoints using Guid(4880ad95c4d23714986fc0ae33cc43f1) (DefaultImporter) -> (artifact id: '595ec8e03d220e06a35f443c6029dbf2') in 0.0003435 seconds
Start importing Packages/com.unity.render-pipelines.universal/Editor/VFXGraph/Shaders/Templates/URPDecal using Guid(e81d9b0cdeff465cb187f5a9bb544aa5) (DefaultImporter) -> (artifact id: 'fbd77c2fde097576b11f85509f984736') in 0.0003216 seconds
Start importing Packages/com.unity.shadergraph/Editor/Data/Nodes/Input/UI using Guid(f80c685d59366e44585a7011c5d7b1ea) (DefaultImporter) -> (artifact id: 'edace6f1314020bbb890f9fcc4629639') in 0.0003108 seconds
Start importing Packages/com.unity.ugui/Runtime/UGUI/UI/Core/SpecializedCollections using Guid(f8ed4321a98682942b9980996131cf26) (DefaultImporter) -> (artifact id: '5a5ef29bec25f7a3bf7676116a5962c1') in 0.0003075 seconds
Start importing Packages/com.unity.shadergraph/Editor/Data/Nodes/Artistic/Blend using Guid(f85e7557d4bb9874882ec3fa3044a53e) (DefaultImporter) -> (artifact id: 'c735ca91f74fe25ac7793dbc0e7d95a5') in 0.0004221 seconds
Start importing Packages/com.unity.shadergraph/Editor/Generation/Targets/Canvas/AssetCallbacks using Guid(094f15b4a6654154bb5755294694cb46) (DefaultImporter) -> (artifact id: 'fcee17633abbb28398036f8b77217ee7') in 0.0004141 seconds
Start importing Packages/com.unity.ugui/Runtime/UGUI/UI/Core/Layout using Guid(1999349e7f492c947bb6eb70f624382e) (DefaultImporter) -> (artifact id: 'a8e41ce3a6fccc9c9b78c2afb86f94a6') in 0.0004227 seconds
Start importing Packages/com.unity.shadergraph/Editor/Data/Nodes/Math/Advanced using Guid(198ec765a01574320a8199338d27d9f1) (DefaultImporter) -> (artifact id: '76c44aff4ef4d745d1f6602cc44b0ad9') in 0.0003541 seconds
Start importing Packages/com.unity.render-pipelines.universal/Editor/VFXGraph/Shaders/Templates/ParticleLinesSW using Guid(792601c2ba0e2bc41986706670f378d4) (DefaultImporter) -> (artifact id: '67abc12ad54081279dc71a4b29e78048') in 0.0003139 seconds
Start importing Assets/StreamingAssets/GameFoundation/assets/_placeholder/sprites/placeholder_hero using Guid(5a77f66aa64127247aafa85757e2c62b) (DefaultImporter) -> (artifact id: 'bffe8401e913a28c7da248b9ef1e32ae') in 0.0101866 seconds
Start importing Packages/com.unity.ugui/Tests/Runtime/UGUI/EventSystem/InputModuleTests using Guid(7a892c920c8ad2848b469ec9579c5219) (DefaultImporter) -> (artifact id: 'ddbbd39c1ecedea9952da13283fac82b') in 0.0004801 seconds
Start importing Packages/com.unity.inputsystem/InputSystem/Runtime/Plugins/XR/Devices using Guid(7ada2e545c685b44a8367bdab267f0dc) (DefaultImporter) -> (artifact id: '627ee3817fcb0cf0ee8de9c6e9f272ab') in 0.000361 seconds
Start importing Packages/com.unity.render-pipelines.core/Runtime/UnifiedRayTracing/Compute/RadeonRays/kernels using Guid(9a4184587b7c760418ee26ca0a32df62) (DefaultImporter) -> (artifact id: '9d98fba2fc73c0ca58a73418527344d1') in 0.0004011 seconds
Start importing Assets/StreamingAssets/GameFoundation/assets/_placeholder/vfx/burn using Guid(1b74b2cc09d9d414c8f5569c581223c7) (DefaultImporter) -> (artifact id: '9c45a19e87313006c3cb1feab3b00a20') in 0.0052606 seconds
Start importing Packages/com.unity.shadergraph/Editor/Data/Nodes/Utility/Logic using Guid(1c5103f75b5ec7445bb4c7b5a36f6aec) (DefaultImporter) -> (artifact id: '2604281c525d8ba0a22ec95173a1d312') in 0.0005578 seconds
Start importing Packages/com.unity.shadergraph/Editor/Data/Nodes/Input/Gradient using Guid(6c3178830acf943f8bf39e5a651057f2) (DefaultImporter) -> (artifact id: 'db7f38216665322a8e5a5ce01306282d') in 0.0009817 seconds
Start importing Packages/com.unity.ugui/Runtime/UGUI/UI/Core/MaterialModifiers using Guid(7c6295db74da28645bf49db58b7c9c65) (DefaultImporter) -> (artifact id: 'c8309270d25389008b80d2680377db3a') in 0.0003656 seconds
Start importing Packages/com.unity.shadergraph/Editor/Data/Nodes/Input/PBR using Guid(bc2d9fef9660c574dad26112f3061731) (DefaultImporter) -> (artifact id: '0ad0143f77d3be19a9418fc9daf652da') in 0.000328 seconds
Start importing Packages/com.unity.shadergraph/Editor/Data/Nodes/Math/Round using Guid(4da29d4d0744f43f8aaa921918f1f879) (DefaultImporter) -> (artifact id: 'ec49d2869627292cf7abef91f2145a3d') in 0.0003238 seconds
Start importing Packages/com.unity.shadergraph/Editor/Generation/Targets/BuiltIn/ShaderLibrary using Guid(6dc0256bde5256e40b2e4aa65249dd1e) (DefaultImporter) -> (artifact id: 'cd272e0523f9514008ec24e1344568a6') in 0.000324 seconds
Start importing Packages/com.unity.shadergraph/Editor/Generation/Targets/Canvas/Templates using Guid(8d975524f8a3461d922a2e20170a1194) (DefaultImporter) -> (artifact id: '284d64b3671c43365ede4abfda3228c7') in 0.0003193 seconds
Start importing Packages/com.unity.shadergraph/Editor/Data/Nodes/Input/Scene using Guid(ad6f48f5ba4c9a24ab7b9df345b45d6f) (DefaultImporter) -> (artifact id: '2002863ea7a821d4ec3c2cead5cbe834') in 0.0003116 seconds
Start importing Packages/com.unity.shadergraph/Editor/Data/Nodes/Artistic/Mask using Guid(cdb8c403de0823942a95a464c32ad0f0) (DefaultImporter) -> (artifact id: '315ff0612b1fcc3d7617d24867761135') in 0.0003072 seconds
Start importing Packages/com.unity.render-pipelines.universal/Editor/VFXGraph/Shaders/Templates/ParticlePlanarPrimitivesLit using Guid(2eda2aff451e93441b6b576a8db601a3) (DefaultImporter) -> (artifact id: '8c5a94ccae47a2769f52325f4dd4086d') in 0.0003127 seconds
Start importing Packages/com.unity.shadergraph/Editor/Data/Nodes/Input/Geometry using Guid(5e9138df313dc9e4fa20f92625c26b59) (DefaultImporter) -> (artifact id: 'fb14554f246e639541860d6edef39879') in 0.000325 seconds
Start importing Packages/com.unity.inputsystem/InputSystem/Editor/AssetEditor/PackageResources/pro using Guid(be2b3c041afc2477ea1f172b6d14c3dc) (DefaultImporter) -> (artifact id: '08b4bf9d1d01c804d61635e1b758a23f') in 0.0003151 seconds
Start importing Packages/com.unity.shadergraph/Editor/Data/Nodes/Procedural/Noise using Guid(3f074934a38b41c4ea34460933733201) (DefaultImporter) -> (artifact id: 'cf3de78c3d907c4626cda83f799a6190') in 0.0003063 seconds
Start importing Packages/com.unity.shadergraph/Editor/Generation/Targets/BuiltIn/Editor using Guid(5f2f816913824e14396c945dc22a5ad1) (DefaultImporter) -> (artifact id: 'dc0f5c7974476b20e6ac5231b773902c') in 0.0003007 seconds
Start importing Assets/StreamingAssets/GameFoundation/assets/_placeholder/maps/placeholder_field using Guid(8fd31a96dad3ace4ca9751291154a566) (DefaultImporter) -> (artifact id: '3899adcbcb4172adac36656dd146be11') in 0.0057964 seconds
Start importing Packages/com.unity.shadergraph/Editor/Generation/Targets/UITK/Templates using Guid(9fbee1430c92c48f793957a37a515e30) (DefaultImporter) -> (artifact id: '3e03a98d91b96130764231e31f60c40e') in 0.0004992 seconds
Start importing Packages/com.unity.shadergraph/Editor/Data/Nodes/Math/Matrix using Guid(bfc8dbcaa9711c945b8fd983b819335d) (DefaultImporter) -> (artifact id: 'cbb6f8c8febc26e0639d38e14c5d4dc1') in 0.0003632 seconds
Start importing Packages/com.unity.ugui/Runtime/UGUI/UI/Core/VertexModifiers using Guid(cfa73a847eeff06448bb50a8ac6a94e0) (DefaultImporter) -> (artifact id: '4854c52cecabffb60fdd5ed9e9763c1c') in 0.0003418 seconds
Start importing Assets/StreamingAssets/GameFoundation/assets/_placeholder/vfx/cast_circle using Guid(ff3ecad6e2d8e1d47a82cad078ea5cd8) (DefaultImporter) -> (artifact id: 'ff5f39d248bec9f353827bbc8c0d8a6c') in 0.0051876 seconds
Start importing Assets/StreamingAssets/GameFoundation/assets/_placeholder/sprites/placeholder_beast/front using Guid(3014ec72c9bb7f3479e011461988e1b2) (DefaultImporter) -> (artifact id: '63d385b6c0fbdba2dd13828e14184191') in 0.0054348 seconds
Start importing Assets/StreamingAssets/GameFoundation/assets/_placeholder/sprites/placeholder_beast/back_side_l using Guid(d1c86b078d2e34b45ae7a452d9407bf6) (DefaultImporter) -> (artifact id: '911b72002f77c573ac832721fbd7c6d5') in 0.0051265 seconds
Start importing Assets/StreamingAssets/GameFoundation/assets/_placeholder/sprites/placeholder_beast/back using Guid(12557fe4aaecaeb4db4a0f22c5d80b5e) (DefaultImporter) -> (artifact id: '499e967436eba5c93d03750f41e5fb93') in 0.0057084 seconds
Start importing Assets/StreamingAssets/GameFoundation/assets/_placeholder/sprites/placeholder_beast/side_l using Guid(f27af6640ef10a94caa7e6f29f95461f) (DefaultImporter) -> (artifact id: '0d4d5d633a759c118bbe4ba04254a8a8') in 0.0057117 seconds
Start importing Assets/StreamingAssets/GameFoundation/assets/_placeholder/sprites/placeholder_hero/side_r using Guid(135d0bac1a21d3745ba4f9807f1a5d56) (DefaultImporter) -> (artifact id: '06d7c1b0d78a937b94417dd50d334be6') in 0.0070718 seconds
Start importing Assets/StreamingAssets/GameFoundation/assets/_placeholder/sprites/placeholder_hero/front using Guid(33a03c5c58757794ab6a764aaa3904a5) (DefaultImporter) -> (artifact id: 'f01f17b7d9482601ac790c2be2e22233') in 0.0069427 seconds
Start importing Assets/StreamingAssets/GameFoundation/assets/_placeholder/sprites/placeholder_hero/front_side_r using Guid(c3aa228113a1593409e16bd75d2e3a89) (DefaultImporter) -> (artifact id: '6b09db58e1664b457a81c42ef3713525') in 0.0061797 seconds
Start importing Packages/com.unity.shadergraph/Editor/Generation/Targets/BuiltIn/Editor/ShaderGUI using Guid(045465d8500b94f469580f232db2929f) (DefaultImporter) -> (artifact id: 'fce3883aa16464bcd42ead6194acb245') in 0.0005128 seconds
Start importing Assets/StreamingAssets/GameFoundation/assets/_placeholder/sprites/placeholder_beast/side_r using Guid(160c5a7d153250742819efeed7063eac) (DefaultImporter) -> (artifact id: '13703aa790fc889e753cb4f60fb7cc14') in 0.0050038 seconds
Start importing Assets/StreamingAssets/GameFoundation/assets/_placeholder/sprites/placeholder_beast/front_side_r using Guid(b60c93ec2d177404eacfdf2d40980d9d) (DefaultImporter) -> (artifact id: '1921d35532c971a77dae8dd708902fa1') in 0.0046638 seconds
Start importing Packages/com.unity.shadergraph/Editor/Generation/Targets/BuiltIn/ShaderLibrary/Shim using Guid(78c9ad9712dcd8a4d9ed0770a8fe6cc7) (DefaultImporter) -> (artifact id: 'c253dcc663c9d3d7c13514a1ecd4f5ad') in 0.0004498 seconds
Start importing Packages/com.unity.shadergraph/Editor/Generation/Targets/BuiltIn/Editor/ShaderGraph using Guid(aa741e0e92d3608409867b98aabf2070) (DefaultImporter) -> (artifact id: 'cf681a801cd417be53829fff9652fa69') in 0.0003629 seconds
Start importing Assets/StreamingAssets/GameFoundation/assets/_placeholder/sprites/placeholder_beast/back_side_r using Guid(da95d49d6b7eea74fbfa62d2694303c2) (DefaultImporter) -> (artifact id: '5b8b6656b3e1db6a5768f9457b68ed63') in 0.0070487 seconds
Start importing Assets/StreamingAssets/GameFoundation/assets/_placeholder/sprites/placeholder_beast/front_side_l using Guid(4d5cc8e94376ebc46aacb34d257a1f2f) (DefaultImporter) -> (artifact id: 'ee7c121e3b84e0576a8ec907e382831b') in 0.0054455 seconds
Start importing Assets/StreamingAssets/GameFoundation/assets/_placeholder/sprites/placeholder_hero/back_side_r using Guid(8d95560c78c6f9c4c86e46f63fd08c1f) (DefaultImporter) -> (artifact id: 'e9cda2b0386cf98b9d2b0325a5e70901') in 0.0052434 seconds
Start importing Assets/StreamingAssets/GameFoundation/assets/_placeholder/sprites/placeholder_hero/back using Guid(1f940e6fda1b0b04097cb23ef13aa3d7) (DefaultImporter) -> (artifact id: 'ce15520efc078fd01ca94bafc83ec793') in 0.0065504 seconds
Start importing Packages/com.unity.shadergraph/Editor/Generation/Targets/BuiltIn/Editor/AssetPostProcessors using Guid(ff73c880c054e8c40b71704dbc0c1beb) (DefaultImporter) -> (artifact id: '2214c13c79dcf19c55c6de22528faf84') in 0.000506 seconds
Start importing Packages/com.unity.shadergraph/Editor/Generation/Targets/BuiltIn/Editor/ShaderGraph/Templates using Guid(e9e01eb1ed43ca346a8389fc15adb62d) (DefaultImporter) -> (artifact id: 'b485424ba8d48630e34ecf0c9d4a9e78') in 0.0003537 seconds
Start importing Packages/com.unity.shadergraph/Editor/Generation/Targets/BuiltIn/Editor/ShaderGraph/Includes using Guid(0b48c6912333f1a4fa13346aaf390d56) (DefaultImporter) -> (artifact id: 'ea729a8a9a3284a28a5d027a307ef371') in 0.0003829 seconds
Start importing Packages/com.unity.shadergraph/Editor/Generation/Targets/BuiltIn/Editor/ShaderGraph/Targets using Guid(6d8d9b2bfb6f27b478e969b90661882b) (DefaultImporter) -> (artifact id: '19a08b79413cd741d8d82fcac9152c80') in 0.0003531 seconds
Start importing Packages/com.unity.shadergraph/Editor/Generation/Targets/BuiltIn/Editor/ShaderGraph/AssetCallbacks using Guid(cebe13fbe292c6648ae282c4ce3908e8) (DefaultImporter) -> (artifact id: '535c073f6df816f96d32bed8551517ea') in 0.0003173 seconds
Start importing Packages/com.unity.test-framework/Tests/TestNewCustomAssembly/TestNewCustomAssembly.asmdef using Guid(005d90528beb64e71b011a6207806ed5) (AssemblyDefinitionImporter) -> (artifact id: 'fdab9d5d4dfc6a2d471dd347f8a4173e') in 0.0009472 seconds
Start importing Packages/com.unity.ugui/Runtime/TMP/Unity.TextMeshPro.asmdef using Guid(6055be8ebefd69e48b49212b09b47b2f) (AssemblyDefinitionImporter) -> (artifact id: '755faf4d872606cabacec4dfdc775f71') in 0.0007039 seconds
Start importing Packages/com.unity.mathematics/Tests/Unity.Mathematics.Tests.asmdef using Guid(904d80dccad704a3f95e42bd0ad5d960) (AssemblyDefinitionImporter) -> (artifact id: '83da058a45d0931d86d85312db6af234') in 0.0007588 seconds
Start importing Packages/com.unity.test-framework.performance/Runtime/Unity.PerformanceTesting.asmdef using Guid(c0dd0d10738d4ad4a9de57c559d0ca1b) (AssemblyDefinitionImporter) -> (artifact id: 'c2f2dd64096bf6690291e63e9be8d050') in 0.0007878 seconds
Start importing Packages/com.unity.collections/Unity.Collections/Unity.Collections.asmdef using Guid(e0cd26848372d4e5c891c569017e11f1) (AssemblyDefinitionImporter) -> (artifact id: '7f0a8b2f27dfe32928c382e08c6aaf28') in 0.0007713 seconds
Start importing Packages/com.gamefoundation.adapter.unity/Tests/Runtime/Adapter.Unity.Tests.Runtime.asmdef using Guid(2110758c7708971448419d64be206fad) (AssemblyDefinitionImporter) -> (artifact id: '966700ed1af03c19b59bec3baa3ea553') in 0.000725 seconds
Start importing Packages/com.unity.render-pipelines.core/Runtime/UnifiedRayTracing/Unity.UnifiedRayTracing.Runtime.asmdef using Guid(214c0945bb158c940aada223f3223ee8) (AssemblyDefinitionImporter) -> (artifact id: '75b8eb3a34bb4a5831687e228be628e1') in 0.0007828 seconds
Start importing Packages/com.unity.inputsystem/InputSystem/Editor/Plugins/InputForUI/InputSystemForUI.Editor.asmdef using Guid(319e0e95bdd5841b7b1808ef2f0ffd7f) (AssemblyDefinitionImporter) -> (artifact id: 'ccba7878b0061028734b27f1de231d54') in 0.0007358 seconds
Start importing Packages/com.unity.inputsystem/DocCodeSamples.Tests/DocCodeSamples.asmdef using Guid(41b01d3964f844d8b43923c18b3a9a6f) (AssemblyDefinitionImporter) -> (artifact id: 'c4ecdf1098f2cc8c3723c90c3ce012c9') in 0.0007205 seconds
Start importing Packages/com.unity.render-pipelines.universal/Runtime/2D/Unity.RenderPipelines.Universal.2D.Runtime.asmdef using Guid(516a5277b8c3b4f4c8cc86b77b1591ff) (AssemblyDefinitionImporter) -> (artifact id: 'd71084e6528cbd01f96349869b3d2ca3') in 0.0007629 seconds
Start importing Packages/com.unity.render-pipelines.universal-config/Tests/Editor/Unity.RenderPipelines.Universal.Config.Editor.Tests.asmdef using Guid(71747feda1cfa634686086b1914eacb6) (AssemblyDefinitionImporter) -> (artifact id: '4f6dae6761868279602fcf93e18986ae') in 0.0007717 seconds
Start importing Packages/com.unity.render-pipelines.universal/Editor/2D/Overrides/Unity.RenderPipelines.Universal.2D.Editor.Overrides.asmdef using Guid(71872915d7faaaf47a5587bce19d5214) (AssemblyDefinitionImporter) -> (artifact id: '7674f44e206bd81260f9f4f05d1ccc8a') in 0.0007165 seconds
Start importing Packages/com.unity.collections/DocCodeSamples.Tests/DocCodeSamples.Tests.asmdef using Guid(d1fecb7e41996c7468b18df518b721d9) (AssemblyDefinitionImporter) -> (artifact id: '1a8619bbc01a5900ee57a31b93035af9') in 0.0007711 seconds
Start importing Packages/com.unity.mathematics/Unity.Mathematics.Editor/Unity.Mathematics.Editor.asmdef using Guid(329b4ccd385744985bf3f83cfd77dfe7) (AssemblyDefinitionImporter) -> (artifact id: '1973905c62ef572f27533f2f433032d1') in 0.0007242 seconds
Start importing Packages/com.unity.2d.sprite/Tests/Editor/Unity.2D.Sprite.Package.EditorTests.asmdef using Guid(52648b72c7bef2040bf0cfa8dd0f74da) (AssemblyDefinitionImporter) -> (artifact id: '20a178cbe9be74d95c0c71881ae1bddd') in 0.0007336 seconds
Start importing Packages/com.unity.ugui/Runtime/InternalBridge/Unity.InternalAPIEngineBridge.004.asmdef using Guid(43b111c4a445f446abd2c02e77750ff5) (AssemblyDefinitionImporter) -> (artifact id: '7768f0299b485d6ebc39eb408ad5c375') in 0.0007091 seconds
Start importing Packages/com.unity.searcher/Tests/Editor/Unity.Searcher.EditorTests.asmdef using Guid(432b70115e987f44abb984cfe7de384f) (AssemblyDefinitionImporter) -> (artifact id: '89ea5603e896e4c9d6b3f507d0b1a9b6') in 0.0007338 seconds
Start importing Packages/com.unity.ugui/Editor/Analytics/UnityEditor.UI.Analytics.asmdef using Guid(8394c018a82352f41ae354f7bdad54e3) (AssemblyDefinitionImporter) -> (artifact id: '51a42a6dc598d685998182f7c5c967c4') in 0.0007606 seconds
Start importing Packages/com.unity.ugui/Editor/UGUI/UnityEditor.UI.asmdef using Guid(343deaaf83e0cee4ca978e7df0b80d21) (AssemblyDefinitionImporter) -> (artifact id: 'af08ec8d4d031bbff740ba61300146c5') in 0.0012646 seconds
Start importing Packages/com.unity.collections/Unity.Collections.PerformanceTests/Unity.Collections.PerformanceTests.asmdef using Guid(64222b0d0713a412f92762e2fccd795a) (AssemblyDefinitionImporter) -> (artifact id: '85687e5429e2e22bffc7a464564f3a88') in 0.0007417 seconds
Start importing Packages/com.gamefoundation.game-template/Tests/Editor/Game.Template.EditorTests.asmdef using Guid(a433418a216b4692bb1affefc54172ab) (AssemblyDefinitionImporter) -> (artifact id: '48a2ea79900a3d0764f8780558be3a18') in 0.0008113 seconds
Start importing Packages/com.unity.render-pipelines.universal/Shaders/Unity.RenderPipelines.Universal.Shaders.asmdef using Guid(b4517ec124862cb4bb3b8b27d72843a6) (AssemblyDefinitionImporter) -> (artifact id: '6191385f0a4f4b3ad31e465dafc68221') in 0.0007974 seconds
Start importing Packages/com.gamefoundation.game-template/Runtime/Game.Template.asmdef using Guid(c4104697b910c5f488263964eb988b37) (AssemblyDefinitionImporter) -> (artifact id: '1769d2ca87e4b7e9d56d556695735765') in 0.0007177 seconds
Start importing Packages/com.unity.ugui/Tests/Editor/Common/UnityEditor.UI.Common.Tests.asmdef using Guid(05242c3d99f24a74f99cc20369fcb344) (AssemblyDefinitionImporter) -> (artifact id: '99515af3918328a1a7135a479654a9bf') in 0.0008159 seconds
Start importing Packages/com.unity.render-pipelines.universal/Runtime/Unity.RenderPipelines.Universal.Runtime.asmdef using Guid(15fc0a57446b3144c949da3e2b9737a9) (AssemblyDefinitionImporter) -> (artifact id: '66fd63a54e47fccbdb7cd0a22b50a818') in 0.0007646 seconds
Start importing Packages/com.gamefoundation.adapter.unity/Editor/Adapter.Unity.Editor.asmdef using Guid(65e1cdb0f88f85d4585250213d23e4e1) (AssemblyDefinitionImporter) -> (artifact id: '8103524b6fe807fac75effb2d38f7291') in 0.0007935 seconds
Start importing Packages/com.unity.ugui/Editor/TMP/Unity.TextMeshPro.Editor.asmdef using Guid(6546d7765b4165b40850b3667f981c26) (AssemblyDefinitionImporter) -> (artifact id: '9560f464d4c68b2cd231f1d640031561') in 0.0007841 seconds
Start importing Packages/com.unity.ugui/Tests/Editor/TMP/Unity.TextMeshPro.Editor.Tests.asmdef using Guid(656e461844099ae43a609ff6109b0877) (AssemblyDefinitionImporter) -> (artifact id: '30072da98643a3dd2fb6cd04c1e7f82b') in 0.0007549 seconds
Start importing Packages/com.unity.inputsystem/InputSystem/Unity.InputSystem.asmdef using Guid(75469ad4d38634e559750d17036d5f7c) (AssemblyDefinitionImporter) -> (artifact id: 'f06c92024455f57260b48f0b25c31895') in 0.0007387 seconds
Start importing Packages/com.unity.render-pipelines.universal/Editor/Unity.RenderPipelines.Universal.Editor.asmdef using Guid(c579267770062bf448e75eb160330b7f) (AssemblyDefinitionImporter) -> (artifact id: '7cb3cc729604c778768e0366366b67b5') in 0.0007519 seconds
Start importing Packages/com.unity.burst/Runtime/Unity.Burst.asmdef using Guid(2665a8d13d1b3f18800f46e256720795) (AssemblyDefinitionImporter) -> (artifact id: '85eefb398227b4dd1c2deef7bd0db3fa') in 0.0007286 seconds
Start importing Packages/com.unity.render-pipelines.universal/Tests/Editor/Unity.RenderPipelines.Universal.Editor.Tests.asmdef using Guid(36d514892e55d4340b470c29fcab8b44) (AssemblyDefinitionImporter) -> (artifact id: '3c2ef47c9d5df3f9ee1a95dd4dcfe021') in 0.0007596 seconds
Start importing Packages/com.gamefoundation.adapter.unity/Tests/Editor/Adapter.Unity.Tests.Editor.asmdef using Guid(36866351e23ffb44d9f26d9d98fde4ea) (AssemblyDefinitionImporter) -> (artifact id: '047da122d64037f820eb18ea4f3c5694') in 0.000743 seconds
Start importing Packages/com.unity.render-pipelines.core/ShaderLibrary/Unity.RenderPipelines.Core.ShaderLibrary.asmdef using Guid(46a67ded66a63de48b9329c593fc08de) (AssemblyDefinitionImporter) -> (artifact id: '88c81854edd64281b7f0d7178ab1a6ed') in 0.0007216 seconds
Start importing Packages/com.unity.render-pipelines.universal-config/Runtime/Unity.RenderPipelines.Universal.Config.Runtime.asmdef using Guid(86bc95e6fdb13ff43aa04316542905ae) (AssemblyDefinitionImporter) -> (artifact id: '9cef1563a20fdccfdcaa571ada2132b3') in 0.0008087 seconds
Start importing Packages/com.unity.collections/Unity.Collections.Editor/Unity.Collections.Editor.asmdef using Guid(c668b7a00ffe56a498ddb1fc9f96f4e6) (AssemblyDefinitionImporter) -> (artifact id: '6bc15c8fa61aa95b440c3e8be43f6378') in 0.0007465 seconds
Start importing Packages/com.unity.test-framework/UnityEngine.TestRunner/UnityEngine.TestRunner.asmdef using Guid(27619889b8ba8c24980f49ee34dbb44a) (AssemblyDefinitionImporter) -> (artifact id: '4e99211f6fa79279dcc82bfb5cb90702') in 0.0008158 seconds
Start importing Packages/com.unity.burst/Editor/Unity.Burst.Editor.asmdef using Guid(b75d3cd3037d383a8d1e2f9a26d73d8a) (AssemblyDefinitionImporter) -> (artifact id: 'e46244b77da178d6ef504f177967ff9d') in 0.0007494 seconds
Start importing Packages/com.unity.render-pipelines.core/Editor/UnifiedRayTracing/Unity.UnifiedRayTracing.Editor.asmdef using Guid(085cb502223da8f46931abfa47535112) (AssemblyDefinitionImporter) -> (artifact id: '079580a6c88c05344b24e0ce9504509a') in 0.0008347 seconds
Start importing Packages/com.unity.mathematics/Unity.Mathematics/Unity.Mathematics.asmdef using Guid(d8b63aba1907145bea998dd612889d6b) (AssemblyDefinitionImporter) -> (artifact id: '6e50b0b6076b0521e9640933c3861a6b') in 0.0007897 seconds
Start importing Packages/com.unity.inputsystem/InputSystem/Runtime/Plugins/InputForUI/InputSystemForUI.asmdef using Guid(09dcc9c0126b6b34ab2a877b8f2277f5) (AssemblyDefinitionImporter) -> (artifact id: '909e8380d27ebb14864db4f1d55d8eb9') in 0.0007595 seconds
Start importing Packages/com.unity.searcher/Editor/Unity.Searcher.Editor.asmdef using Guid(4988cf9794f41d64c884876ab6574b89) (AssemblyDefinitionImporter) -> (artifact id: 'bb8f3049b4230649a4aedd823dcc1d23') in 0.0007465 seconds
Start importing Packages/com.unity.render-pipelines.core/Runtime-PrivateShared/Unity.RenderPipelines.Core.Runtime.Shared.asmdef using Guid(69257879134bba646869b21467b3338d) (AssemblyDefinitionImporter) -> (artifact id: '480ce6acd9d8c4d20976659955f4308e') in 0.000835 seconds
Start importing Packages/com.gamefoundation.game-template/Tests/Runtime/Game.Template.Tests.asmdef using Guid(699aebb92ac709b4d834888e4df04418) (AssemblyDefinitionImporter) -> (artifact id: '65b7a9f45b8a355a147189fbc10d27ee') in 0.0007556 seconds
Start importing Packages/com.unity.ide.visualstudio/Editor/com.unity.ide.visualstudio.asmdef using Guid(b93f844d45cfcc44fa2b0eed5c9ec6bb) (AssemblyDefinitionImporter) -> (artifact id: '07f9e1490d86333fb372ad3ff9957c62') in 0.0007417 seconds
Start importing Packages/com.gamefoundation.adapter.unity/Runtime/Adapter.Unity.asmdef using Guid(b95f7b0bd58653a479b913fbc65fc907) (AssemblyDefinitionImporter) -> (artifact id: 'b3165ade848ef20358a656d42769440a') in 0.0007816 seconds
Start importing Packages/com.unity.ugui/Tests/Runtime/UGUI/UnityEngine.UI.Tests.asmdef using Guid(e9745f6a32442194c8dc5a43e9ab86f9) (AssemblyDefinitionImporter) -> (artifact id: '671361ac3978847d29e63ee1cf5da131') in 0.0007594 seconds
Start importing Packages/com.unity.test-framework/UnityEditor.TestRunner/UnityEditor.TestRunner.asmdef using Guid(0acc523941302664db1f4e527237feb3) (AssemblyDefinitionImporter) -> (artifact id: 'a37885b78cc3bc346b8ba1ba7dd76b0c') in 0.0006836 seconds
Start importing Packages/com.unity.render-pipelines.core/Editor-PrivateShared/Unity.RenderPipelines.Core.Editor.Shared.asmdef using Guid(2a69708d171a17043a9d0ad45f205cfe) (AssemblyDefinitionImporter) -> (artifact id: '513d6407ee23ffbf8f638a98caffad35') in 0.0007104 seconds
Start importing Packages/com.unity.inputsystem/Tests/IntegrationTests/Unity.InputSystem.IntegrationTests.asmdef using Guid(3ae5734e49d646442ad24f37762ebdd2) (AssemblyDefinitionImporter) -> (artifact id: 'fd79d7601c520bce2421132881cb7ce3') in 0.0007137 seconds
Start importing Packages/com.unity.nuget.mono-cecil/Tests/Editor/Unity.Nuget.Mono-Cecil.Editor.Tests.asmdef using Guid(aaf6804a66b394e9b8c133f80fc0c3e3) (AssemblyDefinitionImporter) -> (artifact id: 'da68f2703bc1ca23075f378c49f2fbf2') in 0.0008648 seconds
Start importing Packages/com.gamefoundation.game-template/Editor/Game.Template.Editor.asmdef using Guid(0ba9d9a7123ae6a4bb243e6bacb2b226) (AssemblyDefinitionImporter) -> (artifact id: '720c7494f55acb7de12c6a1fc65ce090') in 0.0007257 seconds
Start importing Packages/com.unity.ugui/Runtime/UGUI/UnityEngine.UI.asmdef using Guid(2bafac87e7f4b9b418d9448d219b01ab) (AssemblyDefinitionImporter) -> (artifact id: '535f7aafa4dd215a60024f56978e8d8a') in 0.0007475 seconds
Start importing Packages/com.unity.collections/Unity.Collections.CodeGen/Unity.Collections.CodeGen.asmdef using Guid(8baa6eabecd47164e94a1eb92b18f394) (AssemblyDefinitionImporter) -> (artifact id: '846177d53e146c4c5e8e8f20dc245d31') in 0.0008192 seconds
Start importing Packages/com.unity.render-pipelines.universal/ShaderLibrary/Unity.RenderPipelines.Universal.ShaderLibrary.asmdef using Guid(ab67fb10353d84448ac887a7367cbda8) (AssemblyDefinitionImporter) -> (artifact id: 'e05756c6f8927df7f54671b595111c66') in 0.0007083 seconds
Start importing Packages/com.unity.ugui/Tests/Runtime/TMP/Unity.TextMeshPro.Tests.asmdef using Guid(bb05cab7d802aa5468f8f2f86840d984) (AssemblyDefinitionImporter) -> (artifact id: '89d48fa439e205f5072672939dd03b3e') in 0.0007285 seconds
Start importing Packages/com.unity.render-pipelines.core/Tests/Editor/UnifiedRayTracing/Unity.UnifiedRayTracing.Editor.Tests.asmdef using Guid(cb16ddcad9e86c047a91282ca9c48140) (AssemblyDefinitionImporter) -> (artifact id: '628ace8710dd40ee2d81920afc4e6053') in 0.000755 seconds
Start importing Packages/com.unity.collections/Unity.Collections.Tests/Unity.Collections.Tests.asmdef using Guid(ebbea1c70c20149eea64c53647a70872) (AssemblyDefinitionImporter) -> (artifact id: '3baf4d90a5e8be9292666bcf4bb210a8') in 0.0007364 seconds
Start importing Packages/com.unity.2d.sprite/Editor/Unity.2D.Sprite.Editor.asmdef using Guid(2c573e6b271651846a79655161004c5b) (AssemblyDefinitionImporter) -> (artifact id: 'f8718ccc80bf2f5a33f871d2d8f31150') in 0.0007395 seconds
Start importing Packages/com.unity.ugui/Tests/Editor/UGUI/UnityEditor.UI.EditorTests.asmdef using Guid(7c04f0dfa9243c04681a55d90d3ff3fc) (AssemblyDefinitionImporter) -> (artifact id: 'b0030b2b8f67d12eacbc22c1af1fbac4') in 0.0007178 seconds
Start importing Packages/com.unity.burst/Unity.Burst.CodeGen/Unity.Burst.CodeGen.asmdef using Guid(9c6dda6c7922c624cb7ea9a7f1c7d54a) (AssemblyDefinitionImporter) -> (artifact id: 'eb3bc11260a8fcd65d70d890e37dcb3e') in 0.0007146 seconds
Start importing Packages/com.unity.render-pipelines.universal/Tests/Runtime/Unity.RenderPipelines.Universal.Runtime.Tests.asmdef using Guid(bc3b0daec27db604caf7fec37e54bf6d) (AssemblyDefinitionImporter) -> (artifact id: '436dd58c67285f10c0cf7226a8728c34') in 0.0006811 seconds
Start importing Packages/com.unity.inputsystem/Tests/TestFixture/Unity.InputSystem.TestFramework.asmdef using Guid(dc04f38471c3a459fb4d31124ee9127d) (AssemblyDefinitionImporter) -> (artifact id: '8b2e606c68f60a7ea154ecb1ff970262') in 0.0007655 seconds
Start importing Packages/com.gamefoundation.conformance/Runtime/Adapters.Conformance.asmdef using Guid(9dcea76974ea67448bb780bda48ea36f) (AssemblyDefinitionImporter) -> (artifact id: '98bb6590a040e7602578d0e5a0fa2116') in 0.0007847 seconds
Start importing Packages/com.unity.shadergraph/Editor/Utilities/Unity.ShaderGraph.Utilities.asmdef using Guid(ade7125e800904674ba0c115208f7ed5) (AssemblyDefinitionImporter) -> (artifact id: '7d7897f0088946ca627ada83f581e955') in 0.0007364 seconds
Start importing Packages/com.unity.render-pipelines.core/Editor/Unity.RenderPipelines.Core.Editor.asmdef using Guid(3eae0364be2026648bf74846acb8a731) (AssemblyDefinitionImporter) -> (artifact id: '292149eedf6619fa585bc1918e8922cc') in 0.0007332 seconds
Start importing Packages/com.unity.collections/Unity.Collections.Tests.Playmode/Unity.Collections.Tests.Playmode.asmdef using Guid(5e96082520aa86a458e400b89afe93a4) (AssemblyDefinitionImporter) -> (artifact id: '65c569c38afdbfab5216345d05358d3d') in 0.0007368 seconds
Start importing Packages/com.unity.render-pipelines.core/Tests/Editor/Unity.RenderPipelines.Core.Editor.Tests.asmdef using Guid(6e5480588ffa37d4f82fe96c45e8ce9c) (AssemblyDefinitionImporter) -> (artifact id: '2d5c869e2dd027ccd2a7e1074912959e') in 0.0007936 seconds
Start importing Packages/com.unity.shadergraph/Editor/Unity.ShaderGraph.Editor.asmdef using Guid(be0903cd8e1546f498710afdc59db5eb) (AssemblyDefinitionImporter) -> (artifact id: '2d8aef6ecc2897bc9629facf58400a6a') in 0.000767 seconds
Start importing Packages/com.unity.shadergraph/ShaderGraphLibrary/Unity.RenderPipelines.ShaderGraph.ShaderGraphLibrary.asmdef using Guid(de1079f91ae5b43499b7c7e4f1269884) (AssemblyDefinitionImporter) -> (artifact id: '82c53abbd4abeb18666172127bbe11c8') in 0.0007514 seconds
Start importing Assets/Editor/GreyBoxTools.asmdef using Guid(0fc01fee4289f4845a7b1de007066d25) (AssemblyDefinitionImporter) -> (artifact id: 'a06f8adb4175530fd053496149f62ad1') in 0.0007819 seconds
Start importing Packages/com.unity.render-pipelines.universal/Editor/Converter/PPv2/PPv2ToURPConvertersDefinition.asmdef using Guid(3fa284cf2189b184e8d506b83da68377) (AssemblyDefinitionImporter) -> (artifact id: '33775e319c60b03ff66fb8982273c15f') in 0.0007753 seconds
Start importing Packages/com.unity.render-pipelines.core/Runtime/GPUDriven/Unity.RenderPipelines.GPUDriven.Runtime.asmdef using Guid(4fd6538c1c56b409fb53fdf0183170ec) (AssemblyDefinitionImporter) -> (artifact id: 'b7f5da54d8e616155ed00ede38c3a237') in 0.0007404 seconds
Start importing Packages/com.unity.collections/Unity.Collections.BurstCompatibilityGen/Unity.Collections.BurstCompatibilityGen.asmdef using Guid(4f5c0c83dfd6a0743834baba2b4de79e) (AssemblyDefinitionImporter) -> (artifact id: '505feba69963f786b63bdb543f411c0d') in 0.0008344 seconds
Start importing Packages/com.unity.test-framework.performance/Editor/Unity.PerformanceTesting.Editor.asmdef using Guid(9f843d4b38153f04b9cee0502d568525) (AssemblyDefinitionImporter) -> (artifact id: '6d2e8d0f852b16c97ddef5690b9603f2') in 0.0007937 seconds
Start importing Packages/com.unity.render-pipelines.core/Tests/Runtime/Unity.RenderPipelines.Core.Runtime.Tests.asmdef using Guid(bf043f86dbf1bda4398ec83eebe40b8c) (AssemblyDefinitionImporter) -> (artifact id: '1ab1ec1a13e5ce85bba7a7aa360e016c') in 0.0008846 seconds
Start importing Packages/com.unity.shadergraph/Tests/Editor/Unity.ShaderGraph.Editor.Tests.asmdef using Guid(bf9b048907d0a604eab6a5552630c26d) (AssemblyDefinitionImporter) -> (artifact id: '3ecebf84478400b3eadd02de68a58724') in 0.0008073 seconds
Start importing Packages/com.unity.render-pipelines.core/Runtime/Unity.RenderPipelines.Core.Runtime.asmdef using Guid(df380645f10b7bc4b97d4f5eb6303d95) (AssemblyDefinitionImporter) -> (artifact id: 'fc03c746fc3a6bd60799dae584ef9138') in 0.0008289 seconds
Start importing Packages/com.unity.collections/Unity.Collections.PerformanceTests.Internal/Unity.Collections.PerformanceTests.Internal.asmref using Guid(e064d25778ff3b249a575bb25f2eaf3e) (AssemblyDefinitionReferenceImporter) -> (artifact id: 'e570bbcc5979b1f9c0df80f9aef6e44f') in 0.001631 seconds
Start importing Packages/com.unity.burst/Runtime/Editor/Unity.Burst.ForEditor.asmref using Guid(268a64be2367b3248a24f317d458861a) (AssemblyDefinitionReferenceImporter) -> (artifact id: '591b7b5414723d61248373c21d2cf837') in 0.0009747 seconds
Start importing Packages/com.unity.modules.ui/package.ModuleCompilationTrigger using Guid(51fa60bb2bd1e5bc74e8cc95a7bfd5b7) (DefaultImporter) -> (artifact id: '237e32f9541121b786ca4b06eace0dfe') in 0.0219977 seconds
Start importing Packages/com.unity.modules.unityanalytics/package.ModuleCompilationTrigger using Guid(71136fc5cf34f2cc10be0e33c0b08019) (DefaultImporter) -> (artifact id: '9b0cf4eb7c767f90f530cd263ba24ee4') in 0.0006076 seconds
Start importing Packages/com.unity.modules.tilemap/package.ModuleCompilationTrigger using Guid(a1c42005fe7c5d78585a77ce396a5eea) (DefaultImporter) -> (artifact id: 'd923349cce1d10fbf9fab4491e59c38f') in 0.0003927 seconds
Start importing Packages/com.unity.modules.hierarchycore/package.ModuleCompilationTrigger using Guid(d104359075a97392b803d3d5aebc77f7) (DefaultImporter) -> (artifact id: '5f087c93c58d9b1c35f89c539ed3a98d') in 0.0003737 seconds
Start importing Packages/com.unity.modules.assetbundle/package.ModuleCompilationTrigger using Guid(222fc39b0c85d800342910da2cd64781) (DefaultImporter) -> (artifact id: '9a6a8c4ae725acd0e4d082b2f7469352') in 0.0004177 seconds
Start importing Packages/com.unity.modules.unitywebrequest/package.ModuleCompilationTrigger using Guid(d2ec2d1228c8e67cdd913cb5609176a2) (DefaultImporter) -> (artifact id: '8af4f3e306c0241d03204a437a8fc5e0') in 0.0003673 seconds
Start importing Packages/com.unity.modules.ai/package.ModuleCompilationTrigger using Guid(e2d09a26ce46dc617b54e49a534ace20) (DefaultImporter) -> (artifact id: 'a71f1fd08e4e9bf1ecd2d64209645034') in 0.000352 seconds
Start importing Packages/com.unity.modules.terrain/package.ModuleCompilationTrigger using Guid(23032f4383e95e772bce465c5896d0fd) (DefaultImporter) -> (artifact id: '491a7f75d3e9187fba07a3d515b1da29') in 0.0003514 seconds
Start importing Packages/com.unity.modules.imageconversion/package.ModuleCompilationTrigger using Guid(830a36a23cf3ab1e61fa47940a6dc35e) (DefaultImporter) -> (artifact id: 'ee0f0c801f95c19382d8b454dc7586e1') in 0.0003939 seconds
Start importing Packages/com.unity.modules.unitywebrequesttexture/package.ModuleCompilationTrigger using Guid(a31a332ce3485f00f7df8d987302a29c) (DefaultImporter) -> (artifact id: '5b56561b2c8cae5c48817dca1565364f') in 0.0003517 seconds
Start importing Packages/com.unity.modules.audio/package.ModuleCompilationTrigger using Guid(042dc296246916648e55a43d0eeb2036) (DefaultImporter) -> (artifact id: '93cfeb7be8bf6df4dc4fc167223dc2d5') in 0.0003335 seconds
Start importing Packages/com.unity.modules.unitywebrequestaudio/package.ModuleCompilationTrigger using Guid(553737203d61a8109f9544a97201e1aa) (DefaultImporter) -> (artifact id: '29c8c1952ecab40326be6fe65bf2dc75') in 0.0003346 seconds
Start importing Packages/com.unity.modules.vr/package.ModuleCompilationTrigger using Guid(b5bd8fa6f4c55ab6f09322b86d18b0e3) (DefaultImporter) -> (artifact id: '7fb6f5a64a18b8abc92ffb2611727976') in 0.0003574 seconds
Start importing Packages/com.unity.modules.vehicles/package.ModuleCompilationTrigger using Guid(e5c46c19ce0ce2e0103aa6f82df1043a) (DefaultImporter) -> (artifact id: '4efeb502fc9ade03fc8da1a2020cc14d') in 0.0003346 seconds
Start importing Packages/com.unity.modules.unitywebrequestassetbundle/package.ModuleCompilationTrigger using Guid(7610600f5c83e01041a6fe849d39279f) (DefaultImporter) -> (artifact id: '5ea653cc184754456a13dd8d09c34205') in 0.000328 seconds
Start importing Packages/com.unity.modules.jsonserialize/package.ModuleCompilationTrigger using Guid(e6a135e3ea9cb46795d1b0e05ac3e1e5) (DefaultImporter) -> (artifact id: '8d26f1c211bce77f7cf17eccccd57b0d') in 0.0003302 seconds
Start importing Packages/com.unity.modules.video/package.ModuleCompilationTrigger using Guid(f62135e79edb837b2d2ee3c524da864c) (DefaultImporter) -> (artifact id: '6ebda327ae83705f04de3efed3db9873') in 0.0003442 seconds
Start importing Packages/com.unity.modules.particlesystem/package.ModuleCompilationTrigger using Guid(17f093324b67f5bd57e55b546736750e) (DefaultImporter) -> (artifact id: '2ff549dcfdc7b1fa23811cebe1444f07') in 0.0004108 seconds
Start importing Packages/com.unity.modules.accessibility/package.ModuleCompilationTrigger using Guid(4745d06d5a7ca576dcf9e5e67b417652) (DefaultImporter) -> (artifact id: 'ae9e01646ac31a09b3de296582cd6de0') in 0.0003409 seconds
Start importing Packages/com.unity.modules.xr/package.ModuleCompilationTrigger using Guid(c7a8b0317f4e68556d7509828e9e211e) (DefaultImporter) -> (artifact id: 'cff4c28c132f8374585e00aa928dde3a') in 0.0003373 seconds
Start importing Packages/com.unity.modules.cloth/package.ModuleCompilationTrigger using Guid(082fbee38a82835433261a5e9c00e267) (DefaultImporter) -> (artifact id: 'fb60fe65bd12026494280cd2600d4c8d') in 0.0003266 seconds
Start importing Packages/com.unity.modules.androidjni/package.ModuleCompilationTrigger using Guid(c82e859b16636ddd2ca4a1f63fd34938) (DefaultImporter) -> (artifact id: '28e4fd36d397729ef98ce8a6b5fe53a2') in 0.0003263 seconds
Start importing Packages/com.unity.modules.director/package.ModuleCompilationTrigger using Guid(c88e90bad18cceb5d182d0c805883056) (DefaultImporter) -> (artifact id: '8e742e385eae214c44fd937134cf600f') in 0.0003125 seconds
Start importing Packages/com.unity.modules.adaptiveperformance/package.ModuleCompilationTrigger using Guid(1af35a910338381f753e8a985eb5daab) (DefaultImporter) -> (artifact id: '867fce9a42b816ffb5ac55f16cf2007e') in 0.0003216 seconds
Start importing Packages/com.unity.modules.wind/package.ModuleCompilationTrigger using Guid(2adec19fac7df68adf1fd6eb83197bb1) (DefaultImporter) -> (artifact id: '7db7181525b7da8ee072e519f9529aab') in 0.0003121 seconds
Start importing Packages/com.unity.modules.uielements/package.ModuleCompilationTrigger using Guid(8a752aaaadd2410dd9a84e01c1bace9f) (DefaultImporter) -> (artifact id: 'ae37e7f0f1483578fc0d8d28fd17e0e2') in 0.0003129 seconds
Start importing Packages/com.unity.modules.umbra/package.ModuleCompilationTrigger using Guid(1b6246f2248883964991eac9e9b4817c) (DefaultImporter) -> (artifact id: 'd1507e2ccffaa842e8d211f5b4e1425f') in 0.0003139 seconds
Start importing Packages/com.unity.modules.terrainphysics/package.ModuleCompilationTrigger using Guid(cbb1a39d56ce4d9ac1a46ac505893fa7) (DefaultImporter) -> (artifact id: '8d1d3ac1946fa5f9233e968059d3fb13') in 0.0003197 seconds
Start importing Packages/com.unity.modules.animation/package.ModuleCompilationTrigger using Guid(db8e609a39b9b231fccc54e5fa4cbd1b) (DefaultImporter) -> (artifact id: '76194af19b6b83e46d258b902c79f26f') in 0.0003133 seconds
Start importing Packages/com.unity.modules.vectorgraphics/package.ModuleCompilationTrigger using Guid(3cc1ebf2abb7fef6871ad48f499b6e21) (DefaultImporter) -> (artifact id: '51ba5d987381c742b47376b47674c513') in 0.0003146 seconds
Start importing Packages/com.unity.modules.physics/package.ModuleCompilationTrigger using Guid(5c1ee4056d0ac7ad3c5a16597fcaa38a) (DefaultImporter) -> (artifact id: '288b7a03d6481d4e92cee0ae908758ad') in 0.0003155 seconds
Start importing Packages/com.unity.modules.subsystems/package.ModuleCompilationTrigger using Guid(8d4bc6bfa28760b29f13174d6b6ea710) (DefaultImporter) -> (artifact id: '86683c86d6892e456463f75256ee724d') in 0.0003117 seconds
Start importing Packages/com.unity.modules.screencapture/package.ModuleCompilationTrigger using Guid(cd561f5f687aed43bf280c27a84f79e3) (DefaultImporter) -> (artifact id: '9675ccd07d8427f33d815eef637fd3c3') in 0.0003304 seconds
Start importing Packages/com.unity.modules.unitywebrequestwww/package.ModuleCompilationTrigger using Guid(ae87256f29d9c8b50490f4caf75b2c41) (DefaultImporter) -> (artifact id: '8a97098fbd52b5ae1a5755ce8a67debb') in 0.0003228 seconds
Start importing Packages/com.unity.modules.imgui/package.ModuleCompilationTrigger using Guid(be13c398521e3c1ad21fb9da30ab2ab6) (DefaultImporter) -> (artifact id: 'ea0574aa05344c7e80357502346d73fc') in 0.0003109 seconds
Start importing Packages/com.unity.modules.physics2d/package.ModuleCompilationTrigger using Guid(fe6a6957b37b61417b457a1e0541791d) (DefaultImporter) -> (artifact id: 'a5a6ae7d64235baf32ceb35097cc3c10') in 0.0003169 seconds
Refreshing native plugins compatible for Editor in 0.40 ms, found 0 plugins.
Native extension for WindowsStandalone target not found
ScheduleIndexationOnStartup MainProcess:True IndexOnStartup:False
Mono: successfully reloaded assembly
- Finished resetting the current domain, in  0.963 seconds
Domain Reload Profiling: 5650ms
	BeginReloadAssembly (246ms)
		ExecutionOrderSort (0ms)
		DisableScriptedObjects (13ms)
		BackupInstance (0ms)
		ReleaseScriptingObjects (0ms)
		CreateAndSetChildDomain (138ms)
	RebuildCommonClasses (24ms)
	RebuildNativeTypeToScriptingClass (8ms)
	initialDomainReloadingComplete (18ms)
	LoadAllAssembliesAndSetupDomain (4391ms)
		LoadAssemblies (4359ms)
		RebuildTransferFunctionScriptingTraits (0ms)
		AnalyzeDomain (102ms)
			TypeCache.Refresh (69ms)
				TypeCache.ScanAssembly (63ms)
			BuildScriptInfoCaches (26ms)
			ResolveRequiredComponents (6ms)
	FinalizeReload (963ms)
		ReleaseScriptCaches (0ms)
		RebuildScriptCaches (0ms)
		SetupLoadedEditorAssemblies (837ms)
			LogAssemblyErrors (0ms)
			InitializePlatformSupportModulesInManaged (10ms)
			SetLoadedEditorAssemblies (4ms)
			BeforeProcessingInitializeOnLoad (91ms)
			ProcessInitializeOnLoadAttributes (661ms)
			ProcessInitializeOnLoadMethodAttributes (68ms)
			AfterProcessingInitializeOnLoad (2ms)
			EditorAssembliesLoaded (0ms)
		ExecutionOrderSort2 (0ms)
		AwakeInstancesAfterBackupRestoration (18ms)
Start importing Library/BuildPlayer.prefs using Guid(00000000000000005000000000000000) (DefaultImporter) -> (artifact id: '083d37eb6b0e82b8f5c1ec86344d848d') in 0.0041739 seconds
Start importing Packages/com.gamefoundation.game-template/validate.ps1 using Guid(0c1876f40b1876042bfbafd3cb4a6d7c) (DefaultImporter) -> (artifact id: '891e2522c96aef991d84c99de2ce5c60') in 0.0358179 seconds
Start importing Packages/com.unity.collections/Unity.Collections/NativeText.tt using Guid(50504580bca9eb0409fcceea1af68eb5) (DefaultImporter) -> (artifact id: 'a5109bcf497466eced9f00ce7e1e162b') in 0.0032437 seconds
Start importing Packages/com.unity.collections/Unity.Collections/FixedList.tt using Guid(f16da17e34bf5f149a196c3f6b32e37f) (DefaultImporter) -> (artifact id: 'b0d35de269c5038227fa7d1e35e21ec0') in 0.0014239 seconds
Start importing Packages/com.unity.collections/Unity.Collections/FixedStringFormat.tt using Guid(059659011adc4f67a43b9d9bcc5dfd01) (DefaultImporter) -> (artifact id: 'c2bf2f25fd87d9e9e655855a1a78df75') in 0.0012628 seconds
Start importing Packages/com.unity.collections/Unity.Collections.Tests/NativeSortTests.tt using Guid(175a9e4a17bf01748b02c5c1c653d091) (DefaultImporter) -> (artifact id: '48786ca6fcdf4c10dffeb4bcc9a82c22') in 0.0010358 seconds
Start importing Packages/com.unity.collections/Unity.Collections.Tests/FixedListTests.tt using Guid(775a8d1badc640e45a6030c3822a83d7) (DefaultImporter) -> (artifact id: 'b6f53d34cbfd07c22ecf5258a312e45f') in 0.0009907 seconds
Start importing Assets/Framework/Scenes/Shell.unity using Guid(78f44653cd287ff49b074e3c7a14c386) (DefaultImporter) -> (artifact id: '3cffbffc3769d0952389cf8aa2d3d183') in 0.0008496 seconds
Start importing Packages/com.unity.collections/Unity.Collections/FixedString.tt using Guid(0a845769eb1dc4f459f64e5c840d07de) (DefaultImporter) -> (artifact id: '90f88b549fef6887d60185cb9ee8b627') in 0.0011347 seconds
Start importing Packages/com.unity.collections/Unity.Collections.Tests.Playmode/FixedListPlayModeTests.tt using Guid(6a88e2cd1798bb445bc5517141684031) (DefaultImporter) -> (artifact id: '6864a3673eab7794683583d65b588122') in 0.0010002 seconds
Start importing Packages/com.unity.collections/Unity.Collections.Tests/FixedStringSizedTests.tt using Guid(0be05385fc513c143a5b5249b7ad6211) (DefaultImporter) -> (artifact id: 'a06b9c84b7d3325c563d6da495050ce2') in 0.002991 seconds
Start importing Packages/com.unity.collections/Unity.Collections/UnsafeParallelHashSetExtensions.tt using Guid(dbd3ca1753e44d04dbf3e27c3cfa4a1b) (DefaultImporter) -> (artifact id: '2450845c49fc2915713c347301baf1c3') in 0.0006394 seconds
Start importing Packages/com.unity.collections/Unity.Collections/FixedStringFormatMethods.tt using Guid(0cdef7b1946241588e9a3b52426940e4) (DefaultImporter) -> (artifact id: '4aaec8cf46a2ac790c1ffb0424c948f1') in 0.0005281 seconds
Start importing Packages/com.unity.ugui/Package Resources/TMP Examples & Extras.unitypackage using Guid(bc00e25696e4132499f56528d3fed2e3) (DefaultImporter) -> (artifact id: '36912524d77e494bff28eadb6545a86b') in 0.0015854 seconds
Start importing Assets/Framework/Scenes/GreyBox.unity using Guid(7df3dfa74080f8447b17d6b81ae04917) (DefaultImporter) -> (artifact id: '93fcd071cb496721848355648ca17db4') in 0.000419 seconds
Start importing Packages/com.unity.collections/Unity.Collections.Tests/NativeParallelHashSetTests.tt using Guid(edf89c00aa475ae48a7726b87fc0f00c) (DefaultImporter) -> (artifact id: '80855216be0f0b58845ccbe35203f4dc') in 0.0003573 seconds
Start importing Assets/Framework/Scenes/GameTemplateMap.unity using Guid(1e4b87cb6fdf1f44080cc2d05ad93550) (DefaultImporter) -> (artifact id: '6add41c260b4a07481edd8fd3f354dac') in 0.0003364 seconds
Start importing Packages/com.unity.collections/Unity.Collections.Tests/NativeHashSetTests.tt using Guid(bead43d474a87b742a2b136a8b41e26b) (DefaultImporter) -> (artifact id: 'd77850a3bcfba80d2c1d63a52b83c311') in 0.0003325 seconds
Start importing Packages/com.unity.ugui/Package Resources/TMP Essential Resources.unitypackage using Guid(ce4ff17ca867d2b48b5c8a4181611901) (DefaultImporter) -> (artifact id: 'c9b9d0e8e0d8a5df2fad0e13885ca7c4') in 0.0003597 seconds
Start importing Packages/com.unity.collections/Unity.Collections/NativeParallelHashSetExtensions.tt using Guid(6f9fa81af98728e4f8a0db3762124ff9) (DefaultImporter) -> (artifact id: '72a334b9489f4089aca6e542c7265419') in 0.0003333 seconds
Start importing Assets/Framework/Scenes/GameTemplateShell.unity using Guid(9f5456930e622724e8176ba34e199889) (DefaultImporter) -> (artifact id: '6ff9e16a2f6f970c1f7f55dac0d4153b') in 0.0003291 seconds
Start importing Assets/StreamingAssets/GameFoundation/audio/hit_02.wav using Guid(2097a7e7e5677bf4f837ea0528f4e4f5) (DefaultImporter) -> (artifact id: '371f2db7ecc21b66dc9332390534a9e3') in 0.0184087 seconds
Start importing Packages/com.unity.render-pipelines.universal/Editor/SceneTemplates/Basic.unity using Guid(e026d555eae824f65922633f37a14385) (DefaultImporter) -> (artifact id: '9f1bdaeb34bb7108b0481dfc9aaf52b7') in 0.0005388 seconds
Start importing Assets/StreamingAssets/GameFoundation/scene/sample_field.json using Guid(f0bd9ba771f4b8b4d9a89b6d5e7a0a6b) (DefaultImporter) -> (artifact id: '97f49e3af643b96dfec715c2c097a226') in 0.0138087 seconds
Start importing Packages/com.unity.render-pipelines.universal/Editor/SceneTemplates/Indoors.unity using Guid(41b58a5346e82e4489f95a96a01905f4) (DefaultImporter) -> (artifact id: '1fcb82346aa8fbbcaecf0b86e24ffdda') in 0.0005525 seconds
Start importing Assets/StreamingAssets/GameFoundation/scene/template_field.json using Guid(c1c0a9d0fa47c2848b48732d58d63e9a) (DefaultImporter) -> (artifact id: '4b161b925574da2aa16f0be9ab90bbcb') in 0.0054372 seconds
Start importing Assets/StreamingAssets/GameFoundation/audio/hit_01.wav using Guid(2283219684084b44faf5a1f94c8467aa) (DefaultImporter) -> (artifact id: '2c0eb5f5fd9eb2cd3b5d0b46a56adf8d') in 0.0046451 seconds
Start importing Assets/StreamingAssets/GameFoundation/nav_mesh/template_field.json using Guid(225830573fb9cf440b01050590fb49b0) (DefaultImporter) -> (artifact id: '4a944babf3a8ee06db6b29e53bf10643') in 0.0046763 seconds
Start importing Packages/com.unity.render-pipelines.universal/Editor/Terrain/TerrainBaseMapGenPass.template using Guid(4288d0244223deb429fef72cf614023d) (DefaultImporter) -> (artifact id: '5c651352aced87e2ebb525660059efa6') in 0.0022053 seconds
Start importing Assets/StreamingAssets/GameFoundation/audio/sample_cast_v0.wav using Guid(b40ba007408b7d943bdd94e0774e025e) (DefaultImporter) -> (artifact id: '726958cfe85cdf0f2440ac37d38bdc86') in 0.0068248 seconds
Start importing Assets/StreamingAssets/GameFoundation/audio/death_01.wav using Guid(c44b32cfb8f186d439b765cadc7382fd) (DefaultImporter) -> (artifact id: '63155b16f4522c6bc5f328a72cd2902f') in 0.0049411 seconds
Start importing Assets/StreamingAssets/GameFoundation/audio/swing_01.wav using Guid(75f78e2dfe8b8d043beac8817da2bcfe) (DefaultImporter) -> (artifact id: '61005afcc50f1e45578c16d875a00e68') in 0.0046918 seconds
Start importing Packages/com.unity.mathematics/Unity.Mathematics/Noise/README using Guid(16687ba1ea1804a9fb7cb7c2410eab23) (DefaultImporter) -> (artifact id: '2929125107863164c206a89898b66aa5') in 0.000492 seconds
Start importing Assets/StreamingAssets/GameFoundation/audio/level_up_01.wav using Guid(e6e4d8465882df94899f8858ee4f08bb) (DefaultImporter) -> (artifact id: '489ebf06e825eb369415e2be92b535ed') in 0.0044963 seconds
Start importing Assets/StreamingAssets/GameFoundation/audio/ui_open_01.wav using Guid(a7fb82d7d09c0ab4389630623113f1b7) (DefaultImporter) -> (artifact id: '76449668991b14c7eb2efe6ef66cd82c') in 0.0046884 seconds
Start importing Packages/com.unity.shadergraph/Editor/Importers/_.sgsubgraphdb using Guid(b7e9b48c3a9534782bdc85af295da963) (DefaultImporter) -> (artifact id: '5e78dbb5d8e92a3919b74b1976316e70') in 0.0022066 seconds
Start importing Packages/com.unity.ide.visualstudio/Editor/VSWhere/vswhere.exe using Guid(585c3fb85b32bd64e8814074e754163e) (DefaultImporter) -> (artifact id: '7ca1d7ea37c1153a3b01c9dd9e8e3c8d') in 0.00423 seconds
Start importing Packages/com.unity.mathematics/Unity.Mathematics/Noise/LICENSE using Guid(e8895079ca68e498482a3075d7e34508) (DefaultImporter) -> (artifact id: '2ccf915d0b12a895d154feb6c9e1bfa4') in 0.0005093 seconds
Start importing Assets/StreamingAssets/GameFoundation/audio/pickup_01.wav using Guid(196c9bdecef875f43b6d3a8f729bdcc9) (DefaultImporter) -> (artifact id: '9a99ee733d67eaddc4176e83569300a3') in 0.0050938 seconds
Start importing Packages/com.unity.render-pipelines.universal/Editor/Decal/DecalPass.template using Guid(39262bb9f1f65f040aefacd75fbd0e47) (DefaultImporter) -> (artifact id: '4b3f04044713a2446f12346afbea8e29') in 0.0005274 seconds
Start importing Assets/StreamingAssets/GameFoundation/audio/sample_ui_click_v0.wav using Guid(894ce1f4eb0bb414db6deab7209dda67) (DefaultImporter) -> (artifact id: '1b726550769f0c526afdcba7e46a91cc') in 0.0043823 seconds
Start importing Assets/StreamingAssets/GameFoundation/audio/cast_01.wav using Guid(d9b7b9c2336db6a4992ff7cfd83344a7) (DefaultImporter) -> (artifact id: '9ac31bd519b22e12d883e006a4be577a') in 0.004607 seconds
Start importing Assets/StreamingAssets/GameFoundation/audio/ui_click_01.wav using Guid(0b3760726a476234ab7070d8ee1d1e1e) (DefaultImporter) -> (artifact id: '369f0963c8a6b388744bdfbff08063af') in 0.0059709 seconds
Start importing Packages/com.unity.render-pipelines.universal/Editor/SceneTemplates/Standard.unity using Guid(5cae0d87369a2405eaa962b8d920b947) (DefaultImporter) -> (artifact id: '2acbe8b6e0af239b657d2bb8c96cc16d') in 0.0005533 seconds
Start importing Assets/StreamingAssets/GameFoundation/nav_mesh/sample_field.json using Guid(4dacf657469f4da45b13c408bf9c542e) (DefaultImporter) -> (artifact id: 'f97822d2961d1aef2a78611acee9313a') in 0.0063102 seconds
Start importing Assets/StreamingAssets/GameFoundation/audio/sample_hit_v0.wav using Guid(4d2f787063f124d449b82aabbf6a7978) (DefaultImporter) -> (artifact id: '3fe8fe2ac5e84ed861aff858cf03bbe5') in 0.0096095 seconds
Start importing Packages/com.unity.2d.sprite/Editor/Assets/SpriteEditorWindowDefault.overlay using Guid(6d70958817ddd43678a10b02a1aa4cdd) (DefaultImporter) -> (artifact id: 'f9756d37b3eec6e067a99ba748460ac8') in 0.002356 seconds
Start importing Packages/com.unity.render-pipelines.core/Editor/CustomRenderTexture/CustomRenderTextureShader.template using Guid(6e1b69fb677bd95439f31bff8ca1c431) (DefaultImporter) -> (artifact id: '577601bc5d32ed10fd71da48720c6efc') in 0.0064237 seconds
Start importing Assets/StreamingAssets/GameFoundation/audio/sample_hit_v1.wav using Guid(5fd89b59858862f48ae689d85c41466b) (DefaultImporter) -> (artifact id: 'a5d9d2d04419ff9b9c469c585543e9aa') in 0.0061835 seconds
Start importing Packages/com.unity.render-pipelines.universal/Editor/Terrain/TerrainPass.template using Guid(bf34598b1ba253f4ab82fc5cffbed1ba) (DefaultImporter) -> (artifact id: 'ec31e110522690b3ca3251213ae8cd18') in 0.0005683 seconds
Start importing Assets/StreamingAssets/GameFoundation/sprites/gobj_sample_save_point/side_r.png using Guid(20f8700f16746c4469dd63bb143764f3) (DefaultImporter) -> (artifact id: '4c85dace8f01943a9f25633541d097bf') in 0.0086617 seconds
Start importing Assets/StreamingAssets/GameFoundation/vfx/cast_circle/frame_01.png using Guid(4041ca99b7654ba45b3c9b894c30584d) (DefaultImporter) -> (artifact id: 'd026958f5daa6d2441e5ec4b35c1bb9a') in 0.0055154 seconds
Start importing Assets/StreamingAssets/GameFoundation/sprites/gobj_sample_door/side_r.png using Guid(500e42f06805b9b4ebf2b8fc594e6cc2) (DefaultImporter) -> (artifact id: '1acf47700f7c210ad5c11f58352d0fc6') in 0.0047763 seconds
Start importing Assets/StreamingAssets/GameFoundation/sprites/item_sample_blade/atlas.json using Guid(a0c44806d1d4ca14eb1b3fd6ccffa989) (DefaultImporter) -> (artifact id: '270bcf82d7dbc2d1f252a857cbb8c2d4') in 0.0043135 seconds
Start importing Assets/StreamingAssets/GameFoundation/sprites/item_sample_blade/front.png using Guid(c0b3be5fcf03e2a4baab7bcbf6e12441) (DefaultImporter) -> (artifact id: 'a312b522e914a648145480b7269ccf0e') in 0.0042962 seconds
Start importing Packages/com.unity.render-pipelines.universal/Editor/ShaderGraph/Templates/ShaderPass.template using Guid(e0c1f3f375c6ee44da3982445ffb92a4) (DefaultImporter) -> (artifact id: '6bda623a03180ed25f09d4204d82682b') in 0.0004844 seconds
Start importing Assets/StreamingAssets/GameFoundation/sprites/gobj_sample_door/atlas.json using Guid(2169500cfdbd1c641b854c838a7f38ba) (DefaultImporter) -> (artifact id: 'ed38defedbcb79b08dda49aca731f93f') in 0.0050047 seconds
Start importing Assets/StreamingAssets/GameFoundation/assets/_placeholder/README.md using Guid(81cff55a66ee13d46b2a3e91d606ad1e) (DefaultImporter) -> (artifact id: '62c5060a7ccf2bd3c769feaef04bb733') in 0.0086727 seconds
Start importing Assets/StreamingAssets/GameFoundation/sprites/placeholder_door/open.png using Guid(9166c4084f474f345af368521aeb8c07) (DefaultImporter) -> (artifact id: 'adef33595171f9f670076116e8e62db2') in 0.0043716 seconds
Start importing Assets/StreamingAssets/GameFoundation/vfx/burn/frame_06.png using Guid(a14dc1f169eac6041971c357a1549145) (DefaultImporter) -> (artifact id: '1fd5492e4e54ebf6259448bbd35ed53e') in 0.0048166 seconds
Start importing Packages/com.unity.render-pipelines.universal/Editor/VFXGraph/Shaders/VFXLit.template using Guid(b182b2f5194c5574eb1983f8bb8b3d04) (DefaultImporter) -> (artifact id: 'bad72b1e0ad09877d4b16acfa3e1fcad') in 0.0005155 seconds
Start importing Assets/StreamingAssets/GameFoundation/sprites/item_sample_blade/side_l.png using Guid(b1e5078a153550344bf1ee52c92cf84b) (DefaultImporter) -> (artifact id: '51b0cf61fc7b7c2d9c3963fb8664dcd6') in 0.0044266 seconds
Start importing Assets/StreamingAssets/GameFoundation/vfx/sample_hit_spark/frames.json using Guid(b126e82e7f7f0234c9eaab5ecfef91af) (DefaultImporter) -> (artifact id: '3a9aaf8aa56640afc9cdd9aa82cff0d9') in 0.0050161 seconds
Start importing Assets/StreamingAssets/GameFoundation/vfx/hit_spark/frame_06.png using Guid(c1fac570eda872848a1298312d67d4e8) (DefaultImporter) -> (artifact id: '39b81180fb6da2b1377999f61d72fcd2') in 0.0053557 seconds
Start importing Assets/StreamingAssets/GameFoundation/vfx/burn/frame_01.png using Guid(c11d0c557e2a3dd43bf5d5af9d98647a) (DefaultImporter) -> (artifact id: '33fc2d1fc7e75a2f998fc30e7447863a') in 0.0065134 seconds
Start importing Assets/StreamingAssets/GameFoundation/sprites/gobj_sample_door/anchors.json using Guid(123d3e88d2fc6954aac0ea5b9b410d82) (DefaultImporter) -> (artifact id: 'a3874ba85fc96303c0d938ddb07514a5') in 0.0055106 seconds
Start importing Assets/StreamingAssets/GameFoundation/vfx/cast_circle/frame_00.png using Guid(525603acad0fa9b4fb54539f9e74aad9) (DefaultImporter) -> (artifact id: 'b19e060828cd20ced5f67c0de17470d8') in 0.0102454 seconds
Start importing Assets/StreamingAssets/GameFoundation/vfx/hit_spark/frame_04.png using Guid(92c27b2a7d75fd04ab69b68922935f57) (DefaultImporter) -> (artifact id: '67bc0b509da814d5732820553c68561b') in 0.0120927 seconds
Start importing Assets/StreamingAssets/GameFoundation/vfx/sample_cast_circle/frames.json using Guid(03700ab886f9a3b43a1b0e9e2d2cf353) (DefaultImporter) -> (artifact id: '90cabd7c4b74c95bdf58ed4377c7d802') in 0.0063852 seconds
Start importing Assets/StreamingAssets/GameFoundation/sprites/placeholder_chest/open.png using Guid(0353e1757b1c014458a8f525550016c2) (DefaultImporter) -> (artifact id: 'f82d59a666a802e0c15d51cec5ee7afc') in 0.0050605 seconds
Start importing Assets/StreamingAssets/GameFoundation/sprites/placeholder_beast/anchors.json using Guid(338ae45557623a1429f665f87ea0b043) (DefaultImporter) -> (artifact id: '7ad3be5b944a2ce484b9b23dd2c255a5') in 0.005153 seconds
Start importing Assets/StreamingAssets/GameFoundation/vfx/burn/frame_03.png using Guid(43b1c71c597a0b14994828335243b753) (DefaultImporter) -> (artifact id: '45a1f576338a51c70a76f3d0d5b1cf23') in 0.0053187 seconds
Start importing Assets/StreamingAssets/GameFoundation/sprites/gobj_sample_chest/back.png using Guid(53eb32e44c40df146993527ee6a07904) (DefaultImporter) -> (artifact id: '6a00032c5082daccd57c5a1a937c6f3a') in 0.0047783 seconds
Start importing Assets/StreamingAssets/GameFoundation/vfx/hit_spark/frame_02.png using Guid(b31d5c53b4563b24a9de1d335afc0139) (DefaultImporter) -> (artifact id: 'f8b5c3efe16bd1988d0698ed1f0c1704') in 0.0065682 seconds
Start importing Assets/StreamingAssets/GameFoundation/sprites/item_sample_blade/atlas.png using Guid(e375a62fb5ce5dc4d89375d4d03c5f41) (DefaultImporter) -> (artifact id: '531e110c8c1eb2169c1d65e0bbff825c') in 0.0046255 seconds
Start importing Assets/StreamingAssets/GameFoundation/vfx/burn/frame_05.png using Guid(04b9e214e8b7b7c4eb5b38b451b77938) (DefaultImporter) -> (artifact id: 'f742d9b3955da9efc6b78982d6236011') in 0.0042666 seconds
Start importing Assets/StreamingAssets/GameFoundation/vfx/cast_circle/frame_03.png using Guid(74f246c112968674eb50d2868f133ebb) (DefaultImporter) -> (artifact id: '1efc5f68d8a4ea25982a7cf8aa6b2300') in 0.005161 seconds
Start importing Assets/StreamingAssets/GameFoundation/sprites/gobj_sample_save_point/anchors.json using Guid(74ddc719ae72b8342a7b45448bab2689) (DefaultImporter) -> (artifact id: '05b38b07491d2035d80ee19031555f6c') in 0.0047214 seconds
Start importing Assets/StreamingAssets/GameFoundation/sprites/item_sample_blade/side_r.png using Guid(74fe7dcc1a7598648a6829221baab289) (DefaultImporter) -> (artifact id: '9c02b72ac5b03cf5c5f0c84c76097f03') in 0.0045547 seconds
Start importing Assets/StreamingAssets/GameFoundation/sprites/creature_sample_beast/atlas.json using Guid(a4dd904cde6f79c4e88ed66c27b11101) (DefaultImporter) -> (artifact id: '90a7db531f2b4487b4a6f5ea1c995bd1') in 0.0055434 seconds
Start importing Assets/StreamingAssets/GameFoundation/sprites/placeholder_hero/anchors.json using Guid(b4e0bda5581a9ec42a7858853144db63) (DefaultImporter) -> (artifact id: 'a1fcf136fcce1636837c3ea34d705830') in 0.0051157 seconds
Start importing Assets/StreamingAssets/GameFoundation/vfx/hit_spark/frames.json using Guid(b47295d078af74d4fb08c2f1d7532b5c) (DefaultImporter) -> (artifact id: 'b5b8b33c43d80d28be024e746f1da5cf') in 0.004463 seconds
Start importing Assets/StreamingAssets/GameFoundation/sprites/item_sample_blade/anchors.json using Guid(b45e4b5df70b44440b5d6ff9d5ffdbd6) (DefaultImporter) -> (artifact id: '70fb7f98e3420bded1b9a2f39ae85dae') in 0.005206 seconds
Start importing Packages/com.unity.render-pipelines.universal/Editor/VFXGraph/Shaders/VFXDecal.template using Guid(d422a258210649e8bf5d57f759d8e5da) (DefaultImporter) -> (artifact id: '930ad73bba90316b0bae1fd0ace2618a') in 0.000612 seconds
Start importing Assets/StreamingAssets/GameFoundation/sprites/placeholder_chest/closed.png using Guid(d4cb12fbb25266540aa167b74390ea65) (DefaultImporter) -> (artifact id: '1ed780f0e36c8b9f45489b44d1134d4a') in 0.0056923 seconds
Start importing Assets/StreamingAssets/GameFoundation/vfx/cast_circle/frame_07.png using Guid(15e8d641411694e40ae174472a687299) (DefaultImporter) -> (artifact id: '3a03f463e0a8a71f83e9d824be1f795d') in 0.0072973 seconds
Start importing Assets/StreamingAssets/GameFoundation/sprites/creature_sample_hero/anchors.json using Guid(25c38d6c2c1a6374b88b293b6bf83757) (DefaultImporter) -> (artifact id: '4ad410a0274b70ee0d62b3b782d493d8') in 0.0054089 seconds
Start importing Assets/StreamingAssets/GameFoundation/vfx/cast_circle/frame_02.png using Guid(45a7a66d34379f548a8d862173f5d04e) (DefaultImporter) -> (artifact id: 'c540ffd6bf4fef9a389174817cb56e7d') in 0.0045529 seconds
Start importing Assets/StreamingAssets/GameFoundation/vfx/hit_spark/frame_05.png using Guid(457bb884b91bf224680202900c77776f) (DefaultImporter) -> (artifact id: '82ffa4d1661552671436afbdd2a262e2') in 0.0061948 seconds
Start importing Assets/StreamingAssets/GameFoundation/vfx/hit_spark/frame_07.png using Guid(45dfeeadb1f6aec49b63e8cec012843f) (DefaultImporter) -> (artifact id: '37c314fe761cf9c580ebf89dcbd56a0b') in 0.0110754 seconds
Start importing Assets/StreamingAssets/GameFoundation/vfx/burn/frame_07.png using Guid(55668f0a7f420e849bf35d42acec44cd) (DefaultImporter) -> (artifact id: 'b123ef4d751622f0d018a09985cd1309') in 0.0046955 seconds
Start importing Assets/StreamingAssets/GameFoundation/sprites/gobj_sample_save_point/atlas.png using Guid(8552ef6b3d2d3564caf5ff486dfae963) (DefaultImporter) -> (artifact id: '932db6d6a36752f294fb6a73a16cda2c') in 0.0050308 seconds
Start importing Assets/StreamingAssets/GameFoundation/vfx/cast_circle/frame_04.png using Guid(95f035568f5b080408a680b4da178f6b) (DefaultImporter) -> (artifact id: 'dfb9953a8916d608952054c165c3dee8') in 0.0040903 seconds
Start importing Assets/StreamingAssets/GameFoundation/sprites/creature_sample_hero/atlas.json using Guid(b54d40ef6bb75cb4abd1bce6c030818e) (DefaultImporter) -> (artifact id: '96fddadb91b5b07a303f44b902b866b0') in 0.004316 seconds
Start importing Packages/com.unity.render-pipelines.universal/Editor/VFXGraph/Shaders/VFXLitVaryings.template using Guid(56fd66c66c0d99848be7cc4829d45942) (DefaultImporter) -> (artifact id: 'f02bbf5928f76a646d0da95e8afc71e3') in 0.0005027 seconds
Start importing Assets/StreamingAssets/GameFoundation/sprites/gobj_sample_chest/side_r.png using Guid(56afb1a1ee6d1914087fd6c2f9e54f96) (DefaultImporter) -> (artifact id: '374b6848b03e5e52134b9bc2329eafa5') in 0.0045431 seconds
Start importing Assets/StreamingAssets/GameFoundation/sprites/placeholder_door/closed.png using Guid(766ab8674aa9bc645b6280d49fd4f383) (DefaultImporter) -> (artifact id: '393d05da7940fae6faec366aaac3a8d8') in 0.0058636 seconds
Start importing Assets/StreamingAssets/GameFoundation/sprites/gobj_sample_chest/anchors.json using Guid(865e762f6307b2949963f18163d17905) (DefaultImporter) -> (artifact id: '96e4fa64b7e0965f663f6e0a9ee97c50') in 0.0047369 seconds
Start importing Assets/StreamingAssets/GameFoundation/sprites/item_sample_blade/back.png using Guid(d61babfe9728c6d418af1738c0137e9e) (DefaultImporter) -> (artifact id: 'd3a05a9345ca35d6ada50a64a63cfa75') in 0.0047908 seconds
Start importing Assets/StreamingAssets/GameFoundation/sprites/gobj_sample_save_point/atlas.json using Guid(5756faf9add65664a805cc4a58b07696) (DefaultImporter) -> (artifact id: '635948d00da94a39f44cb4b540221e0f') in 0.0039826 seconds
Start importing Assets/StreamingAssets/GameFoundation/vfx/burn/atlas.png using Guid(97c925e97ac464e41966945b31d694f6) (DefaultImporter) -> (artifact id: 'fd76bdf138567cce7c67ba52929cf83c') in 0.0041763 seconds
Start importing Assets/StreamingAssets/GameFoundation/data/_sample/README.md using Guid(c7bae7e8dea118443ae0cb1f21b26a16) (DefaultImporter) -> (artifact id: 'cf2af767bedb15daad4c7cef5cd5ce5c') in 0.0047225 seconds
Start importing Assets/StreamingAssets/GameFoundation/vfx/burn/frame_02.png using Guid(98d6321669233444eb00c2e4b553e393) (DefaultImporter) -> (artifact id: '62e2fddbfb989f8432b9f9c131146e84') in 0.0047821 seconds
Start importing Assets/StreamingAssets/GameFoundation/vfx/cast_circle/frames.json using Guid(d877ce40ef906c04a9cb0ab2d76d74c2) (DefaultImporter) -> (artifact id: '8bda363aea167ef5e7b60603ec7c1140') in 0.0044467 seconds
Start importing Assets/StreamingAssets/GameFoundation/sprites/creature_sample_beast/anchors.json using Guid(e8dd123cd57528a4a8df3c243abbad60) (DefaultImporter) -> (artifact id: 'd5d929fb9c25856fa927196f3418687e') in 0.0067618 seconds
Start importing Assets/StreamingAssets/GameFoundation/vfx/sample_hit_spark/atlas.png using Guid(69d6544f42ee3cf4cb3eb61fe5783e76) (DefaultImporter) -> (artifact id: '2f948906f2f0a6696fd8bd3e01663e42') in 0.0069478 seconds
Start importing Packages/com.unity.render-pipelines.universal/Editor/VFXGraph/Shaders/VFXVertexProbeSampling.template using Guid(89944a86d17a433682835ec4b89dc07f) (DefaultImporter) -> (artifact id: 'a55d4e41d492c332f5be39ab7074eee0') in 0.0005581 seconds
Start importing Assets/StreamingAssets/GameFoundation/vfx/hit_spark/frame_03.png using Guid(c96291ef05335b04386964e3c056ffc1) (DefaultImporter) -> (artifact id: '5dc1fdff0d4731b8b85e056f32557d92') in 0.0045914 seconds
Start importing Assets/StreamingAssets/GameFoundation/sprites/gobj_sample_chest/atlas.png using Guid(3a6e14a88eaa39d4898a92ea641114af) (DefaultImporter) -> (artifact id: 'def64065a7352da9b7371b5e4b67bd96') in 0.0107849 seconds
Start importing Assets/StreamingAssets/GameFoundation/vfx/sample_cast_circle/atlas.png using Guid(8a905239fed60a24f830d80662e9d8d8) (DefaultImporter) -> (artifact id: 'f85705e90383f258190ed3ec192685a7') in 0.0073433 seconds
Start importing Assets/StreamingAssets/GameFoundation/sprites/gobj_sample_door/atlas.png using Guid(aa39a380fb76df941b9f0edcaf35b889) (DefaultImporter) -> (artifact id: '38c448544e647a4d8acf02402a8cea4d') in 0.0064614 seconds
Start importing Assets/StreamingAssets/GameFoundation/vfx/cast_circle/frame_06.png using Guid(fab011a82fe2d3540a5e8b34ebfa651b) (DefaultImporter) -> (artifact id: '4e7b0a24956c66eeebb4e23b0038ebc0') in 0.0066543 seconds
Start importing Assets/StreamingAssets/GameFoundation/sprites/gobj_sample_door/front.png using Guid(1b7cd6a4d999b7e4bbc2bf88bd10244f) (DefaultImporter) -> (artifact id: 'efa92ad9896b2da5589f6e4a36ead289') in 0.0066184 seconds
Start importing Assets/StreamingAssets/GameFoundation/sprites/gobj_sample_door/side_l.png using Guid(5b4723ffa89435b4ea66feed32ddaa2c) (DefaultImporter) -> (artifact id: '38fc023dbb62f690d1f08f314fa85f43') in 0.0059864 seconds
Start importing Assets/StreamingAssets/GameFoundation/vfx/hit_spark/atlas.png using Guid(7bb0b146cd6ee1946b9b104212bdaed5) (DefaultImporter) -> (artifact id: '0a4ff4b46912f0f8abbea67e8e23c7bb') in 0.0061643 seconds
Start importing Assets/StreamingAssets/GameFoundation/sprites/gobj_sample_save_point/front.png using Guid(7b8b3b3475371ef4a88ee0c709f5608d) (DefaultImporter) -> (artifact id: '89e5112ec6990f94adc13826e22b098f') in 0.0060631 seconds
Start importing Assets/StreamingAssets/GameFoundation/vfx/hit_spark/frame_01.png using Guid(cba6f69ab120ffb4a8c3a8c085428e4a) (DefaultImporter) -> (artifact id: '743ce60ebfe02d5eeb41479a334ca8e0') in 0.0074257 seconds
Start importing Packages/com.unity.ide.visualstudio/Editor/COMIntegration/Release/COMIntegration.exe using Guid(cb67edc1800c2ec4ba8dfb1cf0dfc84a) (DefaultImporter) -> (artifact id: 'dae61c5108a73af8cfb7b0def4d32a62') in 0.000543 seconds
Start importing Assets/StreamingAssets/GameFoundation/sprites/gobj_sample_save_point/side_l.png using Guid(fb898cf900cc0ef4eb3f8ae0fe7d4a34) (DefaultImporter) -> (artifact id: 'bfaf58726f623ef3df00b6a9aa45a049') in 0.0055226 seconds
Start importing Assets/StreamingAssets/GameFoundation/vfx/cast_circle/atlas.png using Guid(0c43f8de573d34b42af90211fff4646e) (DefaultImporter) -> (artifact id: '59744a0d9fdc64c03c703f36c649d962') in 0.0068871 seconds
Start importing Assets/StreamingAssets/GameFoundation/sprites/gobj_sample_chest/side_l.png using Guid(0ce96a5690d4bd6459e9a5bbf3fc6e2f) (DefaultImporter) -> (artifact id: '6e1eb0c5baec84082c57fbdfe124ffb4') in 0.0062368 seconds
Start importing Packages/com.unity.render-pipelines.universal/Editor/VFXGraph/Shaders/VFXSGSurfaceData.template using Guid(4c72c43322666bd4dbe58de9815b0639) (DefaultImporter) -> (artifact id: '7b7c96c8cae3620e4a88488b9c195b56') in 0.0006816 seconds
Start importing Assets/StreamingAssets/GameFoundation/sprites/gobj_sample_save_point/back.png using Guid(ec9280558af99ae4c8e65a2a02c890c2) (DefaultImporter) -> (artifact id: 'ab814ebcda7d60b65a4fceea2937d64c') in 0.0043914 seconds
Start importing Assets/StreamingAssets/GameFoundation/sprites/creature_sample_hero/atlas.png using Guid(ecbf63844e6488644a78efaa091f0764) (DefaultImporter) -> (artifact id: '565a07da7c51dae45dad25346f5d6d9e') in 0.0065887 seconds
Start importing Assets/StreamingAssets/GameFoundation/vfx/burn/frames.json using Guid(0d16b0a17b39a3f41881a38be1b10448) (DefaultImporter) -> (artifact id: '2031a153f1a089170fd5c53c57f10769') in 0.0084811 seconds
Start importing Packages/com.unity.shadergraph/Editor/Generation/Templates/PassMesh.template using Guid(1d356e56081caed46bb576bcdf392666) (DefaultImporter) -> (artifact id: '09c2e7d96225254d319c128e60dfeb06') in 0.0008688 seconds
Start importing Packages/com.unity.render-pipelines.universal/Editor/VFXGraph/Shaders/VFXPasses.template using Guid(3d707c2c34101af48b8dc0b38ea50a1f) (DefaultImporter) -> (artifact id: 'c452ea6340a1b92d788317df7cd68f74') in 0.0005657 seconds
Start importing Assets/StreamingAssets/GameFoundation/vfx/burn/frame_00.png using Guid(bdd0595cd3d54ab4593c843f591e5883) (DefaultImporter) -> (artifact id: '682d42673b184e399ff0518ac37084aa') in 0.0047344 seconds
Start importing Assets/StreamingAssets/GameFoundation/vfx/sample_burn/atlas.png using Guid(ddeb5775cf3455a44810786c570cc0bc) (DefaultImporter) -> (artifact id: '1d02677c4c101a553d0b28608d4e80ff') in 0.0046771 seconds
Start importing Assets/StreamingAssets/GameFoundation/vfx/burn/frame_04.png using Guid(6e8471d45e429804083281d9a77be83b) (DefaultImporter) -> (artifact id: '0cecec90efcea05073999ce9beb54643') in 0.0050905 seconds
Start importing Assets/StreamingAssets/GameFoundation/vfx/hit_spark/frame_00.png using Guid(8eeea495550e34a4b8528b62018afbf5) (DefaultImporter) -> (artifact id: '4965e5dbe4751edeecc44e97653b64e9') in 0.0058995 seconds
Start importing Assets/StreamingAssets/GameFoundation/sprites/creature_sample_beast/atlas.png using Guid(bef784c4489d5fb4fa72ba266462755a) (DefaultImporter) -> (artifact id: '8357bbd1001260984552972aba181ced') in 0.0147055 seconds
Start importing Assets/StreamingAssets/GameFoundation/vfx/sample_burn/frames.json using Guid(de4f3507927db0b4ea3cf171276d7145) (DefaultImporter) -> (artifact id: '6dabd2e25b6703836f4fd02ceed8e167') in 0.0061009 seconds
Start importing Assets/StreamingAssets/GameFoundation/assets/_placeholder/MANIFEST.json using Guid(ee33ac147be9cef439f16a5a1e92a979) (DefaultImporter) -> (artifact id: '5105aa25a18446bdcb5212ad14c4e09e') in 0.0067851 seconds
Start importing Assets/StreamingAssets/GameFoundation/vfx/cast_circle/frame_05.png using Guid(fe2b147aced773941beb06c95e643851) (DefaultImporter) -> (artifact id: 'faf0e3e34c13a4b8399d1a8895142952') in 0.0057851 seconds
Start importing Packages/com.unity.render-pipelines.universal/Editor/VFXGraph/Shaders/VFXDecalVaryings.template using Guid(5fa2eae08a4a4852be54781bb3cf5736) (DefaultImporter) -> (artifact id: 'f8c0d5abc5cfec9d7fdc542aa2e93477') in 0.0033259 seconds
Start importing Assets/StreamingAssets/GameFoundation/sprites/gobj_sample_chest/atlas.json using Guid(5fba0b8075209c94a99af7efe70a8ea2) (DefaultImporter) -> (artifact id: 'f60d4848f933d91e563fe6c9137cce5b') in 0.0100988 seconds
Start importing Assets/StreamingAssets/GameFoundation/sprites/gobj_sample_door/back.png using Guid(9f0b74bd2af2a5c469a465a3770827da) (DefaultImporter) -> (artifact id: 'e4ffe9056240ef99677d34cd4db16913') in 0.0044887 seconds
Start importing Assets/StreamingAssets/GameFoundation/sprites/gobj_sample_chest/front.png using Guid(cfde922676391fe4a996f6aafa1a2c44) (DefaultImporter) -> (artifact id: 'f399bad4dddcbd6e7d212a1dd8cb4aa5') in 0.0042256 seconds
Start importing Assets/StreamingAssets/GameFoundation/data/_sample/arch/arch.class.json using Guid(001c33af6825cbd43a66bda6d4d76187) (DefaultImporter) -> (artifact id: '64e38adc8cb2e479f2e62195fddc1416') in 0.0042745 seconds
Start importing Assets/StreamingAssets/GameFoundation/data/_sample/area/area.trigger_def.json using Guid(103ebc5d6c008e3439ee27f5ca5ceb01) (DefaultImporter) -> (artifact id: '68c483d9480f18042013d1cd178ad4fd') in 0.0041413 seconds
Start importing Assets/StreamingAssets/GameFoundation/data/_sample/shell/shell_menu_definition.json using Guid(2091f817e0d58d2429bd01c1c66a1471) (DefaultImporter) -> (artifact id: 'cb206bbba8e7b6b556732fd371b09f3c') in 0.0039648 seconds
Start importing Assets/StreamingAssets/GameFoundation/data/_sample/prog/prog.level_curve.json using Guid(20af8885b78989c46bc8c76ed44a7640) (DefaultImporter) -> (artifact id: 'a58c5c491edd85da7bf8e0415e82c7f2') in 0.0049682 seconds
Start importing Assets/StreamingAssets/GameFoundation/data/_sample/skill/skill.proc_def.json using Guid(50d308aa7a4192e4591135da0110d596) (DefaultImporter) -> (artifact id: 'd6920f23c1bf5c82d50f96c1818de1c8') in 0.0060976 seconds
Start importing Assets/StreamingAssets/GameFoundation/sprites/creature_sample_hero/front_side_r/body.png using Guid(a0f73d42df435fb45b7343b90f8cc5d8) (DefaultImporter) -> (artifact id: '2eabdaaedae468a89e5e2c04e63e1dd0') in 0.0049492 seconds
Start importing Assets/StreamingAssets/GameFoundation/data/_sample/stat/stat.rating_conversion.json using Guid(c08ad271d39dd794c9e7a758c856a9d1) (DefaultImporter) -> (artifact id: '3b641b9aa5ecea8a7ad18fe96e5f128d') in 0.0050343 seconds
Start importing Assets/StreamingAssets/GameFoundation/sprites/creature_sample_hero/side_l/head.png using Guid(d02f01629e92fd34f9a63c449834ff4c) (DefaultImporter) -> (artifact id: '6aac44f49bfea804e4c35858c5ed4a38') in 0.0043497 seconds
Start importing Assets/StreamingAssets/GameFoundation/assets/_placeholder/icons/icon_placeholder_tonic.png using Guid(212e6169ba81b724ba2a7c2b5efd6410) (DefaultImporter) -> (artifact id: '81d4f7ca4be0b137de9e332af04d9fd7') in 0.0047945 seconds
Start importing Assets/StreamingAssets/GameFoundation/data/game/world/world.map.json using Guid(61f334022708f26419a54a62213a0ce9) (DefaultImporter) -> (artifact id: '45be2a268984240529c9fed649321036') in 0.000575 seconds
Start importing Assets/StreamingAssets/GameFoundation/sprites/placeholder_hero/front_side_r/head.png using Guid(7159568a7c4ad3a42939d2ea7b0916cb) (DefaultImporter) -> (artifact id: 'de76b3bdaac47de3986f75a4ac33ca46') in 0.0073488 seconds
Start importing Assets/StreamingAssets/GameFoundation/data/_sample/arch/arch.race.json using Guid(a1e66e223a6e7ba469a57ff154442ca8) (DefaultImporter) -> (artifact id: '6be9e7aeb4c060282b397046856a012c') in 0.0071513 seconds
Start importing Assets/StreamingAssets/GameFoundation/sprites/creature_sample_hero/front_side_l/body.png using Guid(a11d73cb9bc0b1d43bd57df12374e912) (DefaultImporter) -> (artifact id: '098cc983f7dc8d494fd8ab1e7dd19d2e') in 0.0071461 seconds
Start importing Assets/StreamingAssets/GameFoundation/assets/_placeholder/icons/icon_placeholder_skill_strike_rare.png using Guid(b15a32162908d2f4d937cb3579319a38) (DefaultImporter) -> (artifact id: 'e2fa5e2415cad38dc8a5e32c2058b95c') in 0.0077677 seconds
Start importing Assets/StreamingAssets/GameFoundation/assets/_placeholder/fonts/noto_sans_cjk_sc.otf using Guid(e129e9b5f1747364d8d5d2a1ebc724d3) (DefaultImporter) -> (artifact id: '5ba8c365c4f7c692988f682d84e1d8b9') in 0.0146099 seconds
Start importing Packages/com.unity.render-pipelines.universal/Editor/VFXGraph/Shaders/Templates/VFXParticleMeshes.template using Guid(e1c9418ea80ea1f438a3b984293b811c) (DefaultImporter) -> (artifact id: '84a0a376d13b393e302487300ecb44f0') in 0.0007847 seconds
Start importing Assets/StreamingAssets/GameFoundation/data/_sample/feedback/feedback.binding.json using Guid(0287097a7a9c61a4fab544eed3fc376d) (DefaultImporter) -> (artifact id: '51f30d6bfd6a0f82fde1c89f5ec0a712') in 0.0071873 seconds
Start importing Assets/StreamingAssets/GameFoundation/sprites/creature_sample_beast/back_side_r/body.png using Guid(12fd6a755a35df34e84aa008174e739d) (DefaultImporter) -> (artifact id: '87722ff8cc152b78b929d097f0af1d17') in 0.0067441 seconds
Start importing Assets/StreamingAssets/GameFoundation/data/_sample/creature/creature.template.json using Guid(22ba3983d91bb3345905d2b90507cbe7) (DefaultImporter) -> (artifact id: 'b1f4b29c95098da1e41c1d2028c902f3') in 0.0079598 seconds
Start importing Assets/StreamingAssets/GameFoundation/sprites/creature_sample_beast/side_r/body.png using Guid(3254e388f4185db4596e4c4af3ede0d5) (DefaultImporter) -> (artifact id: 'b8c5e15e30aa1f73e494a05282b564ec') in 0.0090426 seconds
Start importing Assets/StreamingAssets/GameFoundation/data/_sample/dialog/dialog.gossip_menu.json using Guid(325f91d061d565a4e847e9c555e07228) (DefaultImporter) -> (artifact id: 'd376485d0d4a326e27d9790b9990cf20') in 0.0043667 seconds
Start importing Assets/StreamingAssets/GameFoundation/data/_sample/encounter/encounter.level.json using Guid(62e66be372b37764786564a9ede7308a) (DefaultImporter) -> (artifact id: '5b7d8d83c33a97666f0fbcd39fb93536') in 0.0058219 seconds
Start importing Assets/StreamingAssets/GameFoundation/sprites/creature_sample_beast/front_side_r/body.png using Guid(62f7295d0b20a7a44b002e13fa05e674) (DefaultImporter) -> (artifact id: '1a2d0e10da6d787159b3543d1b6598b8') in 0.0055373 seconds
Start importing Assets/StreamingAssets/GameFoundation/sprites/placeholder_hero/back/hand_main.png using Guid(62d9f166c70d93740ae7715f25c4be80) (DefaultImporter) -> (artifact id: '82b619a70af243e14d25066c2e41b2e4') in 0.0057401 seconds
Start importing Assets/StreamingAssets/GameFoundation/data/_sample/item/item.template.json using Guid(a285e477bc5d9bb4b87e73b7f1b38cee) (DefaultImporter) -> (artifact id: '2718873a4d22b956786560d549b76d1a') in 0.0095405 seconds
Start importing Assets/StreamingAssets/GameFoundation/data/_sample/econ/econ.currency.json using Guid(e2c1113873e3b9749822a99a104e5a1b) (DefaultImporter) -> (artifact id: 'cb7c06bcfc32425240e4053eaff26ba9') in 0.00614 seconds
Start importing Assets/StreamingAssets/GameFoundation/sprites/placeholder_beast/side_r/body.png using Guid(e29273dfde70a5241bd91fe756ded72c) (DefaultImporter) -> (artifact id: '5e016c4fb3dd63174bb71f823f079dd0') in 0.0072814 seconds
Start importing Assets/StreamingAssets/GameFoundation/sprites/placeholder_beast/front/body.png using Guid(e2e5121808d74b84b9d5b55d3910d8f2) (DefaultImporter) -> (artifact id: '675147d0f09fab3510e718e82a26760b') in 0.0067306 seconds
Start importing Assets/StreamingAssets/GameFoundation/sprites/creature_sample_beast/back_side_l/body.png using Guid(f233448140a9921469357387cdc9fd05) (DefaultImporter) -> (artifact id: 'e2d52b5589aa0f3d45101a80941d514d') in 0.0067259 seconds
Start importing Assets/StreamingAssets/GameFoundation/assets/_placeholder/sfx/death_01.wav using Guid(f23f3fe11714b6447818fc549147753b) (DefaultImporter) -> (artifact id: 'f96118ce4945d745dfb364551d183fcc') in 0.0069918 seconds
Start importing Assets/StreamingAssets/GameFoundation/data/_sample/combat/combat.hit_table_config.json using Guid(0399300abeac2af40a2230961fe4e602) (DefaultImporter) -> (artifact id: '9498a222a9b0edce5403ba2627030107') in 0.0075242 seconds
Start importing Assets/StreamingAssets/GameFoundation/sprites/placeholder_hero/front/hand_main.png using Guid(5341d6ca9a49f63459dc0ce590d82c79) (DefaultImporter) -> (artifact id: '4f1b0daef1a3527dfcf1438925e047a3') in 0.0064281 seconds
Start importing Assets/StreamingAssets/GameFoundation/data/_sample/prog/prog.xp_source.json using Guid(63c068b1ae86dc941a057963181ba46a) (DefaultImporter) -> (artifact id: '476f80274c90d780fed588a389235398') in 0.0063933 seconds
Start importing Assets/StreamingAssets/GameFoundation/sprites/placeholder_hero/back_side_r/hand_main.png using Guid(737138e10a494dc4fa05b032444702a4) (DefaultImporter) -> (artifact id: '0d8ccad44b24334e9dba07d90957bc03') in 0.0069899 seconds
Start importing Assets/StreamingAssets/GameFoundation/assets/_placeholder/ui/button_hover.png using Guid(73c2c05ab4e7acc49b12274fe9e1556a) (DefaultImporter) -> (artifact id: '29ef513c9192fcb5e2e683bd3c891f67') in 0.0059626 seconds
Start importing Assets/StreamingAssets/GameFoundation/sprites/creature_sample_hero/back/body.png using Guid(83f6651dd64fe8c4b9548c6a6c0ff162) (DefaultImporter) -> (artifact id: 'f6d74038abad153abad94ff2ee2169f5') in 0.0080454 seconds
Start importing Assets/StreamingAssets/GameFoundation/sprites/creature_sample_hero/back_side_l/head.png using Guid(c3235489b6f3a354faf6e84aa99fc2d9) (DefaultImporter) -> (artifact id: 'a32c0bc92e52e9f012728c20797283d9') in 0.0066973 seconds
Start importing Assets/StreamingAssets/GameFoundation/assets/_placeholder/smoke/README.md using Guid(e3b09c13846b8834d9222ad029ab4602) (DefaultImporter) -> (artifact id: '803de40f421961a129fdab2f254c311f') in 0.0086175 seconds
Start importing Assets/StreamingAssets/GameFoundation/data/_sample/loot/loot.table.json using Guid(e3b5a2c96bbcb8a439aea9ed5c764b40) (DefaultImporter) -> (artifact id: '58362849e01e6d21e3e0f6ee475fe454') in 0.0081211 seconds
Start importing Assets/StreamingAssets/GameFoundation/data/_sample/ai/ai.patrol_path.json using Guid(f38ab0a75a5af4f4e878e098cf35dc14) (DefaultImporter) -> (artifact id: '5bf319c9b11d20177dfb18ab6e068e91') in 0.0077144 seconds
Start importing Assets/StreamingAssets/GameFoundation/sprites/creature_sample_hero/back_side_r/body.png using Guid(0432ac57e7bfb03499cd693f55c3346c) (DefaultImporter) -> (artifact id: '171a73180aaa9c196b05d67eab053d84') in 0.0068273 seconds
Start importing Assets/StreamingAssets/GameFoundation/assets/_placeholder/sfx/ui_open_01.wav using Guid(046ca02a6cb49084cad49a3a33147f2e) (DefaultImporter) -> (artifact id: 'bb40d80c861bd7547f170ff1b81f07f9') in 0.0071507 seconds
Start importing Assets/StreamingAssets/GameFoundation/data/_sample/display/display.equip_visual.json using Guid(14567e4c3cc9b28419caa1846a4c1a62) (DefaultImporter) -> (artifact id: '4b8c5481fb95b67d971a2c3bf5381f4e') in 0.0074664 seconds
Start importing Packages/com.unity.render-pipelines.universal/Editor/VFXGraph/Shaders/Templates/VFXParticleLinesSW.template using Guid(349d67d896d33a54181e800b229b65ec) (DefaultImporter) -> (artifact id: '09c34b7bd80251814a71811c69ad587d') in 0.0007821 seconds
Start importing Assets/StreamingAssets/GameFoundation/assets/_placeholder/icons/icon_placeholder_skill_burn.png using Guid(441304eea8d076940becb2eba28feba5) (DefaultImporter) -> (artifact id: '6ac05f857c57632415b0642318dbb74f') in 0.0071161 seconds
Start importing Packages/com.unity.render-pipelines.universal/Editor/VFXGraph/Shaders/Templates/VFXParticleBasicCube.template using Guid(6400081753199864e8880210a0c8ce24) (DefaultImporter) -> (artifact id: 'e2393cc3df9c4406cf269120455fd39b') in 0.0006695 seconds
Start importing Assets/StreamingAssets/GameFoundation/data/_sample/fac/fac.reaction_matrix.json using Guid(64704bccf6c65fe4e8fd3f2cf7b116e4) (DefaultImporter) -> (artifact id: 'a1475a2c6607063378047b186d40e738') in 0.0081288 seconds
Start importing Assets/StreamingAssets/GameFoundation/data/_sample/quest/quest.def.json using Guid(6432356d8691e4645b6b4120948de579) (DefaultImporter) -> (artifact id: 'd98f3e40a00c0f8d379e38329692a88b') in 0.0074644 seconds
Start importing Assets/StreamingAssets/GameFoundation/data/game/prog/prog.level_curve.json using Guid(742ae3657b7c5b043adc5643b4ab1f66) (DefaultImporter) -> (artifact id: '94ff2bb0a658c45e692600d8d71632e8') in 0.0010312 seconds
Start importing Assets/StreamingAssets/GameFoundation/data/_sample/fac/fac.faction.json using Guid(745ddefb83aceec4e830a2fc92d1fda0) (DefaultImporter) -> (artifact id: '63c04e2e0f0c25dfd7e98b9d16a9eeeb') in 0.007508 seconds
Start importing Assets/StreamingAssets/GameFoundation/data/_sample/encounter/encounter.def.json using Guid(c4a3cfd6be6414546b77960eaa59c209) (DefaultImporter) -> (artifact id: 'baf55bdae8e4e62d372a2c7a7e83c7bd') in 0.0072525 seconds
Start importing Assets/StreamingAssets/GameFoundation/assets/_placeholder/icons/icon_placeholder_skill_strike.png using Guid(f4c839a2f671b6348b315ba04c133ee1) (DefaultImporter) -> (artifact id: 'bfd83e38ab758e321bc3844c1d528ef3') in 0.007573 seconds
Start importing Assets/StreamingAssets/GameFoundation/data/_framework/found/found.game_state.json using Guid(f499fe4e40c682d4892bf2fa0bb25402) (DefaultImporter) -> (artifact id: 'ecce4c3d93dfbbbaca3d6b90965d5952') in 0.0069678 seconds
Start importing Assets/StreamingAssets/GameFoundation/sprites/placeholder_hero/side_r/body.png using Guid(15885fc70ef9ef9498714974283cf863) (DefaultImporter) -> (artifact id: '2d12dc404c11376cb1615e8d07af76a6') in 0.0055115 seconds
Start importing Assets/StreamingAssets/GameFoundation/data/_sample/item/item.slot_definition.json using Guid(25b4be2c495aaa045b28ff6a1a666e81) (DefaultImporter) -> (artifact id: '3ce99888ac57c8512a8e654b45e8967e') in 0.0098414 seconds
Start importing Assets/StreamingAssets/GameFoundation/sprites/creature_sample_hero/side_l/hand_main.png using Guid(257eedfb7ca011d41aeb30c94d65faa9) (DefaultImporter) -> (artifact id: '29cbc305a1f5f988e96e8f3b1f46e5ad') in 0.0055924 seconds
Start importing Assets/StreamingAssets/GameFoundation/assets/_placeholder/icons/icon_placeholder_tonic_rare.png using Guid(35e1391746cf1bc4db6369d615963868) (DefaultImporter) -> (artifact id: '4d97506ffd110a8e423487678ec2f2dd') in 0.0052522 seconds
Start importing Assets/StreamingAssets/GameFoundation/data/_sample/target/target.chain_def.json using Guid(4563ab76299120d40a20594fb51ea5fd) (DefaultImporter) -> (artifact id: 'bdaa5047d2bf52bbc1200c17d6ef9edd') in 0.0046508 seconds
Start importing Assets/StreamingAssets/GameFoundation/data/game/arch/arch.class.json using Guid(55d0cb4c3c068a349ae90ccb3623c325) (DefaultImporter) -> (artifact id: 'b6a576422594bf4c4ff58f722e5f01c3') in 0.0005278 seconds
Start importing Assets/StreamingAssets/GameFoundation/sprites/placeholder_beast/front_side_l/body.png using Guid(654a75ee1235ff34092943f4399dabe5) (DefaultImporter) -> (artifact id: '2d2cbbbdf925220a634d9b427874d1e3') in 0.0050892 seconds
Start importing Assets/StreamingAssets/GameFoundation/data/_sample/ui/ui_layout_definition.json using Guid(75b6ee796890a704b8ea8ebaf631e5e3) (DefaultImporter) -> (artifact id: '6f0ab3c17c029e78e78d776657105b2a') in 0.0079214 seconds
Start importing Assets/StreamingAssets/GameFoundation/sprites/creature_sample_beast/back/body.png using Guid(9514225cb2ebcfb40be13b17208188e8) (DefaultImporter) -> (artifact id: '4b68faa3d31ae6141583054418a5b4ff') in 0.0069172 seconds
Start importing Assets/StreamingAssets/GameFoundation/assets/_placeholder/ui/button_normal.png using Guid(95c59a4887684f2458369b4d4faf57e4) (DefaultImporter) -> (artifact id: 'a21a8bb51b301363e62aca74fb6060d6') in 0.005367 seconds
Start importing Assets/StreamingAssets/GameFoundation/sprites/placeholder_hero/back_side_r/head.png using Guid(a5ee8a9e1b358f34eb895e81202e0314) (DefaultImporter) -> (artifact id: 'a0e522273b230c9dabd980763c28fc66') in 0.0064796 seconds
Start importing Assets/StreamingAssets/GameFoundation/sprites/placeholder_beast/back_side_l/body.png using Guid(b5ee2dfdf9bd1d84a9c7406a20a11c16) (DefaultImporter) -> (artifact id: '28dd4dae0952d783638ed81c744eec93') in 0.0067429 seconds
Start importing Assets/StreamingAssets/GameFoundation/assets/_placeholder/icons/icon_placeholder_token.png using Guid(c5514bb741fe3a742aec77d6a0b88cdc) (DefaultImporter) -> (artifact id: '0f2a18786cf0fe13023b19ff2f0e0176') in 0.006542 seconds
Start importing Assets/StreamingAssets/GameFoundation/assets/_placeholder/ui/slot.png using Guid(d5bf4ac6d0d95be48ac234a8c0558480) (DefaultImporter) -> (artifact id: '2149b64abe459601e1c414a8dbc66530') in 0.0061151 seconds
Start importing Packages/com.unity.render-pipelines.universal/Editor/VFXGraph/Shaders/Templates/VFXParticleCube.template using Guid(16b454c8be4c1854fab1aa702812af16) (DefaultImporter) -> (artifact id: 'ee68e76b43db32a76c1779907168a5d3') in 0.0005375 seconds
Start importing Assets/StreamingAssets/GameFoundation/sprites/placeholder_hero/front_side_r/hand_main.png using Guid(16e8e9d618306fb49835ee004a1c5bd0) (DefaultImporter) -> (artifact id: 'fd5e2d28ece99b1c7438d7751ec02d23') in 0.0066031 seconds
Start importing Assets/StreamingAssets/GameFoundation/sprites/creature_sample_hero/front/hand_main.png using Guid(16daf62af20fe4b469e88fca2766c2d3) (DefaultImporter) -> (artifact id: 'afb9734dfe233621946b58d1119f04ed') in 0.0066824 seconds
Start importing Assets/StreamingAssets/GameFoundation/data/_sample/skill/skill.aura_def.json using Guid(36ab04e57cb209643b139772b7faa3d0) (DefaultImporter) -> (artifact id: '042a910854d5442a11082772592fae08') in 0.0077931 seconds
Start importing Assets/StreamingAssets/GameFoundation/data/_sample/ai/ai.rotation.json using Guid(368cd94dce823f84f97b22133d93482e) (DefaultImporter) -> (artifact id: 'fa9898da26a5d3b2de255dfdef4801c9') in 0.0052965 seconds
Start importing Assets/StreamingAssets/GameFoundation/assets/_placeholder/smoke/smoke_workflow_api.json using Guid(76dbd366b81e9af47922009d26fd169a) (DefaultImporter) -> (artifact id: 'f2569459e40ff92abc4cd1d8cc9d66fe') in 0.0063433 seconds
Start importing Assets/StreamingAssets/GameFoundation/assets/_placeholder/ui/button_pressed.png using Guid(d68f763bb2d2ceb4e86d2188fa5856d8) (DefaultImporter) -> (artifact id: '289fe845bc134011220cd52f923512fc') in 0.0051803 seconds
Start importing Assets/StreamingAssets/GameFoundation/assets/_placeholder/sfx/cast_01.wav using Guid(e62894ac42b72b047816d46baccd9975) (DefaultImporter) -> (artifact id: '9e3cd3b371a3d226ff7bb2eb30465d61') in 0.0072972 seconds
Start importing Assets/StreamingAssets/GameFoundation/sprites/creature_sample_beast/front_side_l/body.png using Guid(f696b3a16b6acd945b07ebb82414524c) (DefaultImporter) -> (artifact id: '7ac8c7609007f094e971d6987b6686b8') in 0.0083988 seconds
Start importing Assets/StreamingAssets/GameFoundation/data/_sample/camera/camera_profile.json using Guid(07d334521be22e34890cf1936e08c242) (DefaultImporter) -> (artifact id: '65207f239574d18bcce5f6dc132bc1ec') in 0.0047353 seconds
Start importing Assets/StreamingAssets/GameFoundation/data/game/diff/diff.tier.json using Guid(07cfc2a2cbd6af148864fffa304beb67) (DefaultImporter) -> (artifact id: 'ed3ab9a37792b1ec815e107c4dfd7a36') in 0.000551 seconds
Start importing Assets/StreamingAssets/GameFoundation/assets/_placeholder/ui/bar_fill.png using Guid(57d6d267fbba7914b841e1f72324945f) (DefaultImporter) -> (artifact id: '4d575c633b9c7e91d1b41bd4ba8ecaf7') in 0.0047792 seconds
Start importing Packages/com.unity.render-pipelines.universal/Editor/VFXGraph/Shaders/Templates/VFXParticleLitPlanarPrimitive.template using Guid(571ac9b288ab81e4c9c3aad150d6cb3e) (DefaultImporter) -> (artifact id: 'b76aa4ef9fa1d1062e93887e2d1d0883') in 0.0008519 seconds
Start importing Packages/com.unity.render-pipelines.universal/Editor/VFXGraph/Shaders/Templates/VFXParticlePoints.template using Guid(677f238dc37937045b856e9468e21666) (DefaultImporter) -> (artifact id: '3998e5f2e93d0711504d6a38b7c00d7c') in 0.0005664 seconds
Start importing Assets/StreamingAssets/GameFoundation/sprites/placeholder_hero/front/head.png using Guid(77a9921f1a292474d9eea9f06e3e87e5) (DefaultImporter) -> (artifact id: '2895a0dd73fc296e5ea51460ff23cd87') in 0.00489 seconds
Start importing Assets/StreamingAssets/GameFoundation/assets/_placeholder/icons/icon_placeholder_blade.png using Guid(77fefacdb11b6e14f98a41cc5401b37a) (DefaultImporter) -> (artifact id: 'acf553da28844288f435d70af6b0b77c') in 0.0071715 seconds
Start importing Packages/com.unity.render-pipelines.universal/Editor/VFXGraph/Shaders/Templates/VFXParticleURPDecal.template using Guid(c7a8c3a8c44540639fe72b8ba1c8d176) (DefaultImporter) -> (artifact id: '4b19c7e034c2ebe4961bab1279edceb5') in 0.0005793 seconds
Start importing Assets/StreamingAssets/GameFoundation/data/_sample/found/found.time_model.json using Guid(f7edfc819b081a946a367b473b311928) (DefaultImporter) -> (artifact id: '0777b5fa3255296214ef7b931f132e94') in 0.0068769 seconds
Start importing Assets/StreamingAssets/GameFoundation/sprites/placeholder_hero/front_side_r/body.png using Guid(2855c3575c597a747b603645d74c710a) (DefaultImporter) -> (artifact id: 'db02ea572bd7a7b614503b6714e343b2') in 0.006623 seconds
Start importing Assets/StreamingAssets/GameFoundation/sprites/creature_sample_hero/front_side_r/hand_main.png using Guid(28cfac18ef1e8e64a9d7b8d4f381eed9) (DefaultImporter) -> (artifact id: '2bfd858e98a20cbb5270f6f02f8fc3b4') in 0.0075224 seconds
Start importing Assets/StreamingAssets/GameFoundation/sprites/creature_sample_hero/side_r/body.png using Guid(58ec448ba10dc24438b982fc56287d26) (DefaultImporter) -> (artifact id: '29976f07e01a2859f03cb39b07072240') in 0.0073119 seconds
Start importing Assets/StreamingAssets/GameFoundation/data/_sample/diff/diff.tier.json using Guid(78c5211699078014e97d3a40b97c3e5e) (DefaultImporter) -> (artifact id: 'b52f0f8b50b7fa9f19674e175c53d03f') in 0.0081837 seconds
Start importing Assets/StreamingAssets/GameFoundation/data/_framework/found/found.hook.json using Guid(8820614453587f74c8fab4b1835f0981) (DefaultImporter) -> (artifact id: '73e805754f1c5184086a22596e5696df') in 0.0064383 seconds
Start importing Packages/com.unity.render-pipelines.universal/Editor/VFXGraph/Shaders/Templates/VFXParticleDecal.template using Guid(b8fd50c1927bb714b8fe5141cb40f34a) (DefaultImporter) -> (artifact id: '573d12330f8280a50e77efd51834763d') in 0.000586 seconds
Start importing Assets/StreamingAssets/GameFoundation/sprites/creature_sample_hero/side_l/body.png using Guid(c895dd585d1accd4b8861963212c5edf) (DefaultImporter) -> (artifact id: '69698c2483e9921369efbdfe8e7aa7e5') in 0.0058527 seconds
Start importing Assets/StreamingAssets/GameFoundation/data/_sample/arch/arch.power_type.json using Guid(c81c199c322048741be42b79b38398a4) (DefaultImporter) -> (artifact id: '0c5cefbcc97e24c77613a7a1868173f2') in 0.0077178 seconds
Start importing Assets/StreamingAssets/GameFoundation/sprites/placeholder_hero/back_side_r/body.png using Guid(d8619a051f7b45e4e959cc45d0a70e76) (DefaultImporter) -> (artifact id: '1273a7413a920566791b94c67e4bb1a0') in 0.0055693 seconds
Start importing Assets/StreamingAssets/GameFoundation/sprites/creature_sample_hero/front_side_l/head.png using Guid(d883f03f4b8cd2c46b962421f0172143) (DefaultImporter) -> (artifact id: '88bb0fde7d79f1c8dd5eab64dff08a77') in 0.0069958 seconds
Start importing Assets/StreamingAssets/GameFoundation/assets/_placeholder/ui/bar_bg.png using Guid(d81446197864090488b612d6597084c1) (DefaultImporter) -> (artifact id: 'fa80702f4d5d1b14b4496e330f4c936e') in 0.004898 seconds
Start importing Assets/StreamingAssets/GameFoundation/data/_sample/vfx/vfx.def.json using Guid(e869b9213295e7f459134e58439e6d6d) (DefaultImporter) -> (artifact id: '907a978923e44e0a8b630fae1ae39f56') in 0.0058212 seconds
Start importing Assets/StreamingAssets/GameFoundation/assets/_placeholder/icons/icon_placeholder_blade_rare.png using Guid(f8a9072a5ee8f9c4a920d7de2c9616ce) (DefaultImporter) -> (artifact id: '7c5416149a04e13745b76d2a20b716e6') in 0.0052805 seconds
Start importing Assets/StreamingAssets/GameFoundation/data/_sample/skill/skill.spell_mod_def.json using Guid(a9da3b7cb4dbe6c4fa6009c0a31c88a6) (DefaultImporter) -> (artifact id: '7a37aa500bbe463036ead62484c783b0') in 0.0050205 seconds
Start importing Assets/StreamingAssets/GameFoundation/data/_sample/achv/achv.def.json using Guid(b9495732368ba614faa7a1f3c97bcee1) (DefaultImporter) -> (artifact id: '7bce24788a33b95ac6b95693eac5381a') in 0.0057213 seconds
Start importing Assets/StreamingAssets/GameFoundation/sprites/placeholder_beast/front_side_r/body.png using Guid(d9920aafc8070a84182ff7a38ef30a54) (DefaultImporter) -> (artifact id: 'dba33a626162af0fb146f1e70d6d67d7') in 0.0051964 seconds
Start importing Assets/StreamingAssets/GameFoundation/assets/_placeholder/sfx/pickup_01.wav using Guid(0abb9d0523556e6459f1a65b53e1f6ed) (DefaultImporter) -> (artifact id: 'e9643b43744fafc127d9b76c5f35ca2c') in 0.0064127 seconds
Start importing Assets/StreamingAssets/GameFoundation/sprites/creature_sample_hero/back_side_r/hand_main.png using Guid(3a38f21688292ea40864497e2c01405c) (DefaultImporter) -> (artifact id: '0a978954beec780b1e0b79be44b68361') in 0.007039 seconds
Start importing Assets/StreamingAssets/GameFoundation/data/game/l10n/l10n.text.json using Guid(3afb1c77d1b26e0478148bd2af73cb42) (DefaultImporter) -> (artifact id: '6f37a454f75df96ddba4ce157dec0d51') in 0.0005354 seconds
Start importing Assets/StreamingAssets/GameFoundation/data/_sample/ai/ai.behavior_profile.json using Guid(4a29423592ca4b145a9bc601d8ccdb0b) (DefaultImporter) -> (artifact id: '5147daf41539598d12782f7a87d8cc86') in 0.0062631 seconds
Start importing Assets/StreamingAssets/GameFoundation/sprites/placeholder_hero/back/head.png using Guid(7a6dab49a50cdfe45933d802193ad4e5) (DefaultImporter) -> (artifact id: 'bb8fb2b46c979c9f11f369a89e98eeeb') in 0.0060672 seconds
Start importing Assets/StreamingAssets/GameFoundation/data/_sample/display/display.weapon_style.json using Guid(8af574a90b9e4024e91410279c88782c) (DefaultImporter) -> (artifact id: '324c6e5b228ec137c7b55eb478718eb1') in 0.0055281 seconds
Start importing Assets/StreamingAssets/GameFoundation/data/_sample/gobj/gobj.template.json using Guid(ca5f4a7c7f7c17a4f81fa79220ea61de) (DefaultImporter) -> (artifact id: 'f3e2c143b8fbb2bb742fd6f6fe94c53d') in 0.0063772 seconds
Start importing Assets/StreamingAssets/GameFoundation/sprites/creature_sample_hero/side_r/hand_main.png using Guid(eae8f2b4e949387458965c3d6ff56781) (DefaultImporter) -> (artifact id: 'ca5af6c60ded2d739a1c958e7c7f8144') in 0.0083316 seconds
Start importing Assets/StreamingAssets/GameFoundation/data/game/combat/combat.resist_curve.json using Guid(faa5ff369aec77b429271870e82cee92) (DefaultImporter) -> (artifact id: '966602ba2ea47ba6f48038638f211d11') in 0.0005756 seconds
Start importing Assets/StreamingAssets/GameFoundation/data/_sample/skill/skill.book.json using Guid(0b98a151285db6843abaff7b6f985eb3) (DefaultImporter) -> (artifact id: 'fa978af79f58ff06d2f056499762bada') in 0.0063054 seconds
Start importing Assets/StreamingAssets/GameFoundation/sprites/placeholder_beast/back/body.png using Guid(0b3df6c41b486964a87767958275e996) (DefaultImporter) -> (artifact id: '3b45da04cb58f61d429c3955b90209f0') in 0.0069356 seconds
Start importing Assets/StreamingAssets/GameFoundation/data/game/found/found.time_model.json using Guid(1bf0ea5a9517e63468286ef683c922f2) (DefaultImporter) -> (artifact id: '85defd3c8882fea09b2d587532dfe562') in 0.0017184 seconds
Start importing Assets/StreamingAssets/GameFoundation/data/_sample/display/display.anim_set.json using Guid(3b9edd9903237c348a8ea6da5abaaed6) (DefaultImporter) -> (artifact id: 'd6289d62cd03ae290611d5405aa92591') in 0.0044748 seconds
Start importing Assets/StreamingAssets/GameFoundation/data/_sample/display/display.map.json using Guid(3bfe26f55f0865a4a896c2191a81d807) (DefaultImporter) -> (artifact id: '327cfa10255465351fc29385a2c97f57') in 0.0164607 seconds
Start importing Assets/StreamingAssets/GameFoundation/sprites/placeholder_hero/side_r/hand_main.png using Guid(5bdba96871d2fb849abf088a0d4db22f) (DefaultImporter) -> (artifact id: '8b3c5f51f5321c0cc0d8b72a485395ae') in 0.0096156 seconds
Start importing Assets/StreamingAssets/GameFoundation/assets/_placeholder/sfx/hit_02.wav using Guid(6ba63709366ab08429203a32d93da3b7) (DefaultImporter) -> (artifact id: 'a3f890c525c1f57620a3fdd9d89d4ed4') in 0.0246452 seconds
Start importing Assets/StreamingAssets/GameFoundation/data/_framework/found/found.input_action.json using Guid(6b1e2a367eb34dc44888d432419b3f83) (DefaultImporter) -> (artifact id: '4d17cac88ecd348df0129ee4ab1c9d23') in 0.0050445 seconds
Start importing Assets/StreamingAssets/GameFoundation/assets/_placeholder/sfx/ui_click_01.wav using Guid(db053059b987f0c4e8d8581dddc0ed71) (DefaultImporter) -> (artifact id: '0d421da91da4c4bd18b28de513e83440') in 0.0123781 seconds
Start importing Assets/StreamingAssets/GameFoundation/data/game/l10n/l10n.locale.json using Guid(fb01540eecc955b40978f65438fd09e7) (DefaultImporter) -> (artifact id: '88200469ad991ea50b653f7f86948c1c') in 0.0007305 seconds
Start importing Assets/StreamingAssets/GameFoundation/sprites/creature_sample_hero/back/hand_main.png using Guid(1c0c715f3f1cd0b48b568e5a1ca2ce49) (DefaultImporter) -> (artifact id: '21cc8fb7e57f6874efda2267e5c6397d') in 0.009368 seconds
Start importing Assets/StreamingAssets/GameFoundation/sprites/creature_sample_hero/back_side_l/hand_main.png using Guid(1cec75f1a0c8b864eab9280b9b997713) (DefaultImporter) -> (artifact id: '2098ca7b19c782369f8c76ea5ab9330c') in 0.0052032 seconds
Start importing Packages/com.unity.render-pipelines.universal/Editor/VFXGraph/Shaders/Templates/VFXParticleLinesHW.template using Guid(1c9e0e166435ac24eacc5a8f047aff75) (DefaultImporter) -> (artifact id: '019d5ce01901152435803675b00f96f5') in 0.0007126 seconds
Start importing Assets/StreamingAssets/GameFoundation/assets/_placeholder/smoke/smoke_2026-09-04.png using Guid(2c4a446eb490345438874505127c08f8) (DefaultImporter) -> (artifact id: '9b4a03c01135e76114c10bbd4a5f92e4') in 0.0049133 seconds
Start importing Assets/StreamingAssets/GameFoundation/sprites/creature_sample_hero/back/head.png using Guid(4c82227be951f77479aa365a0866d376) (DefaultImporter) -> (artifact id: '4263de7bef089c209cd83772ae3fe9f3') in 0.0077594 seconds
Start importing Assets/StreamingAssets/GameFoundation/data/_sample/feedback/feedback.floating_text_style.json using Guid(4c264b6081147044c887f30cf657eeaa) (DefaultImporter) -> (artifact id: '474064f8131037d520703498fe270057') in 0.0059709 seconds
Start importing Assets/StreamingAssets/GameFoundation/sprites/placeholder_hero/front/body.png using Guid(4c89f6f99a8771f44a6ca0f733819434) (DefaultImporter) -> (artifact id: '60a9770b08671917c296ce74b333aff7') in 0.0041561 seconds
Start importing Assets/StreamingAssets/GameFoundation/data/game/fac/fac.faction.json using Guid(4c5bf062a4a0d39468ce2bf231e12572) (DefaultImporter) -> (artifact id: 'be89385186d1c77c76eb05193af869cb') in 0.0004994 seconds
Start importing Assets/StreamingAssets/GameFoundation/data/_sample/gobj/gobj.lock.json using Guid(5c9113dc03d5c894583ff15d81e326ce) (DefaultImporter) -> (artifact id: '3a256bd49f552059f102dd9da017fab0') in 0.0092666 seconds
Start importing Assets/StreamingAssets/GameFoundation/data/_sample/sfx/sfx.def.json using Guid(5cbf46c8b2525cf4ba90534079afd012) (DefaultImporter) -> (artifact id: '4ef68d8193ff58d525b0edb5c84aa441') in 0.0060394 seconds
Start importing Assets/StreamingAssets/GameFoundation/sprites/placeholder_hero/side_r/head.png using Guid(6ce6c03dd7a26f84f833cf186edeeee4) (DefaultImporter) -> (artifact id: 'c5c96254da6d420bd9187ab5fbeee1ef') in 0.0051201 seconds
Start importing Assets/StreamingAssets/GameFoundation/data/_sample/skill/skill.def.json using Guid(6c1ec5ab27cc10a4493148ccaf0c508d) (DefaultImporter) -> (artifact id: 'f0b08de6605be2fa1f08f1cdee8a4d76') in 0.0054174 seconds
Start importing Assets/StreamingAssets/GameFoundation/sprites/creature_sample_hero/back_side_r/head.png using Guid(8cc875757ab8818498b8c3122f252082) (DefaultImporter) -> (artifact id: '1ab3cdefabae43513d2614ddd507fbed') in 0.0063378 seconds
Start importing Assets/StreamingAssets/GameFoundation/data/_framework/found/found.event_catalog.json using Guid(9c6623c96c7f98143b388ce8d210657f) (DefaultImporter) -> (artifact id: '85a5aa6f362df0c98f1cc5e59bb017ea') in 0.0049694 seconds
Start importing Assets/StreamingAssets/GameFoundation/data/_sample/item/item.quality_definition.json using Guid(bc40dd2b78bc1b14281dd73bf3839b70) (DefaultImporter) -> (artifact id: 'a7c78b02f04c19f805a55d246d0db91c') in 0.0046369 seconds
Start importing Assets/StreamingAssets/GameFoundation/data/_sample/world/world.map.json using Guid(bc1ec4fdc1bdeba45807aa15a03cf38c) (DefaultImporter) -> (artifact id: 'c29574bd288181de4efc044ac42e68c7') in 0.0069291 seconds
Start importing Assets/StreamingAssets/GameFoundation/sprites/creature_sample_hero/front/head.png using Guid(ec535355e42b8fa4f86df44b0092030b) (DefaultImporter) -> (artifact id: '649442634c626c5cec366a4f8d33b7d0') in 0.0059904 seconds
Start importing Assets/StreamingAssets/GameFoundation/data/_sample/spawn/spawn.table.json using Guid(eca98a209287c6f42ab1c806e326be22) (DefaultImporter) -> (artifact id: '614b3894a3be0217f982c8aa814012e6') in 0.0070516 seconds
Start importing Assets/StreamingAssets/GameFoundation/assets/_placeholder/icons/icon_placeholder_token_rare.png using Guid(ec6d5272c3d12f747ad0216bbb863b9c) (DefaultImporter) -> (artifact id: 'b08809ce55373729ab311b611defbd7e') in 0.0060932 seconds
Start importing Assets/StreamingAssets/GameFoundation/data/_sample/dialog/dialog.story_tree.json using Guid(0d9b66851c5ee384e9bfc37778179fab) (DefaultImporter) -> (artifact id: '34cf03396c03a83137b70fa1c93c0b59') in 0.0062292 seconds
Start importing Assets/StreamingAssets/GameFoundation/assets/_placeholder/sfx/level_up_01.wav using Guid(1de05e8dd0c63284c952b5e1e84932a7) (DefaultImporter) -> (artifact id: '4ab28177181ee85731cad018bcda26e6') in 0.0063662 seconds
Start importing Assets/StreamingAssets/GameFoundation/sprites/placeholder_beast/back_side_r/body.png using Guid(1d3dfe9768ba31a45be068d3fb7ae716) (DefaultImporter) -> (artifact id: '48af86c789b53af024875b6372a4ebf6') in 0.0070294 seconds
Start importing Assets/StreamingAssets/GameFoundation/data/game/stat/stat.definition.json using Guid(2d0a1cb004043c2409e0716b8f31fdbd) (DefaultImporter) -> (artifact id: '5c57c83c86cb4dceee48aa9be3256546') in 0.0005287 seconds
Start importing Assets/StreamingAssets/GameFoundation/data/_sample/item/item.budget_curve.json using Guid(3d4307be05f8f6241b7ca279c8cea587) (DefaultImporter) -> (artifact id: 'c73628b758eb88dfa0ecdea0f56ea363') in 0.0048891 seconds
Start importing Assets/StreamingAssets/GameFoundation/data/_sample/stat/stat.definition.json using Guid(3d9c87672f831f947bea216571d353f6) (DefaultImporter) -> (artifact id: 'b9d243bbba10792c6cd082834ae79799') in 0.0055735 seconds
Start importing Assets/StreamingAssets/GameFoundation/assets/_placeholder/sfx/swing_01.wav using Guid(5d70acc6d2bdeb34b900d0960bd61531) (DefaultImporter) -> (artifact id: '4a61962eb56029eda547de4e66007e6b') in 0.0056226 seconds
Start importing Assets/StreamingAssets/GameFoundation/sprites/placeholder_hero/back/body.png using Guid(6d64ecb622d91d84da4e7e5c4938c0d4) (DefaultImporter) -> (artifact id: 'ccf74dcb5ec5a0ad38c7ed204ebe59e6') in 0.0059276 seconds
Start importing Assets/StreamingAssets/GameFoundation/assets/_placeholder/fonts/README.md using Guid(8de5fb37a5730154d832556923628485) (DefaultImporter) -> (artifact id: '6a36b55464d08a757b167d0f28f275e0') in 0.0055521 seconds
Start importing Assets/StreamingAssets/GameFoundation/data/_sample/arch/arch.talent_tree.json using Guid(ad03eb6983b2b794baa3469aa7b97dc6) (DefaultImporter) -> (artifact id: 'f7e6c8a65f12f5a174ed9e52ead45b0e') in 0.0053438 seconds
Start importing Assets/StreamingAssets/GameFoundation/sprites/creature_sample_hero/front_side_r/head.png using Guid(bdc1dfd507fc1e242904f6b761985b07) (DefaultImporter) -> (artifact id: '9e7d32d299d29be1e0ef94fff35adcab') in 0.0109478 seconds
Start importing Assets/StreamingAssets/GameFoundation/data/_sample/l10n/l10n.locale.json using Guid(bd2d51c05f061464c821ac3dcf7356db) (DefaultImporter) -> (artifact id: '0daf5f05a135fe78166acd57bab8cc25') in 0.0047657 seconds
Start importing Assets/StreamingAssets/GameFoundation/sprites/creature_sample_hero/back_side_l/body.png using Guid(fd0e9bd15745b3b4387b35ad03d88149) (DefaultImporter) -> (artifact id: '62df6d1d697c0e121a5f64b324b70813') in 0.0053065 seconds
Start importing Assets/StreamingAssets/GameFoundation/data/_framework/arch/arch.power_type.json using Guid(0e527c8b29c584141a8a3b5c86998115) (DefaultImporter) -> (artifact id: 'c9b81089c41e8fd94f6eb71a8ff21791') in 0.0068883 seconds
Start importing Assets/StreamingAssets/GameFoundation/sprites/creature_sample_beast/side_l/body.png using Guid(4eec176583e5a0345b830a160ec641bb) (DefaultImporter) -> (artifact id: 'fe95eae182dcab4ba7b054d655f685b7') in 0.0070992 seconds
Start importing Assets/StreamingAssets/GameFoundation/sprites/creature_sample_hero/side_r/head.png using Guid(5e54ca10beb390e45a8bea16a4c95041) (DefaultImporter) -> (artifact id: 'd1c31d4fd1d1b73f420c831def45ae1e') in 0.0051088 seconds
Start importing Packages/com.unity.render-pipelines.universal/Editor/VFXGraph/Shaders/Templates/VFXPassDepthCommonFragmentLit.template using Guid(5e151e0faedc4a8ea681032f3bd79061) (DefaultImporter) -> (artifact id: '526f0464b3769fc48d4fe931feb60497') in 0.000543 seconds
Start importing Assets/StreamingAssets/GameFoundation/assets/_placeholder/fonts/LICENSE-OFL.txt using Guid(5e555e79173dc7845ae0e2860709e5a8) (DefaultImporter) -> (artifact id: '1c0aad28280db830d44e000a5dec4971') in 0.0138074 seconds
Start importing Assets/StreamingAssets/GameFoundation/data/game/item/item.budget_curve.json using Guid(6ed7f84fa8628f84086b2dd3380dc276) (DefaultImporter) -> (artifact id: '1b7b622de89ba1017031962221a1ca25') in 0.000517 seconds
Start importing Packages/com.unity.render-pipelines.universal/Editor/VFXGraph/Shaders/Templates/VFXParticleLitMesh.template using Guid(7edabebf429ea534a8a5bbdf10b327d1) (DefaultImporter) -> (artifact id: 'c7835fc2e7c51394319b8feba76cc469') in 0.0004101 seconds
Start importing Assets/StreamingAssets/GameFoundation/sprites/placeholder_beast/side_l/body.png using Guid(8ebfb948e572c294094caa310fdedec2) (DefaultImporter) -> (artifact id: 'c257853e65545bd5f3267b32656c9f69') in 0.006011 seconds
Start importing Assets/StreamingAssets/GameFoundation/assets/_placeholder/sfx/hit_01.wav using Guid(be7486099f5410e49b38eab085fd20b6) (DefaultImporter) -> (artifact id: '71a05bfb7b27543ef4def04c38e37e6d') in 0.0061388 seconds
Start importing Assets/StreamingAssets/GameFoundation/sprites/creature_sample_hero/front/body.png using Guid(fe7821f33f54bdc458c718719bbacda3) (DefaultImporter) -> (artifact id: 'a228e04afb286a639e174a758cbc6ccb') in 0.00493 seconds
Start importing Assets/StreamingAssets/GameFoundation/sprites/creature_sample_hero/front_side_l/hand_main.png using Guid(fe2966e7fb7aa8643aad3922701896c7) (DefaultImporter) -> (artifact id: 'd8ec9397907d9bb5303c7abfffa1abb5') in 0.0054714 seconds
Start importing Assets/StreamingAssets/GameFoundation/data/game/combat/combat.hit_table_config.json using Guid(0fac12876b6d57e418aef600f919cc47) (DefaultImporter) -> (artifact id: 'a8b11f9a6da8db4b4210717be060cdab') in 0.0006082 seconds
Start importing Assets/StreamingAssets/GameFoundation/data/_sample/econ/econ.vendor.json using Guid(1ff7e22ff0bac0744ab3d220df319bbc) (DefaultImporter) -> (artifact id: 'e464d3b861e77e224e52e3b00bde1971') in 0.0067217 seconds
Start importing Assets/StreamingAssets/GameFoundation/sprites/creature_sample_beast/front/body.png using Guid(1f893badbb740ec49b7fbcace058f8c2) (DefaultImporter) -> (artifact id: '625f164407cbaa40f6360d10bc8c7659') in 0.005031 seconds
Start importing Assets/StreamingAssets/GameFoundation/assets/_placeholder/icons/icon_placeholder_skill_burn_rare.png using Guid(3f9f11f7c27d3b94389a41498b64524d) (DefaultImporter) -> (artifact id: '715f5cbd0c7a8a0a07a7d6fd1bd833d6') in 0.0083289 seconds
Start importing Assets/StreamingAssets/GameFoundation/data/game/shell/shell_menu_definition.json using Guid(5f0d3251119452d478819d065d9afcf7) (DefaultImporter) -> (artifact id: 'b800acfb511cd6e4091ede9461414a67') in 0.0005108 seconds
Start importing Assets/StreamingAssets/GameFoundation/assets/_placeholder/ui/panel_9slice.png using Guid(aff1211d077d5cc44927f70fce41bdc3) (DefaultImporter) -> (artifact id: '79876d58b04a4026b5847585ee644691') in 0.0061663 seconds
Start importing Packages/com.unity.shadergraph/Editor/Generation/Targets/CustomRenderTexture/CustomTextureSubShader.template using Guid(afa536a0de48246de92194c9e987b0b8) (DefaultImporter) -> (artifact id: 'a80c640364d273ee5c5f6ce4c327de7a') in 0.0005407 seconds
Start importing Assets/StreamingAssets/GameFoundation/data/_sample/l10n/l10n.text.json using Guid(bfd61182a6c15e644b419526f3687626) (DefaultImporter) -> (artifact id: '6c460380f6e8bdc21ea8b8749931fab3') in 0.0061351 seconds
Start importing Packages/com.unity.render-pipelines.universal/Editor/VFXGraph/Shaders/Templates/VFXParticlePlanarPrimitive.template using Guid(bf2c8e09bda2786468d6b49e9f5422bb) (DefaultImporter) -> (artifact id: '23af9de992097ef304d75d1c380533df') in 0.0005332 seconds
Start importing Assets/StreamingAssets/GameFoundation/assets/_placeholder/music/loop_01.wav using Guid(cf9929b3aa438bf4c8dccf95f45b13c1) (DefaultImporter) -> (artifact id: 'd7ecd907990c3fd196cac34b93fd8dfa') in 0.0065076 seconds
Start importing Assets/StreamingAssets/GameFoundation/data/_sample/creature/creature.tier_definition.json using Guid(df9ef238134247d4e96c9eaf1fa51097) (DefaultImporter) -> (artifact id: '7a2f13a7d29ca8c5dde3c91a380f17eb') in 0.0062001 seconds
Start importing Assets/StreamingAssets/GameFoundation/data/_sample/combat/combat.resist_curve.json using Guid(efa2fff5037298a4d9f488fcaebdc5fa) (DefaultImporter) -> (artifact id: '612d12b3ed32c58de7d019b7687f9de3') in 0.0060256 seconds
Start importing Assets/StreamingAssets/GameFoundation/assets/_placeholder/vfx/hit_spark/frame_02.png using Guid(1014575d1283be3438f7ad5f1d0a4ca0) (DefaultImporter) -> (artifact id: 'c4dbc46654165c7679815fb6d260c670') in 0.0064666 seconds
Start importing Packages/com.unity.render-pipelines.universal/Editor/VFXGraph/Shaders/Templates/URPDecal/PassScreenSpace.template using Guid(4059f0b867f24f38b3d2baed5de3cc8c) (DefaultImporter) -> (artifact id: '07a60572266019ed67ff1532c68ebb13') in 0.0006197 seconds
Start importing Packages/com.unity.render-pipelines.universal/Editor/VFXGraph/Shaders/Templates/ParticlePlanarPrimitivesLit/PassVelocity.template using Guid(40cf578c410cce34895b4a55f12d31d1) (DefaultImporter) -> (artifact id: 'f6f7f4d542a1086c504babab28cab307') in 0.0004601 seconds
Start importing Packages/com.unity.render-pipelines.universal/Editor/VFXGraph/Shaders/Templates/ParticlePlanarPrimitives/PassForward2D.template using Guid(60e6c40c533c7ed4fbf6a90081f0e415) (DefaultImporter) -> (artifact id: '970420d39c3869852cdff492506749d1') in 0.0004358 seconds
Start importing Packages/com.unity.render-pipelines.universal/Editor/VFXGraph/Shaders/Templates/ParticlePoints/PassForward2D.template using Guid(909b99072e12b6248b33e572f4c04095) (DefaultImporter) -> (artifact id: '09cc7a28825484331710ceb0967a1ff0') in 0.0003689 seconds
Start importing Assets/StreamingAssets/GameFoundation/assets/_placeholder/maps/placeholder_field/nav_hint.png using Guid(d0cf9dbd892224d4ea3f17f3e6ac4f34) (DefaultImporter) -> (artifact id: '6d10bc34f0725854f84bbe1a73bd1433') in 0.0050912 seconds
Start importing Packages/com.unity.render-pipelines.universal/Editor/VFXGraph/Shaders/Templates/ParticlePlanarPrimitivesLit/PassSelection.template using Guid(01ac01709d809ff46966b98b9ec1104d) (DefaultImporter) -> (artifact id: '181618a4b5ec974888f42ddd08435b51') in 0.000559 seconds
Start importing Packages/com.unity.render-pipelines.universal/Editor/VFXGraph/Shaders/Templates/ParticleMeshesLit/PassSelection.template using Guid(915f7a9ae9b5ab542b48b313dbf0489c) (DefaultImporter) -> (artifact id: '935caa3e58fc7b527a8e18dcf804b0d3') in 0.0003957 seconds
Start importing Packages/com.unity.render-pipelines.universal/Editor/VFXGraph/Shaders/Templates/URPDecal/PassDBuffer.template using Guid(b1a0121f4ab34ed9a0480537b0f8e6f5) (DefaultImporter) -> (artifact id: 'bad844d47b87afc232c9852eafbe1644') in 0.0003838 seconds
Start importing Assets/StreamingAssets/GameFoundation/assets/_placeholder/vfx/burn/atlas.png using Guid(3283c5b2dc54c8b42b360561ec08a73c) (DefaultImporter) -> (artifact id: '832bfa79ed400aceed36395f365f6c32') in 0.005527 seconds
Start importing Packages/com.unity.render-pipelines.universal/Editor/VFXGraph/Shaders/Templates/ParticleLinesSW/PassForward2D.template using Guid(526188e7c1965614aa36043f95c18390) (DefaultImporter) -> (artifact id: '744592bda9a31e478ebe708b1c98ada8') in 0.0005532 seconds
Start importing Packages/com.unity.render-pipelines.universal/Editor/VFXGraph/Shaders/Templates/URPDecal/PassGBuffer.template using Guid(92bae492fd0c48fca15a3c15dc732416) (DefaultImporter) -> (artifact id: '51f5a05fc163c6dd87c66c22d51b9664') in 0.0004847 seconds
Start importing Packages/com.unity.render-pipelines.universal/Editor/VFXGraph/Shaders/Templates/ParticleMeshesLit/PassDepth.template using Guid(23f922a362522a540b38b85bb2a5353f) (DefaultImporter) -> (artifact id: '12ac5fcb2f97f770c3e57737a2de0281') in 0.0004357 seconds
Start importing Packages/com.unity.render-pipelines.universal/Editor/VFXGraph/Shaders/Templates/ParticleLines/PassForward2D.template using Guid(f3ec7f3c24cdbba49986aa6478b5867f) (DefaultImporter) -> (artifact id: 'ec9b43fad5b799cabf3a44d12f4ff06d') in 0.0003695 seconds
Start importing Assets/StreamingAssets/GameFoundation/assets/_placeholder/maps/placeholder_field/overlay.png using Guid(24cd5281e20fee04fa4d48ec94a52c50) (DefaultImporter) -> (artifact id: 'a95b5b925aed84052ff6e682abc8e1d5') in 0.0074908 seconds
Start importing Packages/com.unity.render-pipelines.universal/Editor/VFXGraph/Shaders/Templates/ParticlePlanarPrimitivesLit/PassDepthNormal.template using Guid(341677e7847d0874abedb1fc1748b2cf) (DefaultImporter) -> (artifact id: 'ff2a11c073eeabbe98497708bae4a133') in 0.0005632 seconds
Start importing Packages/com.unity.render-pipelines.universal/Editor/VFXGraph/Shaders/Templates/ParticleMeshesLit/PassDepthNormal.template using Guid(75feef1dfebc40e4697124cb20d3f4fe) (DefaultImporter) -> (artifact id: 'da99c9a692059cdcb6d1a5de2fe88c34') in 0.0003982 seconds
Start importing Assets/StreamingAssets/GameFoundation/assets/_placeholder/vfx/burn/frames.json using Guid(8574f43b3004df04caa314a753600a1b) (DefaultImporter) -> (artifact id: '544395e9c47029fdf422d291c8b88071') in 0.0063166 seconds
Start importing Assets/StreamingAssets/GameFoundation/assets/_placeholder/vfx/burn/frame_04.png using Guid(95c35a775e80f35468fe566a818feef1) (DefaultImporter) -> (artifact id: '51bb3b436aa79353992b1676ce3c6239') in 0.0068007 seconds
Start importing Assets/StreamingAssets/GameFoundation/assets/_placeholder/vfx/cast_circle/frame_07.png using Guid(95e33e0ee6bcea54e9f2b43ea5afad15) (DefaultImporter) -> (artifact id: '12ecb114ef324602fdb1f269a01e889c') in 0.0059012 seconds
Start importing Packages/com.unity.render-pipelines.universal/Editor/VFXGraph/Shaders/Templates/ParticleMeshesLit/PassDepthOrMV.template using Guid(a55128324929eba40884977cd5c1669e) (DefaultImporter) -> (artifact id: 'b6da10492e111421945f3c9480373e26') in 0.0005823 seconds
Start importing Assets/StreamingAssets/GameFoundation/assets/_placeholder/vfx/burn/frame_01.png using Guid(a51c8857d43392041b86563d61095d3b) (DefaultImporter) -> (artifact id: '7e5482ae192e629591e712c54bcf52c4') in 0.0043916 seconds
Start importing Packages/com.unity.render-pipelines.universal/Editor/VFXGraph/Shaders/Templates/ParticlePlanarPrimitivesLit/PassDepthOrMV.template using Guid(e54411f64dc2beb43998b9727f62fa32) (DefaultImporter) -> (artifact id: '04e1670fc44488c26218cd02fdc4220f') in 0.0005252 seconds
Start importing Assets/StreamingAssets/GameFoundation/assets/_placeholder/vfx/cast_circle/frames.json using Guid(26f9d08d497d0674cb0201126288c2fa) (DefaultImporter) -> (artifact id: 'd4af1c5aa9eaf6c1a84900d710ba8d05') in 0.0044142 seconds
Start importing Packages/com.unity.render-pipelines.universal/Editor/VFXGraph/Shaders/Templates/ParticleMeshesLit/PassGBuffer.template using Guid(268a144f637cfd343e3952cf770998d5) (DefaultImporter) -> (artifact id: 'ccf142561e72b73477efc487f24fd6c2') in 0.0005047 seconds
Start importing Assets/StreamingAssets/GameFoundation/assets/_placeholder/vfx/burn/frame_02.png using Guid(46823609b7413ed448182564b82f24d1) (DefaultImporter) -> (artifact id: 'b6cf3bd10b9b41de9e9f07e80b015ac7') in 0.0041838 seconds
Start importing Assets/StreamingAssets/GameFoundation/assets/_placeholder/vfx/hit_spark/frame_03.png using Guid(f68bf088940a8904b9f68138800daf92) (DefaultImporter) -> (artifact id: 'c5af440fd2233afd888a7c6470d62a42') in 0.0042813 seconds
Start importing Packages/com.unity.render-pipelines.universal/Editor/VFXGraph/Shaders/Templates/ParticlePlanarPrimitivesLit/PassDepth.template using Guid(37d26d1c1d738be4cba8c98b84ff0da3) (DefaultImporter) -> (artifact id: 'aec52993caab66260b6595f3d5a327ce') in 0.0005844 seconds
Start importing Packages/com.unity.render-pipelines.universal/Editor/VFXGraph/Shaders/Templates/ParticleMeshesLit/Pass.template using Guid(77e942a6f106f7746bec78ed934de11a) (DefaultImporter) -> (artifact id: '795c475e9a008dd40323308636df20ae') in 0.0005323 seconds
Start importing Packages/com.unity.render-pipelines.universal/Editor/VFXGraph/Shaders/Templates/ParticleMeshesLit/PassForward.template using Guid(286d87cbf8c19c749b69078915c9be88) (DefaultImporter) -> (artifact id: '72411581046e9601a5b6e4c445d47389') in 0.0017825 seconds
Start importing Assets/StreamingAssets/GameFoundation/assets/_placeholder/sprites/placeholder_chest/open.png using Guid(78393ab6303cb7343b8cafc153fab231) (DefaultImporter) -> (artifact id: '27a4323d41bd04fe4cdf4a8e87709a29') in 0.0058321 seconds
Start importing Assets/StreamingAssets/GameFoundation/assets/_placeholder/vfx/hit_spark/frame_01.png using Guid(8898079e108c5e943acce6ef5c402f6e) (DefaultImporter) -> (artifact id: '835bb4aab3d4c14a03e8455c3b8ec569') in 0.0042938 seconds
Start importing Assets/StreamingAssets/GameFoundation/assets/_placeholder/vfx/burn/frame_00.png using Guid(c844d6006d0915a4c815d01eef063a82) (DefaultImporter) -> (artifact id: 'dad10fc2a070da527b759f3a68c98318') in 0.0047397 seconds
Start importing Assets/StreamingAssets/GameFoundation/assets/_placeholder/vfx/hit_spark/frame_05.png using Guid(d856ca48f58e20843b2207f396ab0a53) (DefaultImporter) -> (artifact id: 'd7fd5e71aed448198603ab083f703597') in 0.0061681 seconds
Start importing Assets/StreamingAssets/GameFoundation/assets/_placeholder/vfx/cast_circle/frame_03.png using Guid(09a2cb91902d80d4a9a441e30619cddc) (DefaultImporter) -> (artifact id: '2fc2744947f655eedccb9237fc438484') in 0.0107151 seconds
Start importing Assets/StreamingAssets/GameFoundation/assets/_placeholder/vfx/cast_circle/atlas.png using Guid(29c0be398c38b204abdedf619d5b8408) (DefaultImporter) -> (artifact id: 'd9540ccffc66326a26f7cd676bd9a57d') in 0.0056014 seconds
Start importing Assets/StreamingAssets/GameFoundation/assets/_placeholder/vfx/cast_circle/frame_05.png using Guid(69e1b55ec4baf2e4aace80ba3954072e) (DefaultImporter) -> (artifact id: 'dcc61b1736ca1c410a65f88403a0c5a6') in 0.005609 seconds
Start importing Assets/StreamingAssets/GameFoundation/assets/_placeholder/sprites/placeholder_beast/anchors.json using Guid(1a76a0e5ddd93574a8c0b9a561e88797) (DefaultImporter) -> (artifact id: '34a5c4106944b69898758b9662553a2d') in 0.0056384 seconds
Start importing Assets/StreamingAssets/GameFoundation/assets/_placeholder/vfx/hit_spark/frame_04.png using Guid(4a14e07edb2e6094cae6724d48faa230) (DefaultImporter) -> (artifact id: '98334adac334dd6e400042af10331df6') in 0.0040824 seconds
Start importing Assets/StreamingAssets/GameFoundation/assets/_placeholder/vfx/hit_spark/frame_00.png using Guid(ba6315171636e6248889b1580d5d78fa) (DefaultImporter) -> (artifact id: 'b829fd5985d6fb9ae78e14585b0e4a6f') in 0.0064296 seconds
Start importing Assets/StreamingAssets/GameFoundation/assets/_placeholder/vfx/hit_spark/frame_07.png using Guid(da4906ce2a3467d4caf1562604419704) (DefaultImporter) -> (artifact id: '9c3bd1ef2321225bda5cdd62ca9b8cb0') in 0.0051104 seconds
Start importing Assets/StreamingAssets/GameFoundation/assets/_placeholder/vfx/burn/frame_03.png using Guid(eacd30beac4801549a431dd7265fd758) (DefaultImporter) -> (artifact id: '022b85a99dfe530587b6f0802fba30fd') in 0.0051464 seconds
Start importing Assets/StreamingAssets/GameFoundation/assets/_placeholder/vfx/hit_spark/frames.json using Guid(fa44ed5c8152f434c925382fb13c5942) (DefaultImporter) -> (artifact id: '230caaad4b070eec9d149d7b3e8a4479') in 0.0061619 seconds
Start importing Packages/com.unity.shadergraph/Editor/Generation/Targets/UITK/Templates/PassUI.template using Guid(3b060531fe7ce41768321dd4c68d7f75) (DefaultImporter) -> (artifact id: '7bae337eea473b69add3b2b58b83ccb8') in 0.0005539 seconds
Start importing Assets/StreamingAssets/GameFoundation/assets/_placeholder/vfx/burn/frame_05.png using Guid(3bbac56b2e59b3b4aaa614cab8f2ead0) (DefaultImporter) -> (artifact id: '5bc0ef0afe1bbce6db5d791912790635') in 0.0048542 seconds
Start importing Packages/com.unity.render-pipelines.universal/Editor/VFXGraph/Shaders/Templates/ParticleMeshesLit/PassVelocity.template using Guid(4b313a234ad620945b078e06349d46f5) (DefaultImporter) -> (artifact id: '9013b313b9df6bdef8f4451ae6f4a4d7') in 0.000466 seconds
Start importing Assets/StreamingAssets/GameFoundation/assets/_placeholder/vfx/burn/frame_06.png using Guid(4bcd6ddf545032a46a57ea2603acdbe5) (DefaultImporter) -> (artifact id: 'eb5089c935931b495a9b458d9f76f9e2') in 0.0053979 seconds
Start importing Assets/StreamingAssets/GameFoundation/assets/_placeholder/sprites/placeholder_hero/anchors.json using Guid(cb24d6e29e7081c488c87218878c2f08) (DefaultImporter) -> (artifact id: 'e1a3c75ce61a7c2e14cd9224fe2d1960') in 0.0056442 seconds
Start importing Assets/StreamingAssets/GameFoundation/assets/_placeholder/vfx/burn/frame_07.png using Guid(0c17e48ee0855d84d9fca609675092a9) (DefaultImporter) -> (artifact id: '749cadf578a50e0a21c459111fafbfe9') in 0.0072777 seconds
Start importing Assets/StreamingAssets/GameFoundation/assets/_placeholder/sprites/placeholder_door/closed.png using Guid(2c298ca00e1100a4fbb87a136908c93e) (DefaultImporter) -> (artifact id: 'abaf53f634be271f785424b8a333fcae') in 0.005193 seconds
Start importing Packages/com.unity.render-pipelines.universal/Editor/VFXGraph/Shaders/Templates/URPDecal/PassForwardEmissive.template using Guid(6ca5883cd45940728412e0fa8e22403c) (DefaultImporter) -> (artifact id: '39538623c4c97f2173c2ee02d45b034f') in 0.0005573 seconds
Start importing Assets/StreamingAssets/GameFoundation/assets/_placeholder/vfx/hit_spark/atlas.png using Guid(ac1a07497f2bf254fa375e63e3977fc3) (DefaultImporter) -> (artifact id: 'edb27882d95d5b5342868bcf07527ec3') in 0.0080844 seconds
Start importing Packages/com.unity.render-pipelines.universal/Editor/VFXGraph/Shaders/Templates/ParticleMeshes/PassForward2D.template using Guid(ec0dd9ca912a8824590a57224cabd290) (DefaultImporter) -> (artifact id: 'b5f29d0f9148e28ab79d66b2b163c766') in 0.0006631 seconds
Start importing Assets/StreamingAssets/GameFoundation/assets/_placeholder/maps/placeholder_field/ground.png using Guid(fcfa03be71fec0e41ab7bfd1f404c2b8) (DefaultImporter) -> (artifact id: '10aea14acca2eda880dc719ea5a4669a') in 0.0048146 seconds
Start importing Packages/com.unity.render-pipelines.universal/Editor/VFXGraph/Shaders/Templates/ParticleHexahedron/PassForward2D.template using Guid(2d6519c74f7a7584685798d2431960f2) (DefaultImporter) -> (artifact id: 'd1c3696d1da1ee236da0edf3575f144f') in 0.0007583 seconds
Start importing Assets/StreamingAssets/GameFoundation/assets/_placeholder/vfx/cast_circle/frame_06.png using Guid(4d154f92ab26afc4eb49fa2a8c4b9cc7) (DefaultImporter) -> (artifact id: 'd3e5ea21229531345f88ad97e0ed3210') in 0.005019 seconds
Start importing Assets/StreamingAssets/GameFoundation/assets/_placeholder/vfx/hit_spark/frame_06.png using Guid(6db52c8717920244487513bf30eaf889) (DefaultImporter) -> (artifact id: 'f0c454b2276dc77a37c79ca1cff4afe4') in 0.0048779 seconds
Start importing Packages/com.unity.render-pipelines.universal/Editor/VFXGraph/Shaders/Templates/ParticlePlanarPrimitivesLit/PassShadowCaster.template using Guid(7d07176ae506b05458500c8aa695d90e) (DefaultImporter) -> (artifact id: '29c684e0508e2294bf1e0b591d0488e6') in 0.0011157 seconds
Start importing Packages/com.unity.shadergraph/Editor/Generation/Targets/Fullscreen/Templates/ShaderPass.template using Guid(0ed3a57e16f0259448e5b68a210e991a) (DefaultImporter) -> (artifact id: '78151dbd8272eaeb6b1df453b6a6db6d') in 0.0006172 seconds
Start importing Assets/StreamingAssets/GameFoundation/assets/_placeholder/vfx/cast_circle/frame_04.png using Guid(1e6479e0e547ff347974c56d8eefd5dc) (DefaultImporter) -> (artifact id: '0365b82d10fd8ef2fdcb4e38add6f202') in 0.0053371 seconds
Start importing Assets/StreamingAssets/GameFoundation/assets/_placeholder/vfx/cast_circle/frame_02.png using Guid(8e8ddfe4683750740ba1c802396144af) (DefaultImporter) -> (artifact id: '1d9b3c9ec2d78a6a779f998762b6cecc') in 0.0067954 seconds
Start importing Packages/com.unity.render-pipelines.universal/Editor/VFXGraph/Shaders/Templates/ParticleMeshesLit/PassShadowCaster.template using Guid(9e62eb3c33b50c54badb6f7cd6eb7a8c) (DefaultImporter) -> (artifact id: 'a4b58c87e503ab7fb34a7fe05bd32e4e') in 0.0005825 seconds
Start importing Packages/com.unity.render-pipelines.universal/Editor/VFXGraph/Shaders/Templates/ParticlePlanarPrimitivesLit/PassGBuffer.template using Guid(9efeaf56a8f5826418111f0d669150c1) (DefaultImporter) -> (artifact id: 'f024adfe46ae11dee895345e8ad40b67') in 0.0004185 seconds
Start importing Assets/StreamingAssets/GameFoundation/assets/_placeholder/sprites/placeholder_door/open.png using Guid(2f2acd3330504374482c5e0a5ef3f3bb) (DefaultImporter) -> (artifact id: '0e8979043ce0f68f41975ebc853da152') in 0.0046398 seconds
Start importing Packages/com.unity.shadergraph/Editor/Generation/Targets/Canvas/Templates/PassUI.template using Guid(3fa60ca3757a4221b2b042165c4696fe) (DefaultImporter) -> (artifact id: '02341a1054ba2bad7c33655f8c614c91') in 0.0005694 seconds
Start importing Packages/com.unity.render-pipelines.universal/Editor/VFXGraph/Shaders/Templates/ParticlePlanarPrimitivesLit/PassForward.template using Guid(5fa54a2ce1bced448b6bd9cfcac6c25d) (DefaultImporter) -> (artifact id: 'e053bca6c3b718f4d082af0c7275f128') in 0.0004109 seconds
Start importing Assets/StreamingAssets/GameFoundation/assets/_placeholder/sprites/placeholder_chest/closed.png using Guid(9fdb9aa1c4d524f4ea0917bd641fcf4f) (DefaultImporter) -> (artifact id: '840fea20eef93b416f28192f86bab3c2') in 0.0040008 seconds
Start importing Assets/StreamingAssets/GameFoundation/assets/_placeholder/vfx/cast_circle/frame_00.png using Guid(cf3ab707cab72cd49933b59a79286ae3) (DefaultImporter) -> (artifact id: 'bb509b9ea4126c86ec187ecfb9ca377e') in 0.0045058 seconds
Start importing Assets/StreamingAssets/GameFoundation/assets/_placeholder/vfx/cast_circle/frame_01.png using Guid(efa149c2a43cd794ba1704f08c0e2760) (DefaultImporter) -> (artifact id: 'c603174b9fa13fb26abdbb2f61127ecd') in 0.0050099 seconds
Start importing Assets/StreamingAssets/GameFoundation/assets/_placeholder/sprites/placeholder_hero/back_side_r/hand_main.png using Guid(60cbf9b2c4e7dca40a15fbae9b435e16) (DefaultImporter) -> (artifact id: '9808f8535ddf0c773f3aa8a9311c4e36') in 0.0045044 seconds
Start importing Assets/StreamingAssets/GameFoundation/assets/_placeholder/sprites/placeholder_hero/back/hand_main.png using Guid(41b5724a13ef91c4a83edd9427e2ec1c) (DefaultImporter) -> (artifact id: '2e11f64f934e29a8ef0b045fcfb44ca2') in 0.0049079 seconds
Start importing Assets/StreamingAssets/GameFoundation/assets/_placeholder/sprites/placeholder_beast/side_l/body.png using Guid(f1de8b063e009ee4aa902b7762fbe3a5) (DefaultImporter) -> (artifact id: '6a0dc86b6c44b545ff8d6a73a82aa160') in 0.0048438 seconds
Start importing Assets/StreamingAssets/GameFoundation/assets/_placeholder/sprites/placeholder_hero/front/body.png using Guid(028fd2f91e4684a4cb3f273166b17064) (DefaultImporter) -> (artifact id: 'd7cc4d861d4171762ba108f76f22cb03') in 0.00439 seconds
Start importing Assets/StreamingAssets/GameFoundation/assets/_placeholder/sprites/placeholder_beast/front_side_r/body.png using Guid(32c763f092553104ca5acbce55207514) (DefaultImporter) -> (artifact id: '237621ad7bf514334d1cc8318433c371') in 0.0041959 seconds
Start importing Assets/StreamingAssets/GameFoundation/assets/_placeholder/sprites/placeholder_beast/front_side_l/body.png using Guid(334c0d342ad6486449da65e80eb3b611) (DefaultImporter) -> (artifact id: '3fa38c5789e2539bc1fea580122ae78b') in 0.0061996 seconds
Start importing Assets/StreamingAssets/GameFoundation/assets/_placeholder/sprites/placeholder_beast/back_side_l/body.png using Guid(a34aa49758f72db408f8a4747cfd6b94) (DefaultImporter) -> (artifact id: '24476b1db94f26908428f1a3cba0a657') in 0.0041517 seconds
Start importing Assets/StreamingAssets/GameFoundation/assets/_placeholder/sprites/placeholder_hero/side_r/head.png using Guid(24312af18b15e524c993b99c250c5375) (DefaultImporter) -> (artifact id: 'f7029d720d28137092cc29bb74784151') in 0.0069416 seconds
Start importing Assets/StreamingAssets/GameFoundation/assets/_placeholder/sprites/placeholder_beast/back/body.png using Guid(f4314943adece6544bb58454f6459080) (DefaultImporter) -> (artifact id: '32c96d0668d8eb89788975626cbde0e2') in 0.0051861 seconds
Start importing Assets/StreamingAssets/GameFoundation/assets/_placeholder/sprites/placeholder_hero/front_side_r/hand_main.png using Guid(05abb4152e6b4b44196537d56626d62b) (DefaultImporter) -> (artifact id: '4da7ba6a7bb447b7d99961803b7cefd0') in 0.0044104 seconds
Start importing Assets/StreamingAssets/GameFoundation/assets/_placeholder/sprites/placeholder_beast/back_side_r/body.png using Guid(d55f074b54d8f5d499031b0b7d65131b) (DefaultImporter) -> (artifact id: '421c2646c57d5458320871cc2070df89') in 0.0040949 seconds
Start importing Assets/StreamingAssets/GameFoundation/assets/_placeholder/sprites/placeholder_hero/front_side_r/body.png using Guid(17c2fa210b77d25438f45e253e107918) (DefaultImporter) -> (artifact id: 'd33fc6926e292a19740c2204be0ae341') in 0.0050251 seconds
Start importing Assets/StreamingAssets/GameFoundation/assets/_placeholder/sprites/placeholder_hero/front_side_r/head.png using Guid(f7427123b6e859e4581ea6bc92506dc3) (DefaultImporter) -> (artifact id: 'd09edcdbcd5e68aa16ee6cd98ae3a3e3') in 0.0042785 seconds
Start importing Assets/StreamingAssets/GameFoundation/assets/_placeholder/sprites/placeholder_hero/back_side_r/body.png using Guid(88686552385c6fc42b515ceee61a5dd4) (DefaultImporter) -> (artifact id: '258142983e52ac372d2a1148be045fc2') in 0.0042167 seconds
Start importing Assets/StreamingAssets/GameFoundation/assets/_placeholder/sprites/placeholder_hero/front/hand_main.png using Guid(0910ef12562627646940e3a3b08e8dea) (DefaultImporter) -> (artifact id: 'b30aeba8677b43b766f3b49ca73d1a8b') in 0.0065543 seconds
Start importing Assets/StreamingAssets/GameFoundation/assets/_placeholder/sprites/placeholder_hero/front/head.png using Guid(69f5ee4194deac34c96fce5fc6c388cd) (DefaultImporter) -> (artifact id: '99ca185c4189757faae5278cd3a7792e') in 0.0050595 seconds
Start importing Assets/StreamingAssets/GameFoundation/assets/_placeholder/sprites/placeholder_hero/back_side_r/head.png using Guid(5c0f876b66f907545b6157f19cbe60a8) (DefaultImporter) -> (artifact id: '57a456928194527c401b12c81ab20872') in 0.0066037 seconds
Start importing Assets/StreamingAssets/GameFoundation/assets/_placeholder/sprites/placeholder_beast/side_r/body.png using Guid(2e947a4e6045fcd4ba677d3cc4fced9b) (DefaultImporter) -> (artifact id: 'e3e9f2fce2757bfcf383ebb8e21adb84') in 0.0053171 seconds
Start importing Assets/StreamingAssets/GameFoundation/assets/_placeholder/sprites/placeholder_hero/back/body.png using Guid(2ebf39702e39ac242870ae99b3c48d32) (DefaultImporter) -> (artifact id: 'fa2a44666a87b3ac70ce54fcf3c9a0b5') in 0.006546 seconds
Start importing Assets/StreamingAssets/GameFoundation/assets/_placeholder/sprites/placeholder_hero/side_r/body.png using Guid(eee0f88eb3999154782a51def5350bfe) (DefaultImporter) -> (artifact id: 'd6d3910ddf9b23e44b68ba00f113b421') in 0.0062046 seconds
Start importing Assets/StreamingAssets/GameFoundation/assets/_placeholder/sprites/placeholder_beast/front/body.png using Guid(5ffb5440827ebfc4fa672a52b3db00b8) (DefaultImporter) -> (artifact id: 'f3409c791ee12ce658afc7c3afd4ace5') in 0.0056029 seconds
Start importing Assets/StreamingAssets/GameFoundation/assets/_placeholder/sprites/placeholder_hero/back/head.png using Guid(fff61e24d13082e49b28eaa6eb8fed86) (DefaultImporter) -> (artifact id: 'c704efd13608abf575f3b0df66cf4c44') in 0.0069647 seconds
Start importing Assets/StreamingAssets/GameFoundation/assets/_placeholder/sprites/placeholder_hero/side_r/hand_main.png using Guid(ff9b506c83c591c46a7c2c844c3e3e62) (DefaultImporter) -> (artifact id: '9066b9c4f69c791f6016f4a65f9ca90d') in 0.0058806 seconds
Start importing Packages/com.unity.shadergraph/Editor/Generation/Targets/BuiltIn/Editor/ShaderGraph/Templates/ShaderPass.template using Guid(37dc84a050227a648b8474dd029e1729) (DefaultImporter) -> (artifact id: 'a693b64109150471c0d06f5630441a30') in 0.0013199 seconds
Start importing Packages/com.unity.inputsystem/InputSystem/Editor/Icons/ChevronUp@3x.png using Guid(006305b616daf47409935f3dc8a172e2) (TextureImporter) -> (artifact id: '282ad4d10d02345ef553beeb64f81a5a') in 0.0038561 seconds
Start importing Packages/com.unity.render-pipelines.core/Editor/PostProcessing/LensFlareResource/PolygonFlareThumbnail@2x.png using Guid(0047263fa58f91d49a61936e94358829) (TextureImporter) -> (artifact id: '488e8904c8ebb5113451b47355ac9d48') in 0.0019491 seconds
Start importing Packages/com.unity.render-pipelines.core/Editor/Icons/MipLevels/RenderGraphViewer/d_Resources@32.png using Guid(00a734322b2ba1249b58c24b688b3108) (TextureImporter) -> (artifact id: '3b2a2dc103cc5703b6714d4ab80f6dd3') in 0.0015088 seconds
Start importing Packages/com.unity.inputsystem/InputSystem/Editor/Icons/d_ChevronDown@2x.png using Guid(0068f400a72d84c92a1b8f5889a574b2) (TextureImporter) -> (artifact id: '78e62e63fd294daa0f18259cf78e78c9') in 0.0011704 seconds
Start importing Packages/com.unity.render-pipelines.universal/Textures/BlueNoise16/L/LDR_LLL1_23.png using Guid(10b6c6d22e73dea46a8ab36b6eebd629) (TextureImporter) -> (artifact id: '3603f5f7dbf9a3b96483b8a5ef127e21') in 0.0010169 seconds
Start importing Packages/com.unity.render-pipelines.universal/Textures/FilmGrain/Medium01.png using Guid(1097e90e1306e26439701489f391a6c0) (TextureImporter) -> (artifact id: 'bca9eb71f523c8d63d53b1557bda0b5d') in 0.0045031 seconds
Start importing Packages/com.unity.render-pipelines.universal/Editor/2D/Resources/LightCapBottomRight.png using Guid(108e201829ab4214383a5467adbc0086) (TextureImporter) -> (artifact id: '31b4b631ecfdf57067d19de282fea52c') in 0.0011611 seconds
Start importing Packages/com.unity.inputsystem/InputSystem/Editor/Icons/Interactive Binding@2x.png using Guid(2027b97fd12d842d7a3169c784502a54) (TextureImporter) -> (artifact id: 'f3ec29666e1c2197608308436d14d230') in 0.0013178 seconds
Start importing Packages/com.unity.2d.sprite/Editor/ObjectMenuCreation/DefaultAssets/Textures/v2/Capsule.png using Guid(207ee8102dd4143d288186ef0be518ee) (TextureImporter) -> (artifact id: '3e30c793b8cd9233b2804f4698cbdcad') in 0.0112124 seconds
Start importing Packages/com.unity.render-pipelines.core/Editor/LookDev/Icons/CenterLight.png using Guid(3092b2985cafe0b43b1f02ce1d6829d5) (TextureImporter) -> (artifact id: 'd5877d04fab4704ebc0d0d5262e75d4a') in 0.0018841 seconds
Start importing Packages/com.unity.inputsystem/InputSystem/Editor/Icons/InputSystemUIInputModule@64.png using Guid(3028dc075ba8c584d9bc7d1e0255e038) (TextureImporter) -> (artifact id: '0b153d3f7a5c2aa21d611c926885697b') in 0.0014065 seconds
Start importing Packages/com.unity.render-pipelines.universal/Editor/2D/Resources/SceneViewIcons/ParametricLight.png using Guid(302e68dd45b9b2d4194ff0f7f454436f) (TextureImporter) -> (artifact id: '471831bfb82127e81f80df90c20465bf') in 0.0027093 seconds
Start importing Packages/com.unity.render-pipelines.core/Editor/Lighting/Icons/d_LightPlacement_Icon On@64.png using Guid(304e9d79c27b32144a95e43dc6da80a2) (TextureImporter) -> (artifact id: 'ae10781c22880f20d902c90182bf935f') in 0.0014381 seconds
Start importing Packages/com.unity.inputsystem/InputSystem/Editor/Icons/InputAction.png using Guid(40265a896a0f341bb956e90c59025a29) (TextureImporter) -> (artifact id: 'a46426048c47eb3fad15e1e140cc6695') in 0.0024398 seconds
Start importing Packages/com.unity.2d.sprite/Editor/Assets/d_LockedOptions.png using Guid(40bde776259d14327bcda6275f7c21b3) (TextureImporter) -> (artifact id: 'abe0878164582b47f34c3d9a5702fc71') in 0.0018915 seconds
Start importing Packages/com.unity.render-pipelines.core/Editor/LookDev/Icons/d_Layout2@2x.png using Guid(50f7a3e9878119a4da02f38cf05d75ba) (TextureImporter) -> (artifact id: '7bdeb2d60ecdfa3edf40fdc41455972a') in 0.0019193 seconds
Start importing Packages/com.unity.shadergraph/Editor/Resources/GraphView/Nodes/NodeChevronRight@2x.png using Guid(50cbcd05e61c4e54ea797ec88e91f1b0) (TextureImporter) -> (artifact id: '8cb6d39f1835d84ee63126bcc75f7bb0') in 0.0014087 seconds
Start importing Packages/com.unity.render-pipelines.core/Editor/Lighting/Icons/LightUnitIcons/BlueSky.png using Guid(60d4d0573fefbf24198d33863004e7f9) (TextureImporter) -> (artifact id: 'fdd1a7dcc5d7bac16fa6cac8ee48c6c4') in 0.0013281 seconds
Start importing Packages/com.unity.render-pipelines.core/Editor/Icons/RenderGraphViewer/d_MultipleUsage.png using Guid(60e80b0fa23ea904b92263803d64319c) (TextureImporter) -> (artifact id: '377e8538aa91af18f1b4ef41baa823c4') in 0.0017564 seconds
Start importing Packages/com.unity.render-pipelines.core/Editor/LookDev/Icons/d_Camera1@2x.png using Guid(603d01d730be24147adda7897e463598) (TextureImporter) -> (artifact id: 'f84d694c6b580ce4086394b56fe08d90') in 0.0019538 seconds
Start importing Packages/com.unity.render-pipelines.universal/Editor/2D/Resources/SceneViewIcons/SpriteLight.png using Guid(70d16a5f04690d74ab9b1ddcbefd47bb) (TextureImporter) -> (artifact id: 'c3ef6c23450a5aeb4aac7eae4194a881') in 0.0026822 seconds
Start importing Packages/com.unity.2d.sprite/Editor/Assets/SpriteEditor@2x.png using Guid(7013f35dfb10340ecbb956ca7e17de0d) (TextureImporter) -> (artifact id: '4973e89d59e869d75a0deaf5571f2fbc') in 0.0013382 seconds
Start importing Packages/com.unity.shadergraph/GraphTemplates/Cross Pipeline/UnlitParticleTemplateThumbnail.png using Guid(70e6da54cdf71264da5954a5fe327e3a) (TextureImporter) -> (artifact id: '27efd511bba53b837984c3be04093afd') in 0.0666544 seconds
Start importing Packages/com.unity.render-pipelines.core/Editor/Icons/RenderGraphViewer/Resources@2x.png using Guid(701c4a9737150564681d632d05a7a83e) (TextureImporter) -> (artifact id: 'd4e4040b09d4e7ed7386708bdd56dd03') in 0.0015295 seconds
Start importing Packages/com.unity.render-pipelines.universal/Editor/ShaderGraph/GraphTemplates/UITKBasicTemplate.png using Guid(8052b80993fff1242975e48e123bb767) (TextureImporter) -> (artifact id: '2d6d040058d47d5e13fd5a1e1362d648') in 0.0438526 seconds
Start importing Packages/com.unity.render-pipelines.core/Editor/LookDev/Icons/CenterLight@2x.png using Guid(8063050a249eef441beb8cbbd04c086c) (TextureImporter) -> (artifact id: 'e8a21e1e6ab1ce770c8c50c55bcc3e70') in 0.0023695 seconds
Start importing Packages/com.unity.render-pipelines.core/Editor/Lighting/Icons/LightUnitIcons/d_Overcast.png using Guid(80a48b3afafdc644fb4e3319f6f19fc8) (TextureImporter) -> (artifact id: 'bf2ff7b8347e56b198fc76e4ecdabf22') in 0.0016734 seconds
Start importing Packages/com.unity.render-pipelines.core/Editor/PostProcessing/LensFlareResource/CircleFlareThumbnail.png using Guid(80b74a073fa3027458f3b3ff5346f10b) (TextureImporter) -> (artifact id: '9be7a0e70fe547b9b377e87b414ac378') in 0.0017665 seconds
Start importing Packages/com.unity.render-pipelines.core/Editor/LookDev/Icons/d_LeftArrow@2x.png using Guid(90335e5423c010749a50f906b965fa54) (TextureImporter) -> (artifact id: '23b71cfe140947297e625f7d6310af56') in 0.0045754 seconds
Start importing Packages/com.unity.inputsystem/InputSystem/Editor/Icons/Mouse@4x.png using Guid(a0b78c5ab9d654a9daba91ff774b4931) (TextureImporter) -> (artifact id: 'ea98dc0ada641085d3dcb869f63d7afe') in 0.0017397 seconds
Start importing Packages/com.unity.render-pipelines.core/Editor/Lighting/Icons/LightUnitIcons/ClearSky@2x.png using Guid(a01d783415aa03a449e3408eb92d8505) (TextureImporter) -> (artifact id: 'f0f757ce4a7688885edc6d608ef350e7') in 0.0017713 seconds
Start importing Packages/com.unity.inputsystem/InputSystem/Editor/Icons/InputActionAsset.png using Guid(b025a2a0f9e554d1e88a93b5649dfc3f) (TextureImporter) -> (artifact id: '1e67cf29afa1d500e55535d44d79aa80') in 0.002461 seconds
Start importing Packages/com.unity.inputsystem/InputSystem/Editor/AssetEditor/PackageResources/pro/propertiesBackground.png using Guid(b02e3f0c0798a4f1789a89a7697660be) (TextureImporter) -> (artifact id: '9941ef9969f93427fda9b030cd3eebf3') in 0.0014347 seconds
Start importing Packages/com.unity.render-pipelines.core/Editor/Lighting/Icons/LightUnitIcons/Overcast.png using Guid(c0e6cc200fb1dda4388b13d9f5828d06) (TextureImporter) -> (artifact id: 'b0266b449fce2ee84329870d3e8d6738') in 0.0025076 seconds
Start importing Packages/com.unity.inputsystem/InputSystem/Editor/AssetEditor/PackageResources/pro/foldoutBackground.png using Guid(c0996bc290ff74bf4834f4a8b7dc8c3e) (TextureImporter) -> (artifact id: 'bca57134cf9746a63d4e12eb5c4f67bd') in 0.0017128 seconds
Start importing Packages/com.unity.render-pipelines.universal/Textures/BlueNoise256/LDR_LLL1_2.png using Guid(c06cc21c692f94f5fb5206247191eeee) (TextureImporter) -> (artifact id: 'cf83a7e1c8c0f3babbafbd0e71d8ee7c') in 0.0025657 seconds
Start importing Packages/com.unity.inputsystem/InputSystem/Editor/Icons/Axis@2x.png using Guid(d0006d51a864248adba0238883f8c71e) (TextureImporter) -> (artifact id: '6c272abb64bfdc5089dfbdbfc89a2d3d') in 0.0016427 seconds
Start importing Packages/com.unity.render-pipelines.core/Editor/Lighting/Icons/LightUnitIcons/d_SoftAreaLight@2x.png using Guid(e0171afec971f2343be8d5b4b14ab6eb) (TextureImporter) -> (artifact id: '791f61201c25282c14f5d65cc739d507') in 0.0018863 seconds
Start importing Packages/com.unity.searcher/Editor/Resources/FlatSkin/SearchSmallDownOff.png using Guid(e0f8b9d001b669a43b3c9f7b90891d96) (TextureImporter) -> (artifact id: 'e7644d489bea8978a813f18560968c8f') in 0.0017732 seconds
Start importing Packages/com.unity.shadergraph/GraphTemplates/DefaultTemplateImage.png using Guid(e079a17a0b2b93647a84cebdde8f3c21) (TextureImporter) -> (artifact id: '46f8655b82b12b7faaa574edbe5483c3') in 0.0144009 seconds
Start importing Packages/com.unity.inputsystem/InputSystem/Editor/Icons/d_Axis@4x.png using Guid(e01ab4b854c6d4fa3a8d869b67ecd643) (TextureImporter) -> (artifact id: '318b302fb8adcf07259b42b5d7a59cb4') in 0.0015914 seconds
Start importing Packages/com.unity.ugui/Editor Resources/Textures/btn_AlignRight_Light.psd using Guid(e05ace3bd15740cda0bad60d89092a5b) (TextureImporter) -> (artifact id: '8a4449632c2b34f1c8ba88a1748e3129') in 0.001544 seconds
Start importing Packages/com.unity.render-pipelines.core/Editor/LookDev/Icons/LeftArrow@2x.png using Guid(f0106cef986be534181a8582cffd29da) (TextureImporter) -> (artifact id: '376874fb00e61ae407ba6b3825bc2c2b') in 0.0024515 seconds
Start importing Packages/com.unity.render-pipelines.core/Editor/PostProcessing/LensFlareResource/PolygonFlareThumbnail.png using Guid(f0326f07dd50365439f552e7f29218e5) (TextureImporter) -> (artifact id: '144c260494cc636139f1285cb1b91486') in 0.001902 seconds
Start importing Packages/com.unity.render-pipelines.universal/Textures/FilmGrain/Medium02.png using Guid(f0b67500f7fad3b4c9f2b13e8f41ba6e) (TextureImporter) -> (artifact id: 'b61e11de47579525ab3411aa4c2fd8be') in 0.0048359 seconds
Start importing Packages/com.unity.render-pipelines.core/Editor/Icons/MipLevels/d_VolumeProfile@32.png using Guid(f05a6898ed8b6df43be9b7fbb34d0517) (TextureImporter) -> (artifact id: '80bacf87814b43b4bd4c6ceb9fecb8d2') in 0.0023737 seconds
Start importing Packages/com.unity.collections/Unity.Collections.PerformanceTests/Unity.PerformanceTesting.Benchmark/PerformanceTestFrameworkOutput.png using Guid(0175a7523f9f1754ca406f92afcfcbc6) (TextureImporter) -> (artifact id: '6f60721d00f13619bd74cacda73f5727') in 0.0102061 seconds
Start importing Packages/com.unity.render-pipelines.universal/Textures/BlueNoise16/L/LDR_LLL1_2.png using Guid(1134690bf9216164dbc75050e35b7900) (TextureImporter) -> (artifact id: '7f7e44f53b0341b521e7f0702e1c250d') in 0.002585 seconds
Start importing Packages/com.unity.render-pipelines.core/Runtime/Sampling/Textures/SobolBlueNoise/ScramblingTile256SPP.png using Guid(11fcf3c83299e814cbb25c4d74cd045d) (TextureImporter) -> (artifact id: '4001606707fbcb42a795ea707f4b7078') in 0.0031146 seconds
Start importing Packages/com.unity.render-pipelines.universal/Textures/2D/Sparkle.png using Guid(119f93d0bcbf1e743bf5fcf237507d39) (TextureImporter) -> (artifact id: '692e93fb001809cb568b2d7632901411') in 0.0053006 seconds
Start importing Packages/com.unity.shadergraph/Editor/Resources/Icons/blackboard_dark.png using Guid(2162b791346804a7792168e6fc526ced) (TextureImporter) -> (artifact id: '7b5556a8efb5864f4f93fd834792550f') in 0.0022641 seconds
Start importing Packages/com.unity.inputsystem/InputSystem/Editor/Icons/Interactive Binding.png using Guid(2196c18f03faf4184b1aeb2c61d5571d) (TextureImporter) -> (artifact id: '954c0b1ef5d52e64c87fb1fe71bb5330') in 0.0014932 seconds
Start importing Packages/com.unity.shadergraph/Editor/Resources/Icons/settings_button.png using Guid(3140f217cba5a6f4ca8d41675ac44819) (TextureImporter) -> (artifact id: 'c81c7494151d2ed39f60563a3caad7f9') in 0.0013998 seconds
Start importing Packages/com.unity.render-pipelines.core/Editor/Icons/RenderGraphViewer/d_Global@2x.png using Guid(31d206dcb4d01ca4295149458ec19c38) (TextureImporter) -> (artifact id: '3373b228e8dbbb7bcbe3f45e3a0df586') in 0.0013246 seconds
Start importing Packages/com.unity.2d.sprite/Editor/ObjectMenuCreation/DefaultAssets/Textures/v2/Square.png using Guid(311925a002f4447b3a28927169b83ea6) (TextureImporter) -> (artifact id: '833b5a3054ca8e081446ae17d707cca3') in 0.0063899 seconds
Start importing Packages/com.unity.render-pipelines.core/Editor/Lighting/Icons/LightUnitIcons/Moonlight.png using Guid(41c40f1973262eb41a56a66faaf2154d) (TextureImporter) -> (artifact id: 'd9e1c91c803265924a51dc8b87b5ad8c') in 0.0020143 seconds
Start importing Packages/com.unity.ugui/Editor Resources/Textures/btn_AlignMiddle.psd using Guid(41b96614b2e6494ba995ddcd252d11ae) (TextureImporter) -> (artifact id: '55c00b37213dc97bc73f9d8ccdb2e08f') in 0.0017386 seconds
Start importing Packages/com.unity.inputsystem/InputSystem/Editor/Icons/d_Dpad@4x.png using Guid(41edf25d451a744e6ad1172a677603bd) (TextureImporter) -> (artifact id: '8bd9c091fcadf6419426b5479dc440a1') in 0.0014762 seconds
Start importing Packages/com.unity.render-pipelines.core/Editor/Lighting/Icons/d_LightPlacement_Icon.png using Guid(518057398db7dd043928f01f4fbad1b9) (TextureImporter) -> (artifact id: '0f9d19e0ee866b770c69ec69bb1fb55d') in 0.0015252 seconds
Start importing Packages/com.unity.render-pipelines.universal/Textures/FilmGrain/Medium05.png using Guid(510a2f57334933e4a8dbabe4c30204e4) (TextureImporter) -> (artifact id: '082f819770aede2baedc59e1bd9372b4') in 0.0045592 seconds
Start importing Packages/com.unity.render-pipelines.core/Editor/LookDev/Icons/Environment@2x.png using Guid(515b65dc95319f3409d6b0b5f866ac33) (TextureImporter) -> (artifact id: '72f653e79933a283936aa2cdd9f139ef') in 0.0036405 seconds
Start importing Packages/com.unity.render-pipelines.universal/Textures/SMAA/SearchTex.tga using Guid(51eee22c2a633ef4aada830eed57c3fd) (TextureImporter) -> (artifact id: 'f870fe3cacc6c157bce5879a277153b2') in 0.0012526 seconds
Start importing Packages/com.unity.inputsystem/InputSystem/Editor/Icons/Keyboard@3x.png using Guid(6191a40940a3e46899ecf82fa8389d01) (TextureImporter) -> (artifact id: '22d42e55116b62405e7abbc0e63c1402') in 0.0012289 seconds
Start importing Packages/com.unity.inputsystem/InputSystem/Editor/Icons/d_Mouse@3x.png using Guid(6164e492ad3164525ab8ecd9968c3a64) (TextureImporter) -> (artifact id: '8cb65a06ed516b70fa348f342c9004c3') in 0.0012071 seconds
Start importing Packages/com.unity.render-pipelines.core/Editor/Lighting/Icons/LightUnitIcons/Shade.png using Guid(7146ed2a10f80c340b4c181e2892c87a) (TextureImporter) -> (artifact id: '9a03e38cab7d03c50667643ab1e85ab7') in 0.0012727 seconds
Start importing Packages/com.unity.shadergraph/Editor/Resources/Icons/sg_graph_icon_gray_dark.png using Guid(7129268cf102b2f45809905bcb27ce8b) (TextureImporter) -> (artifact id: '1e99fd94b43f8da6837d466d2546e135') in 0.0012008 seconds
Start importing Packages/com.unity.2d.sprite/Editor/ObjectMenuCreation/DefaultAssets/Textures/9-Sliced.png using Guid(71ebafeef3c03457483266a33ab2b270) (TextureImporter) -> (artifact id: '1ef070d285de2b5be1e153df3cc99886') in 0.0036382 seconds
Start importing Packages/com.unity.render-pipelines.core/Editor/Lighting/Icons/LightUnitIcons/d_MoonlessNight.png using Guid(71cd3069e265067478f8e99589235fd6) (TextureImporter) -> (artifact id: 'b4c8cf580094aea98ffe6bfaf638e0d0') in 0.0025695 seconds
Start importing Packages/com.unity.render-pipelines.universal/Textures/BlueNoise16/L/LDR_LLL1_0.png using Guid(81200413a40918d4d8702e94db29911c) (TextureImporter) -> (artifact id: '2a0511723b0ad67dd978eda6be190e26') in 0.00139 seconds
Start importing Packages/com.unity.render-pipelines.core/Editor/Lighting/Icons/LightUnitIcons/Fluorescent@2x.png using Guid(81321ffad3c324c42806d47efb84d4d1) (TextureImporter) -> (artifact id: '8f0f88047232bbb66ab0aa9d0a0df654') in 0.001764 seconds
Start importing Packages/com.unity.ugui/Editor Resources/Textures/btn_AlignCenter.psd using Guid(81ed8c76d2bc4a4c95d092c98af4e58f) (TextureImporter) -> (artifact id: '04accde65a2503a87fef5795191c2aa4') in 0.0016368 seconds
Start importing Packages/com.unity.shadergraph/GraphTemplates/default_normal.png using Guid(9154b3a500851e04494b08c0a363964a) (TextureImporter) -> (artifact id: '63c3f76abcfe5a86fe48dde064969601') in 0.0012442 seconds
Start importing Packages/com.unity.render-pipelines.core/Editor/Icons/MipLevels/VolumeProfile@16.png using Guid(9109dcac13c1b6a4cadf6e9e63be42f7) (TextureImporter) -> (artifact id: '8bfdb52c4c6347df944f16b8d77b7e51') in 0.0017093 seconds
Start importing Packages/com.unity.render-pipelines.universal/Editor/Gizmos/Camera_PostProcessing.png using Guid(916f43e9d8e15c448a2c8a5d30b26dbd) (TextureImporter) -> (artifact id: '54f8d4e1be4ffae10d03dc3245fd6d43') in 0.0026777 seconds
Start importing Packages/com.unity.render-pipelines.core/Editor/LookDev/Icons/Duplicate@2x.png using Guid(91ffd37b0545bf6448f8d937736130a1) (TextureImporter) -> (artifact id: '72d5d678baa984b3d5e34bf29f972ec8') in 0.0019835 seconds
Start importing Packages/com.unity.inputsystem/InputSystem/Editor/Icons/d_Dpad@3x.png using Guid(a1b7d9ffed68a47128c5622c13ba4752) (TextureImporter) -> (artifact id: '324fb1910c72d05451a93fe5900fbc9b') in 0.0014086 seconds
Start importing Packages/com.unity.2d.sprite/Editor/Assets/SpriteFrameToggle@32.png using Guid(a11d1252397454e6d90d7a5514e76ce5) (TextureImporter) -> (artifact id: '967c8c03e5896ae158a1695924a2f6ab') in 0.0014191 seconds
Start importing Packages/com.unity.render-pipelines.core/Editor/LookDev/Icons/d_CenterLight@2x.png using Guid(a14e6ee680df42f4c99bf69bc3d6b9ca) (TextureImporter) -> (artifact id: 'ee57d1bfd40d31a6b855e276729f56dc') in 0.0034724 seconds
Start importing Packages/com.unity.render-pipelines.universal/Editor/ShaderGraph/GraphTemplates/2D/2DSpriteUnlitTemplateThumbnail.png using Guid(a1be7992c1f7b0947bc2f9b045098f9e) (TextureImporter) -> (artifact id: 'b9004825c7ae20580402276876ff076c') in 0.0142407 seconds
Start importing Packages/com.unity.render-pipelines.core/Editor/Lighting/Icons/UpSnatch.png using Guid(a1fe8ebe91e101d47af42adec440c3e5) (TextureImporter) -> (artifact id: 'de39423423017a2519e50e265fabc716') in 0.001585 seconds
Start importing Packages/com.unity.render-pipelines.core/Editor/Lighting/Icons/LightUnitIcons/d_InteriorLight@2x.png using Guid(b1a064fab2aa93e47bd8d558a6ca655b) (TextureImporter) -> (artifact id: '4bc834afe4b16c3a6815b67170494735') in 0.0015337 seconds
Start importing Packages/com.unity.shadergraph/Editor/Resources/Icons/SettingsIcons_hover@2x.png using Guid(b1b079d053c3d0c41952dadf32a89ffd) (TextureImporter) -> (artifact id: 'ace76bc61842803c7680fe9091c17b97') in 0.0018373 seconds
Start importing Packages/com.unity.render-pipelines.core/Editor/Lighting/Icons/LightUnitIcons/d_MediumAreaLight.png using Guid(b1826d69c1fcad9488491937a1ef4d84) (TextureImporter) -> (artifact id: 'f331d1dc60f88bebee0ff676430d03e8') in 0.0013736 seconds
Start importing Packages/com.unity.render-pipelines.core/Editor/Icons/MipLevels/Volume@256.png using Guid(b1737e8dd5ce0104ca1f1c05b481fad9) (TextureImporter) -> (artifact id: '16986d042b65a4556b2bc09ef503a827') in 0.0017542 seconds
Start importing Packages/com.unity.render-pipelines.core/Editor/Icons/MipLevels/RenderPipelineResources@64.png using Guid(b1c49d259b9089743b6272150f77b8fe) (TextureImporter) -> (artifact id: '4719652075983ac546a0cb699b110b03') in 0.0014064 seconds
Start importing Packages/com.unity.render-pipelines.core/Editor/Lighting/Icons/LightUnitIcons/SoftAreaLight@2x.png using Guid(b14c34aa843e4a14e957505ae407e8c3) (TextureImporter) -> (artifact id: 'e2f4c1865fdf954dd2d631ca2af4fb5a') in 0.0014796 seconds
Start importing Packages/com.unity.shadergraph/Editor/Resources/Icons/sg_graph_icon@2x.png using Guid(c1e1b751487e43d43923f055990214ea) (TextureImporter) -> (artifact id: 'c7f97a60b8a9df56d1ea4c369fadaf03') in 0.0021264 seconds
Start importing Packages/com.unity.render-pipelines.core/Editor/Lighting/Icons/LightPlacement_Icon@128.png using Guid(c1c8308c6609eff48841494a187bfb72) (TextureImporter) -> (artifact id: '1d4524330a4537c4d7e10efe0a4cb67e') in 0.0016013 seconds
Start importing Packages/com.unity.render-pipelines.core/Editor/Lighting/Icons/Advanced_Pressed_mini.png using Guid(c1d870384c7ed3c49b30d01278bf3949) (TextureImporter) -> (artifact id: '9990001323d897855665b13cf2c14aba') in 0.0014104 seconds
Start importing Packages/com.unity.render-pipelines.core/Editor/Lighting/Icons/LightPlacement_Icon@2x.png using Guid(c179f13951d25f646887d38fa53e6e65) (TextureImporter) -> (artifact id: '7c1508417d7d6a66fc2ddedc6c9e5089') in 0.0015944 seconds
Start importing Packages/com.unity.render-pipelines.universal/Textures/SMAA/AreaTex.tga using Guid(d1f1048909d55cd4fa1126ab998f617e) (TextureImporter) -> (artifact id: 'a694727fc2a966f1be0995141d765ab0') in 0.0046489 seconds
Start importing Packages/com.unity.2d.sprite/Editor/Assets/d_LockedOptions@2x.png using Guid(d1a4629d5a3d147978a3fe8af3b6a935) (TextureImporter) -> (artifact id: '378e0241bc4eccb32db26212472f0e21') in 0.0014202 seconds
Start importing Packages/com.unity.render-pipelines.universal/Textures/BlueNoise16/L/LDR_LLL1_26.png using Guid(d18a24d7b4ed50f4387993566d9d3ae2) (TextureImporter) -> (artifact id: '3a2315a82c90aacea9db9540625a0486') in 0.0010833 seconds
Start importing Packages/com.unity.inputsystem/InputSystem/Editor/Icons/ChevronDown@4x.png using Guid(d1acbe0a708dc40dc80254764e67ecfa) (TextureImporter) -> (artifact id: 'f13b0abcc62b658ad2c5bd8eccae9305') in 0.0012245 seconds
Start importing Packages/com.unity.render-pipelines.core/Editor/Lighting/Icons/LightUnitIcons/d_DecorativeLight@2x.png using Guid(e194061ed57dcf6478bc4a4079ac3998) (TextureImporter) -> (artifact id: '8dca86d06a340c9f884e6f11ac9567d5') in 0.0012252 seconds
Start importing Packages/com.unity.render-pipelines.core/Editor/LookDev/Icons/RightArrow@2x.png using Guid(e194270977977b24da0c6e1c962a5ce9) (TextureImporter) -> (artifact id: '8c37b3eee80f9fbbf30096f80290c19e') in 0.001703 seconds
Start importing Packages/com.unity.inputsystem/InputSystem/Editor/Icons/d_Position@3x.png using Guid(e1da124f7cbda41a4925397406076a42) (TextureImporter) -> (artifact id: 'e2ffd010606262b9c84a400545796d6e') in 0.0019215 seconds
Start importing Packages/com.unity.render-pipelines.core/Editor/Lighting/Icons/LightUnitIcons/SoftAreaLight.png using Guid(e10d9c07adc061a448e00b3e33fad966) (TextureImporter) -> (artifact id: 'dff12fdd83b552b85774c40fb401ce38') in 0.0013128 seconds
Start importing Packages/com.unity.render-pipelines.universal/Editor/2D/Resources/SceneViewIcons/PointLight.png using Guid(e1feb27120f96ae4ea48e922cbfd93da) (TextureImporter) -> (artifact id: '8f2bc50b61aacbfbe40aa0e4090c6a4a') in 0.0025287 seconds
Start importing Packages/com.unity.inputsystem/InputSystem/Editor/Icons/d_Keyboard@2x.png using Guid(f14e3a4027f834f16b235498ac15bb3f) (TextureImporter) -> (artifact id: '720727aa0af9d2919f4243fc814a7f0b') in 0.0012278 seconds
Start importing Packages/com.unity.render-pipelines.universal/Editor/2D/Resources/LightCapDown.png using Guid(02232385c7b444348987d74db8dd7b2e) (TextureImporter) -> (artifact id: '5f14d2eaa270f8f97c58378a0ac79b59') in 0.0011401 seconds
Start importing Packages/com.unity.render-pipelines.core/Editor/Lighting/Icons/IESProfile.png using Guid(0283fe60f65159b4a86ebabf444e23f9) (TextureImporter) -> (artifact id: 'f3ea25d99274ece77947d6b0752f0b6b') in 0.0016648 seconds
Start importing Packages/com.unity.render-pipelines.core/Editor/LookDev/Icons/d_LayoutVertical.png using Guid(02c3588c32f640d47bb70ee3fa774fce) (TextureImporter) -> (artifact id: 'e309c00973cbc91f8714ea8ee83fbd9c') in 0.0020598 seconds
Start importing Packages/com.unity.render-pipelines.core/Runtime/Debugging/Prefabs/Textures/White1px.png using Guid(127279d577f25ac4ea17dae3782e5074) (TextureImporter) -> (artifact id: 'e354df623c6574e26a808a9f7788e1f2') in 0.0075299 seconds
Start importing Packages/com.unity.ugui/Editor Resources/Textures/btn_AlignLeft_Light.psd using Guid(12736c98af174f91827a26b66d2b01b9) (TextureImporter) -> (artifact id: '9ebe6bc08e7974f6e61e08029d622c0c') in 0.0013714 seconds
Start importing Packages/com.unity.inputsystem/InputSystem/Editor/Icons/d_Keyboard@4x.png using Guid(123b6218ad27a41af933311ee524dcdc) (TextureImporter) -> (artifact id: 'd47de085c9cf2c752f1ff58a5c98e107') in 0.0013026 seconds
Start importing Packages/com.unity.render-pipelines.core/Editor/Icons/RenderGraphViewer/d_Texture@2x.png using Guid(126e291066d6c934e99b244ec88e813a) (TextureImporter) -> (artifact id: 'c1935f0ed4a3a5a0d25740aa041f280c') in 0.0013027 seconds
Start importing Packages/com.unity.render-pipelines.core/Editor/Icons/MipLevels/d_Volume@256.png using Guid(32b23d5d74f3aee4f9364e34e2f59379) (TextureImporter) -> (artifact id: '76417bfb6b13ebe6b0287d4b4abdf449') in 0.0017786 seconds
Start importing Packages/com.unity.shadergraph/GraphTemplates/BuiltIn/BuiltInLitBasicTemplateThumbnail.png using Guid(325e807a2af3f5f4691c7d9da76963f6) (TextureImporter) -> (artifact id: '73e0e0318127021878cd000bb97500fa') in 0.0115199 seconds
Start importing Packages/com.unity.render-pipelines.core/Editor/Icons/RenderGraphViewer/Buffer@2x.png using Guid(42f2be07082fcb641bfabb2ccd126ac0) (TextureImporter) -> (artifact id: '2bab96fb27ffcd0eef1e48f41dfe3998') in 0.0014367 seconds
Start importing Packages/com.unity.render-pipelines.core/Editor/Lighting/Icons/LightUnitIcons/BlueSky@2x.png using Guid(42382485181c7b4429560828f54a2bae) (TextureImporter) -> (artifact id: 'd878e4a8cf107e7a543263f118056fea') in 0.0013092 seconds
Start importing Packages/com.unity.render-pipelines.universal/Editor/SceneTemplates/Standard/ReflectionProbe-0.exr using Guid(42c8d975867dbb34299217c9b3a62677) (TextureImporter)Starting cubemap convolution for '' (size 128)
...took 0.029 seconds
 -> (artifact id: '167d5964899f8f22733262c2e5b3ab19') in 0.0877176 seconds
Start importing Packages/com.unity.inputsystem/InputSystem/Editor/Icons/d_Orientation@3x.png using Guid(424bff4d3ea64400e9b384cb8bebfb96) (TextureImporter) -> (artifact id: '4e8a33cd21c8bdb63d69d4de1c0e38da') in 0.00145 seconds
Start importing Packages/com.unity.render-pipelines.core/Editor/LookDev/Icons/Camera1@2x.png using Guid(52b3ad4181ffbec4cad6eb26d07127f6) (TextureImporter) -> (artifact id: '9b1efc785df64f29a3c44e9d3711d53f') in 0.0019401 seconds
Start importing Packages/com.unity.render-pipelines.core/Editor/Lighting/Icons/LightUnitIcons/Fluorescent.png using Guid(52dd14d6fa6ca2d46b942c8289a898eb) (TextureImporter) -> (artifact id: 'c7f6c1c0047c279af5208e67758a24a4') in 0.0013396 seconds
Start importing Packages/com.unity.inputsystem/InputSystem/Editor/Icons/Stick.png using Guid(6234dae5cf6f04acb9a51e04d448e444) (TextureImporter) -> (artifact id: '782f51aecb77e0040f0ce7b52d4429bc') in 0.0011762 seconds
Start importing Packages/com.unity.inputsystem/InputSystem/Editor/Icons/d_Axis@3x.png using Guid(62c846073cb844a2b926e4bbd3189647) (TextureImporter) -> (artifact id: 'e0feee18ff2b33a94471bef5e7c67815') in 0.0016346 seconds
Start importing Packages/com.unity.inputsystem/InputSystem/Editor/Icons/Orientation@2x.png using Guid(62f8dda50382d487597224e197cbd34f) (TextureImporter) -> (artifact id: '11934fec91346e3e7897f17298955187') in 0.0012515 seconds
Start importing Packages/com.unity.inputsystem/InputSystem/Editor/Icons/InputControl@2x.png using Guid(62ce957ca99fe4fcba573a5b141eb113) (TextureImporter) -> (artifact id: '9bd7e440fde2134399f97cd74befbe2a') in 0.0012086 seconds
Start importing Packages/com.unity.render-pipelines.core/Editor/LookDev/Icons/Layout1@2x.png using Guid(8263f1f26524404498d51bfe0b819925) (TextureImporter) -> (artifact id: 'f704134fa45db7184e9bbc65b77affd5') in 0.0017808 seconds
Start importing Packages/com.unity.shadergraph/Editor/Resources/Icons/sg_subgraph_icon_gray_light.png using Guid(82b6560ff26e58d48aa33e2869ad14e4) (TextureImporter) -> (artifact id: '700b4446c9b37ab494327038fd655610') in 0.0013442 seconds
Start importing Packages/com.unity.inputsystem/InputSystem/Editor/Icons/Touch@2x.png using Guid(82073a8bfd6b8488a89b8796d500d12d) (TextureImporter) -> (artifact id: '9515793d69477645dae896e62bfc3404') in 0.0013248 seconds
Start importing Packages/com.unity.ugui/Editor Resources/Textures/btn_AlignJustified.psd using Guid(92027f7f8cfc4feaa477da0dc38d3d46) (TextureImporter) -> (artifact id: '23b1a84527542a1ef7b36ec524577196') in 0.0014321 seconds
Start importing Packages/com.unity.render-pipelines.core/Editor/Icons/MipLevels/RenderPipelineResources@16.png using Guid(9204b01f48caab948aca3a4531851d40) (TextureImporter) -> (artifact id: '2d11cabdd04eb9251cf1d47978375da8') in 0.0010925 seconds
Start importing Packages/com.unity.ugui/Editor Resources/Textures/btn_AlignLeft.psd using Guid(9288066c33474b94b6ee5465f4df1cc0) (TextureImporter) -> (artifact id: 'd842d7c2de891d74c10e92a377f23e8c') in 0.0011986 seconds
Start importing Packages/com.unity.render-pipelines.core/Editor/Lighting/Icons/LightUnitIcons/d_IntenseAreaLight.png using Guid(a20ce10a62e5d924a84f1a723e96c07e) (TextureImporter) -> (artifact id: '9408c5b8f91cd9abe43d0ee0a158c958') in 0.0012337 seconds
Start importing Packages/com.unity.render-pipelines.universal/Textures/BlueNoise16/L/LDR_LLL1_24.png using Guid(a2ec5cbf5a9b64345ad3fab0912ddf7b) (TextureImporter) -> (artifact id: '51fb638b80f541d6808bea3d079f942c') in 0.0010745 seconds
Start importing Packages/com.unity.2d.sprite/Editor/Assets/d_SpriteFrameToggle@32.png using Guid(b2bd41a7c30fc4ad796e452d755dbfb5) (TextureImporter) -> (artifact id: '67fb1087034d436ff05b64228c46a8df') in 0.0013317 seconds
Start importing Packages/com.unity.ugui/Editor Resources/Textures/btn_AlignMidLine.psd using Guid(c2f7f6a88b4c4f20a53deb72f3d9144c) (TextureImporter) -> (artifact id: '2af6cbfbddf679ac8bdfd4f611952cd4') in 0.0013621 seconds
Start importing Packages/com.unity.inputsystem/InputSystem/Editor/Icons/Joystick.png using Guid(c28849deb3e3b45c98965e7efd26f7be) (TextureImporter) -> (artifact id: '40130bbff9e7bccbec82a65c07e2d1b9') in 0.001167 seconds
Start importing Packages/com.unity.shadergraph/GraphTemplates/Cross Pipeline/UnlitSimpleTemplateThumbnail.png using Guid(c21eaaec4c8575e47a9b342ce260b9ed) (TextureImporter) -> (artifact id: 'c791ff8bcd182616ac2478337049da00') in 0.0135658 seconds
Start importing Packages/com.unity.inputsystem/InputSystem/Editor/Icons/d_InputControl@4x.png using Guid(e2078613efd9e410c8771cbd2717f4e7) (TextureImporter) -> (artifact id: '1f25910ad7cad732f85bfeed783930b2') in 0.0014598 seconds
Start importing Packages/com.unity.render-pipelines.core/Editor/Lighting/Icons/d_LightPlacement_Icon@64.png using Guid(e20f6d92d0ae13040bfcbe8ef57da036) (TextureImporter) -> (artifact id: '6ffc357f8e6b488ef396d4efc4a254c6') in 0.0013936 seconds
Start importing Packages/com.unity.render-pipelines.core/Runtime/Debugging/Prefabs/Textures/UIArrowDown.png using Guid(f224bfd122877a34aa49c63693fc317b) (TextureImporter) -> (artifact id: 'fa86745fec54c26a058680a2262dc898') in 0.0016315 seconds
Start importing Packages/com.unity.inputsystem/InputSystem/Editor/Icons/d_Stick@4x.png using Guid(f2fd4d7aa99c94a67a6a137fe979a760) (TextureImporter) -> (artifact id: 'c99ca987cabe418ea243693d4671802c') in 0.0012672 seconds
Start importing Packages/com.unity.inputsystem/InputSystem/Editor/Icons/d_Stick@3x.png using Guid(03c3559bb64164f7785cd1250e475250) (TextureImporter) -> (artifact id: 'bfbb6f065fac337020a6f7b42eaea279') in 0.0011415 seconds
Start importing Packages/com.unity.shadergraph/Editor/Resources/GraphView/Nodes/PreviewCollapse.png using Guid(03d3df9748467354ab39a973710a3a30) (TextureImporter) -> (artifact id: '0eae15c9771038af8ae1203c0e626878') in 0.0011947 seconds
Start importing Packages/com.unity.inputsystem/InputSystem/Editor/Icons/d_Button.png using Guid(0309256f03c114697813e2296f0a1f18) (TextureImporter) -> (artifact id: '70a7a9c6435dd985a3eeaa8ee02d119b') in 0.0010617 seconds
Start importing Packages/com.unity.render-pipelines.core/Editor/Lighting/Icons/LightUnitIcons/DirectSunlight@2x.png using Guid(03ea000956f47584c872d8b4df47f5ee) (TextureImporter) -> (artifact id: '61f0d1c5066bb141b6574f1e86da9113') in 0.0014047 seconds
Start importing Packages/com.unity.render-pipelines.core/Editor/Lighting/Icons/LightUnitIcons/d_Overcast@2x.png using Guid(036f58abb8f232d41b3928a31433cf81) (TextureImporter) -> (artifact id: '6e9faa351979400b453d8fea37c49f24') in 0.0012598 seconds
Start importing Packages/com.unity.render-pipelines.core/Editor/Icons/MipLevels/VolumeProfile@128.png using Guid(13d6273ce5597af4f841001aa751c423) (TextureImporter) -> (artifact id: '8b63f3a1bbfa976841fd3f3c2254d432') in 0.001596 seconds
Start importing Packages/com.unity.inputsystem/InputSystem/Editor/Icons/Pen@2x.png using Guid(13fb345befe624412ac0bd0138d7bcf2) (TextureImporter) -> (artifact id: 'e6f2b1bc414d95daa97ac320b3046b28') in 0.0012165 seconds
Start importing Packages/com.unity.render-pipelines.core/Editor/Icons/RenderGraphViewer/Global@2x.png using Guid(13acc8e36620f0c499762b092afc9538) (TextureImporter) -> (artifact id: '0f541e24eee002d932d6b3fd289ce704') in 0.0015854 seconds
Start importing Packages/com.unity.render-pipelines.core/Editor/LookDev/Icons/Camera1.png using Guid(2384eb5de05269b44a58f8dd1d83d725) (TextureImporter) -> (artifact id: '7b95ec0be6d2bbb7cc743143fbc57f2a') in 0.0018197 seconds
Start importing Packages/com.unity.render-pipelines.core/Editor/Icons/RenderGraphViewer/Import@2x.png using Guid(23d6b8595de0e04429daf108638fe785) (TextureImporter) -> (artifact id: '412212834610fabf8ca8c3c8057d4a12') in 0.001251 seconds
Start importing Packages/com.unity.render-pipelines.universal/Textures/BlueNoise256/LDR_LLL1_5.png using Guid(3302065f671a8450b82c9ddf07426f3a) (TextureImporter) -> (artifact id: '34784fe388cd75cfdcbc354f7956f9a9') in 0.0021644 seconds
Start importing Packages/com.unity.inputsystem/InputSystem/Editor/AssetEditor/PackageResources/blue.png using Guid(33f32142c2c2d4662be5f5274db27158) (TextureImporter) -> (artifact id: 'a750573b62dafd9f95e1b8b57be38be1') in 0.0011831 seconds
Start importing Packages/com.unity.render-pipelines.core/Editor/Lighting/Icons/LightUnitIcons/Candlelight@2x.png using Guid(3387986904fe97b4cb1a1b607d1e7039) (TextureImporter) -> (artifact id: 'd30c3dc7003973392ee9f10de4a34e9c') in 0.0012674 seconds
Start importing Packages/com.unity.render-pipelines.core/Editor/Icons/RenderGraphViewer/d_Import@2x.png using Guid(33191aa3ed97cff4aa04bf4719f713ed) (TextureImporter) -> (artifact id: '94986afddb9ae8f752f5531a9468d549') in 0.001197 seconds
Start importing Packages/com.unity.render-pipelines.universal/Textures/BlueNoise256/LDR_LLL1_7.png using Guid(331c5658939a2461d8c7a0b3691eb7d5) (TextureImporter) -> (artifact id: '50699114a54fc41fbab69b330b805ddd') in 0.0021571 seconds
Start importing Packages/com.unity.render-pipelines.core/Editor/Icons/RenderGraphViewer/dash.png using Guid(33ff6e2aa12671544bb4df30e6443789) (TextureImporter) -> (artifact id: '894f316774a530f14f477c16cc07b5ca') in 0.0013567 seconds
Start importing Packages/com.unity.shadergraph/Editor/Resources/Icons/SettingsIcons.png using Guid(53bf71ace226b574d88c828e8b631aae) (TextureImporter) -> (artifact id: '58147b3fe894aa21143092681650a32a') in 0.0013783 seconds
Start importing Packages/com.unity.render-pipelines.core/Editor/Lighting/Icons/LightUnitIcons/d_DecorativeLight.png using Guid(73e9cf59769215c4892d0a8008f39737) (TextureImporter) -> (artifact id: 'f0e7ff69e9103d04cbcde0c5d84350b2') in 0.0012023 seconds
Start importing Packages/com.unity.render-pipelines.core/Runtime/Debug/ProbeVolumeNumbersDisplayTex.png using Guid(73fe53b428c5b3440b7e87ee830b608a) (TextureImporter) -> (artifact id: '0bf9b813d495c65df88c7727eea52297') in 0.0031877 seconds
Start importing Packages/com.unity.shadergraph/GraphTemplates/Cross Pipeline/DecalSimpleTemplateThumbnail.png using Guid(73df811908489f1408d1bec44aab3a80) (TextureImporter) -> (artifact id: 'ffa04d194b63fc401923b455a25f302a') in 0.0147517 seconds
Start importing Packages/com.unity.inputsystem/InputSystem/Editor/Icons/d_Gamepad@4x.png using Guid(83438053370c84456a73f7f95ef821fb) (TextureImporter) -> (artifact id: 'bde9e2f7a51e7af789d8bb4c09f9bc1e') in 0.0014526 seconds
Start importing Packages/com.unity.inputsystem/InputSystem/Editor/Icons/d_Keyboard.png using Guid(83382fb171da648c594229ca6fa7ad94) (TextureImporter) -> (artifact id: 'e44cec5455f3375c31ff542fcd5f2a83') in 0.0011338 seconds
Start importing Packages/com.unity.render-pipelines.core/Editor/LookDev/Icons/d_LayoutHorizontal.png using Guid(83cbec96661199e408a744d4c3e586e2) (TextureImporter) -> (artifact id: '127fcedf305da4adaec01511ca673a26') in 0.0015682 seconds
Start importing Packages/com.unity.inputsystem/InputSystem/Editor/Icons/Position@2x.png using Guid(a3fa73829479e4b41965e749fcca7c12) (TextureImporter) -> (artifact id: 'b65ec7915f16cda40f8d3a876a72c8eb') in 0.0010876 seconds
Start importing Packages/com.unity.render-pipelines.core/Editor/Lighting/Icons/LightUnitIcons/ExteriorLight@2x.png using Guid(a3fe770bc25a98540958d57e10f2a5fd) (TextureImporter) -> (artifact id: 'a4393519ebbfcbe28cd2e04d34c6e373') in 0.0012824 seconds
Start importing Packages/com.unity.render-pipelines.core/Runtime/Debugging/Prefabs/Textures/UICheckMark.png using Guid(b346b2a2df1d290438be3287b6419408) (TextureImporter) -> (artifact id: '1a19f4867fb00c07f563d313e99d4a6d') in 0.0018584 seconds
Start importing Packages/com.unity.render-pipelines.core/Editor/Lighting/Icons/Advanced_UnPressed_mini.png using Guid(b356b95f05b77cf49a1b8241134f44c4) (TextureImporter) -> (artifact id: '4abc9901e3a66747097afef04ad3042d') in 0.0013545 seconds
Start importing Packages/com.unity.render-pipelines.core/Editor/Lighting/Icons/LightUnitIcons/CloudySky@2x.png using Guid(c30d00a81d6542c40ae1837621e3969e) (TextureImporter) -> (artifact id: 'ef73f608b742f21c85a622d1bc33ca0a') in 0.0016621 seconds
Start importing Packages/com.unity.render-pipelines.core/Editor/Icons/MipLevels/Volume@32.png using Guid(d35462a3f88c67241b7b7cd6dc624ccb) (TextureImporter) -> (artifact id: '6e4c9a9d4471af6da3891824541b80f5') in 0.0013693 seconds
Start importing Packages/com.unity.render-pipelines.universal/Textures/BlueNoise16/L/LDR_LLL1_18.png using Guid(d36f0fe53425e08499a2333cf423634c) (TextureImporter) -> (artifact id: '143159ec0443c45e836a3a9595488f47') in 0.0011454 seconds
Start importing Packages/com.unity.ugui/Editor Resources/Textures/SectionHeader_Light.psd using Guid(e3b0f810fdea84e40ab4ba20f256f7e8) (TextureImporter) -> (artifact id: '4b6f78d90665a9122a597df12a33c486') in 0.0014143 seconds
Start importing Packages/com.unity.render-pipelines.universal/Textures/BlueNoise256/LDR_LLL1_4.png using Guid(e32226222ff144b24bf3a5a451de54bc) (TextureImporter) -> (artifact id: '3fb44f73214c91953337c465479a6281') in 0.0022709 seconds
Start importing Packages/com.unity.render-pipelines.universal/Textures/BlueNoise64/L/LDR_LLL1_0.png using Guid(e3d24661c1e055f45a7560c033dbb837) (TextureImporter) -> (artifact id: '37df06ff97d32b7df5bbae6c39844706') in 0.0011821 seconds
Start importing Packages/com.unity.render-pipelines.universal/Editor/SceneTemplates/Indoors/ReflectionProbe-0.exr using Guid(e375ace14cc3b5b448ca85ba2455930c) (TextureImporter)Starting cubemap convolution for '' (size 128)
...took 0.028 seconds
 -> (artifact id: '568d4968ac372bb69fc3554f744f7aa6') in 0.0908446 seconds
Start importing Packages/com.unity.render-pipelines.universal/Editor/Gizmos/Camera_UI.png using Guid(e3c6759aa8004ae458959d7fe48d6a74) (TextureImporter) -> (artifact id: '36d69940ce555eb253f62a0ed7d752a2') in 0.0024986 seconds
Start importing Packages/com.unity.searcher/Editor/Resources/FlatSkin/SearchSmallDownOn.png using Guid(f353e9d22eb9164499dd70cb41b00244) (TextureImporter) -> (artifact id: 'de7e167644ab11fe1827e6dda5f3c9ce') in 0.0014465 seconds
Start importing Packages/com.unity.render-pipelines.core/Editor/LookDev/Icons/LayoutHorizontal@2x.png using Guid(f3fe1e478135ed34db9a1f6707f52c6a) (TextureImporter) -> (artifact id: '5e6e8992e80fd380af10942e7e414f28') in 0.0018559 seconds
Start importing Packages/com.unity.render-pipelines.core/Editor/Lighting/Icons/LightUnitIcons/d_IntenseAreaLight@2x.png using Guid(0493fb4c3bbfd6a4396f7f221b5ce034) (TextureImporter) -> (artifact id: '7cf8a6ed58618cd60bee00d7765d5338') in 0.001597 seconds
Start importing Packages/com.unity.render-pipelines.core/Editor/Lighting/Icons/LightUnitIcons/BrightSky@2x.png using Guid(04c70b69874deb746a4c63f1a29f7715) (TextureImporter) -> (artifact id: 'c1ed9ec2c520aa65e1d061bc8bb09c06') in 0.0014124 seconds
Start importing Packages/com.unity.2d.sprite/Editor/ObjectMenuCreation/DefaultAssets/Textures/IsometricDiamond.png using Guid(045b15ec09bba42448d89db77fa6f20a) (TextureImporter) -> (artifact id: '901fac4edf468c12a7cc77c8fb8aec5b') in 0.0029953 seconds
Start importing Packages/com.unity.render-pipelines.core/Editor/LookDev/Icons/Remove@2x.png using Guid(049c8a7821177594692244298d82e4af) (TextureImporter) -> (artifact id: '872745e0f7a647b2123a03e19439e239') in 0.0018521 seconds
Start importing Packages/com.unity.render-pipelines.universal/Textures/BlueNoise16/L/LDR_LLL1_17.png using Guid(14381521ff11cb74abe3fe65401c23be) (TextureImporter) -> (artifact id: '1961af639bc3c0cc02f5665191c41d68') in 0.0012272 seconds
Start importing Packages/com.unity.render-pipelines.universal/Editor/Gizmos/Camera_Base.png using Guid(24b1fe14c2b41d6489a7e7819483df6b) (TextureImporter) -> (artifact id: 'c75615a3f0385b154b6e930526ec7c6f') in 0.0022108 seconds
Start importing Packages/com.unity.2d.sprite/Editor/ObjectMenuCreation/DefaultAssets/Textures/CapsuleWithBorder.png using Guid(34587324d412940a79d530020c957dc0) (TextureImporter) -> (artifact id: '5cd5b82506a0ba6e159cc912f95f693e') in 0.0046434 seconds
Start importing Packages/com.unity.inputsystem/InputSystem/Editor/Icons/d_Axis.png using Guid(34f9452ba2ee14c0b9c976800caef571) (TextureImporter) -> (artifact id: '626a151a27aa18f1bedff07dea64919a') in 0.0014194 seconds
Start importing Packages/com.unity.ugui/Editor Resources/Textures/btn_AlignRight.psd using Guid(342a0f8aca7f4f0691338912faec0494) (TextureImporter) -> (artifact id: '44b1b0db5153ad6ac4aa69929da1125c') in 0.0014973 seconds
Start importing Packages/com.unity.render-pipelines.core/Editor/Lighting/Icons/d_LightPlacement_Icon On@256.png using Guid(4439e27e7ae7188468effbc23418e0e1) (TextureImporter) -> (artifact id: 'a5f67d0e55233f6c920f30868339d4ba') in 0.002664 seconds
Start importing Packages/com.unity.inputsystem/InputSystem/Editor/Icons/d_Interactive Binding@3x.png using Guid(542599ad529004327a7b18f7b2a4aeb8) (TextureImporter) -> (artifact id: '98ef88d6eccf72c2273b905d2b336ccb') in 0.0014894 seconds
Start importing Packages/com.unity.ugui/Editor Resources/Textures/btn_AlignFlush_Light.psd using Guid(64b9fad609434c489c32b1cdf2004a1c) (TextureImporter) -> (artifact id: '0a36d67bc25f79df0ee9c07382ab15c5') in 0.0014081 seconds
Start importing Packages/com.unity.2d.sprite/Editor/Assets/d_SpriteEditor@2x.png using Guid(74d9036aa1bb14ccfafb89d639870288) (TextureImporter) -> (artifact id: 'da9d4e1c4424b0cce39cfffa4ef37eaf') in 0.0012978 seconds
Start importing Packages/com.unity.render-pipelines.core/Editor/Lighting/Icons/PresetFill_Left.png using Guid(84767f608f72f5a4090837fc328dd75f) (TextureImporter) -> (artifact id: 'c5d88f0993ad2d008934b3f582b6d23e') in 0.001556 seconds
Start importing Packages/com.unity.render-pipelines.core/Editor/LookDev/Icons/d_LeftArrow.png using Guid(84189b4c7caeef3419b6b031b8812685) (TextureImporter) -> (artifact id: 'f2bf707ebbba597c2c31dba41fe256c6') in 0.0016855 seconds
Start importing Packages/com.unity.render-pipelines.universal/Editor/ShaderGraph/GraphTemplates/FullscreenBasicTemplateThumbnail.png using Guid(9410f8b043e30fe4da99295d950c470f) (TextureImporter) -> (artifact id: '123349245581dbf3a02a58448e08b205') in 0.0147534 seconds
Start importing Packages/com.unity.shadergraph/Editor/Resources/GraphView/Nodes/NodeChevronUp@2x.png using Guid(94c5e3f4e8affed4285a0c674a431b9e) (TextureImporter) -> (artifact id: 'a37ed56d40a66f2a63a69eff7ad4beb2') in 0.0015271 seconds
Start importing Packages/com.unity.render-pipelines.core/Editor/Lighting/Icons/LightUnitIcons/d_SoftAreaLight.png using Guid(940a20d919196f1408474a7b7057f4b9) (TextureImporter) -> (artifact id: '9120c8096227a6fce5f61c8b03c122e9') in 0.0012773 seconds
Start importing Packages/com.unity.inputsystem/InputSystem/Editor/Icons/d_Touch.png using Guid(94fa2e214a138425e8afbbe1329e0b55) (TextureImporter) -> (artifact id: '9333f5613e5549d964040634981367e7') in 0.0011465 seconds
Start importing Packages/com.unity.render-pipelines.core/Editor/LookDev/Icons/d_Link.png using Guid(94ec4fdf9502c3747b5c0754ca18919e) (TextureImporter) -> (artifact id: 'bde6febba71f5c8868596a81e267903c') in 0.0017214 seconds
Start importing Packages/com.unity.inputsystem/InputSystem/Editor/AssetEditor/PackageResources/pro/actionTreeBackgroundWithoutBorder.png using Guid(943deaaee9c9347e0a455aa208526c42) (TextureImporter) -> (artifact id: 'dae422bc6b7a311c423ebb174b6e3e1a') in 0.0013676 seconds
Start importing Packages/com.unity.inputsystem/InputSystem/Editor/Icons/Joystick@3x.png using Guid(a4610f64a5a4e4625b1ddbd44b04c5a6) (TextureImporter) -> (artifact id: '5951cf30d69f90383a24b5f45bab1af9') in 0.001406 seconds
Start importing Packages/com.unity.render-pipelines.core/Editor/LookDev/Icons/d_Environment@2x.png using Guid(a4638c6b8e07c0b49822ed7a91a96d0a) (TextureImporter) -> (artifact id: 'bc29e21d70024421ab91f59bb9a7f50e') in 0.0018092 seconds
Start importing Packages/com.unity.inputsystem/InputSystem/Editor/Icons/TrackedPoseDriver.png using Guid(a4d5a38cb01e9c54aa75431f797059cb) (TextureImporter) -> (artifact id: '4b0c6212c3672e4bf799cb2c13485b64') in 0.0013886 seconds
Start importing Packages/com.unity.inputsystem/InputSystem/Editor/Icons/d_Add Binding.png using Guid(a4bbff684804d4c84b61cd0256cd2360) (TextureImporter) -> (artifact id: '7793e8b4f948633b9bf177b258ebd0cc') in 0.0013296 seconds
Start importing Packages/com.unity.inputsystem/InputSystem/Editor/Icons/Position@3x.png using Guid(a43c2c10c85c448b584c8f2840f86915) (TextureImporter) -> (artifact id: 'e22da60d721f863e9f429cc9c9c816f7') in 0.0014001 seconds
Start importing Packages/com.unity.inputsystem/InputSystem/Editor/Icons/Stick@3x.png using Guid(a4deca3e01bf64bfc9136f4cb3b41c9f) (TextureImporter) -> (artifact id: '67ae458463ee2f8612d8302220e1ac79') in 0.0014187 seconds
Start importing Packages/com.unity.render-pipelines.core/Editor/Resources/Gizmos/ProbeVolume.png using Guid(a4aff83690b661e4fab719effabef2a9) (TextureImporter) -> (artifact id: '298c9674697b5576a49efadabb5751c4') in 0.0030838 seconds
Start importing Packages/com.unity.render-pipelines.universal/Textures/FilmGrain/Medium06.png using Guid(b4db8180660810945bf8d55ab44352ad) (TextureImporter) -> (artifact id: '2d3b24da022f0b4c337b9198e27b5e80') in 0.0045588 seconds
Start importing Packages/com.unity.render-pipelines.universal/Editor/2D/Resources/LightCapTopRight.png using Guid(b42c95bdd7efefc43900dbbedc4a39f8) (TextureImporter) -> (artifact id: '6ef067d0a429d004024204c4c701a13f') in 0.0013155 seconds
Start importing Packages/com.unity.inputsystem/InputSystem/Editor/Icons/d_InputControl@2x.png using Guid(c4235c4abfa134435bd4c8c1f8fd8c56) (TextureImporter) -> (artifact id: 'bb7d711e8717096bcd943fe6fdf8e700') in 0.0013074 seconds
Start importing Packages/com.unity.inputsystem/InputSystem/Editor/AssetEditor/PackageResources/pro/actionTreeBackground.png using Guid(c4b66e31395c54087a2fbc13ae7e0f3c) (TextureImporter) -> (artifact id: 'd26335f54d31e72074c8b36e5511347d') in 0.0012839 seconds
Start importing Packages/com.unity.inputsystem/InputSystem/Editor/Icons/ChevronUp@4x.png using Guid(c4f7551c56dfb47a7a105b6579646d2f) (TextureImporter) -> (artifact id: '067eb14ff51d12c7cf84cd1ced756c18') in 0.0012163 seconds
Start importing Packages/com.unity.render-pipelines.core/Editor/Lighting/Icons/d_LightPlacement_Icon@32.png using Guid(c4f74ec1885109d438846c229989bcf9) (TextureImporter) -> (artifact id: 'e5f085d905e32c89da88d5bee16dd55f') in 0.0016153 seconds
Start importing Packages/com.unity.render-pipelines.universal/Textures/BlueNoise16/L/LDR_LLL1_19.png using Guid(d4044ea2490d63b43aa1765f8efbf8a9) (TextureImporter) -> (artifact id: '61a935d8b8286c67595c8bfd12ce886a') in 0.0015134 seconds
Start importing Packages/com.unity.render-pipelines.core/Editor/Icons/MipLevels/VolumeProfile@32.png using Guid(d437cf5f006f8e74eb25c84d04daa681) (TextureImporter) -> (artifact id: '0433dc797930dee2e9c2226d3853e7dc') in 0.0012353 seconds
Start importing Packages/com.unity.render-pipelines.core/Runtime/Debugging/Prefabs/Textures/UIElement8px.png using Guid(d49e78756811bfa4aafb8b6535417991) (TextureImporter) -> (artifact id: 'aeee50a6f8455faeea6d138092f0d6aa') in 0.0016113 seconds
Start importing Packages/com.unity.render-pipelines.core/Editor/Lighting/Icons/LightUnitIcons/IntenseAreaLight.png using Guid(d4df75c76c1661847b6902f889b44bcb) (TextureImporter) -> (artifact id: '5e0830757fba5aec51d86c7ab4449ce9') in 0.0012998 seconds
Start importing Packages/com.unity.render-pipelines.core/Editor/Lighting/Icons/LightUnitIcons/d_VeryBrightSun@2x.png using Guid(e4e685bec200b3c45a29e88e2eeb8ddb) (TextureImporter) -> (artifact id: '7f88b01a83d33f589a862ee200ada9cc') in 0.0011856 seconds
Start importing Packages/com.unity.inputsystem/InputSystem/Editor/Icons/d_ChevronUp@4x.png using Guid(e46ad23216d074f828f3437b21912c64) (TextureImporter) -> (artifact id: '4dad555c7aea4075fff24ecfca679437') in 0.0011584 seconds
Start importing Packages/com.unity.inputsystem/InputSystem/Editor/Icons/d_Interactive Binding@4x.png using Guid(f4e6ca70dd9734da1a812be882c6364e) (TextureImporter) -> (artifact id: 'bd9ef2cfa055b33cab89d5eeb6b7981d') in 0.0012665 seconds
Start importing Packages/com.unity.render-pipelines.universal/Editor/2D/Resources/LightCapTopLeft.png using Guid(f4f779c88fa8c514d970afbd68ff6b3f) (TextureImporter) -> (artifact id: '75791bb2b38024009d29606630a32b8d') in 0.0012847 seconds
Start importing Packages/com.unity.render-pipelines.core/Editor/Lighting/Icons/DownSnatch.png using Guid(f4efccbcc00042141b8f7f63392439b5) (TextureImporter) -> (artifact id: 'cba44f289939bd8025482088b837d556') in 0.001269 seconds
Start importing Packages/com.unity.inputsystem/InputSystem/Editor/Icons/Mouse@3x.png using Guid(05bbafd21bf3c4cca93cb8ddfbbd4070) (TextureImporter) -> (artifact id: '2dfa8a0652f2a2ab3133dc3fbd29aea2') in 0.0011213 seconds
Start importing Packages/com.unity.inputsystem/InputSystem/Editor/Icons/ChevronDown@2x.png using Guid(153c8e15f7f6c452ca50f6795813ed39) (TextureImporter) -> (artifact id: '682ac8205e20d51de32bbb57984d292f') in 0.0014809 seconds
Start importing Packages/com.unity.inputsystem/InputSystem/Editor/Icons/d_Position@2x.png using Guid(2552e303d22424da2ad62552efbd06e8) (TextureImporter) -> (artifact id: '5ed6220b01dc4feaf6f1e84fa11ec851') in 0.001226 seconds
Start importing Packages/com.unity.render-pipelines.core/Editor/Icons/RenderGraphViewer/FramebufferFetch@2x.png using Guid(35a75acf988224d4da424a5a42cdaaf9) (TextureImporter) -> (artifact id: 'ec35a3caf8855316f2c7c37a027c0962') in 0.0044171 seconds
Start importing Packages/com.unity.render-pipelines.core/Editor/LookDev/Icons/Layout2@2x.png using Guid(356caeb1305bf794e94ecd5161f8e6e3) (TextureImporter) -> (artifact id: 'f587ed035c7ce38bbc203dd746b49f5a') in 0.0020354 seconds
Start importing Packages/com.unity.render-pipelines.core/Editor/LookDev/Icons/Duplicate.png using Guid(352dd7fc77ee28c479bf6504efe94f16) (TextureImporter) -> (artifact id: '07a12e25454a1b4da7bbdfcb9a375531') in 0.0018747 seconds
Start importing Packages/com.unity.ugui/Editor Resources/Textures/btn_AlignCenterGeo_Light.psd using Guid(35ff0937876540d3bd4b6a941df62a92) (TextureImporter) -> (artifact id: '23d447e80a5012ef19ec1bdb20ba5fc3') in 0.0016042 seconds
Start importing Packages/com.unity.render-pipelines.core/Editor/LookDev/Icons/Link.png using Guid(45751a4124f67c443bf96ed1df7c550b) (TextureImporter) -> (artifact id: '9840e1a6047754ce0343302bfe05b269') in 0.001863 seconds
Start importing Packages/com.unity.inputsystem/InputSystem/Editor/Icons/d_Stick.png using Guid(55040e210fa9b426b861a26909ab4de7) (TextureImporter) -> (artifact id: 'c7a732953797b6be1d080026c216fcf1') in 0.001822 seconds
Start importing Packages/com.unity.render-pipelines.universal/Textures/FilmGrain/Thin01.png using Guid(654c582f7f8a5a14dbd7d119cbde215d) (TextureImporter) -> (artifact id: 'a2de883256145c2c3badbd34df8dec9c') in 0.0044912 seconds
Start importing Packages/com.unity.inputsystem/InputSystem/Editor/Icons/Gamepad@4x.png using Guid(7543bb6341c2140f292c8c852e7a3bbf) (TextureImporter) -> (artifact id: '1996ad494669cfa2d6c0a0e8835cbd03') in 0.0015945 seconds
Start importing Packages/com.unity.2d.sprite/Editor/ObjectMenuCreation/DefaultAssets/Textures/v2/Triangle.png using Guid(75f5f34dc1b5347e0b8351032682f224) (TextureImporter) -> (artifact id: 'ef412f5752c883506d7e434efc044373') in 0.0073287 seconds
Start importing Packages/com.unity.render-pipelines.core/Editor/LookDev/Icons/LookDev.png using Guid(85099cb723efe4444a23b08281d721c2) (TextureImporter) -> (artifact id: '02e3b0e0d71bdbc1bab592070506f698') in 0.0036539 seconds
Start importing Packages/com.unity.shadergraph/Editor/Resources/GraphView/Nodes/NodeChevronRight.png using Guid(951848ba8b6205940a9bd1b8fdd4d796) (TextureImporter) -> (artifact id: '9593e81f251aae30d828f1a8054504c6') in 0.002314 seconds
Start importing Packages/com.unity.inputsystem/InputSystem/Editor/Icons/Add Binding.png using Guid(958a10dec4f3a4764bb345b0aa03510b) (TextureImporter) -> (artifact id: 'cc21660490486e3d4d3bb804992b7478') in 0.0034965 seconds
Start importing Packages/com.unity.shadergraph/Editor/Resources/Icons/blackboard.png using Guid(954de74b6fa234cfbb474898019e0acf) (TextureImporter) -> (artifact id: '4a94150233a8e29737fc788366f4ff40') in 0.0023378 seconds
Start importing Packages/com.unity.render-pipelines.core/Editor/Lighting/Icons/LightUnitIcons/d_BrightSky.png using Guid(a543c2d2147884347a1846e862efa72f) (TextureImporter) -> (artifact id: '9d9c4b8566224e365123117e38cfde69') in 0.0107443 seconds
Start importing Packages/com.unity.render-pipelines.core/Editor/LookDev/Icons/Remove.png using Guid(a5c48bfebeb031a4b8d66da4be0e27b9) (TextureImporter) -> (artifact id: 'e45b9a11869dd2a5f4dfcb061418fb07') in 0.0085141 seconds
Start importing Packages/com.unity.render-pipelines.universal/Editor/2D/Resources/LightCapUp.png using Guid(a58fea03b14b2be4295b11f21a57a6f7) (TextureImporter) -> (artifact id: 'dfd1e900957a590fd4b46afc163829ab') in 0.0084811 seconds
Start importing Packages/com.unity.render-pipelines.core/Editor/Lighting/Icons/LightUnitIcons/d_InteriorLight.png using Guid(b5a2e773c2799aa42a4e99429158896e) (TextureImporter) -> (artifact id: '9dd31fdee44d7d706f5259df362d5b8a') in 0.0013875 seconds
Start importing Packages/com.unity.searcher/Editor/Resources/FlatSkin/SearchSmallDownOn@2x.png using Guid(c5b36095078d8694ba9e3ae3fd867b2e) (TextureImporter) -> (artifact id: 'b9c4d99b8caacbbd2ff4e3349dd69743') in 0.0013534 seconds
Start importing Packages/com.unity.render-pipelines.core/Editor/Lighting/Icons/HorizontalGradient.png using Guid(c56daa0c35d8542449aea902efda87ce) (TextureImporter) -> (artifact id: '42d62757e9013ec15b5b03ca967fe41b') in 0.0015637 seconds
Start importing Packages/com.unity.inputsystem/InputSystem/Editor/Icons/d_Position.png using Guid(c5bdeae4dabac4bf19f7a1afcf5ca678) (TextureImporter) -> (artifact id: '7971f7a989e9d23305539dce9dba28e8') in 0.0016676 seconds
Start importing Packages/com.unity.render-pipelines.universal/Textures/BlueNoise16/L/LDR_LLL1_13.png using Guid(d512512f4af60a442ab3458489412954) (TextureImporter) -> (artifact id: '6b60c0240eefbb5e5854fedaeed24353') in 0.0013243 seconds
Start importing Packages/com.unity.render-pipelines.universal/Textures/BlueNoise16/L/LDR_LLL1_21.png using Guid(d5c9b274310e5524ebe32a4e4da3df1f) (TextureImporter) -> (artifact id: 'e9f815642cf6d78803ee23fdb45ed4f7') in 0.0012398 seconds
Start importing Packages/com.unity.render-pipelines.core/Editor/Lighting/Icons/LightUnitIcons/d_MoonlessNight@2x.png using Guid(d56ac7ee03f65c7408f8f3d5aeecdb86) (TextureImporter) -> (artifact id: '70b4299146b2506e4d12e6e4615a2a5b') in 0.0014335 seconds
Start importing Packages/com.unity.render-pipelines.universal/Textures/BlueNoise16/L/LDR_LLL1_1.png using Guid(d50c5e07c9911a74982bddf7f3075e7b) (TextureImporter) -> (artifact id: 'b388932ebc144d47dd2c692738fe5414') in 0.0012044 seconds
Start importing Packages/com.unity.shadergraph/Editor/Resources/GraphView/Nodes/UITKShaderPreview-Texture.png using Guid(e5c0078b94743b5468d137f0728f414e) (TextureImporter) -> (artifact id: 'b419333182249f8e017314b13992796d') in 0.0065316 seconds
Start importing Packages/com.unity.render-pipelines.core/Editor/Lighting/Icons/d_LightPlacement_Icon On@2x.png using Guid(e59f66416f4ecf3429053a0274b589a0) (TextureImporter) -> (artifact id: '08ac84471f234c924f8017e707ce9e0c') in 0.001533 seconds
Start importing Packages/com.unity.render-pipelines.core/Editor/Lighting/Icons/LightUnitIcons/d_Moonlight@2x.png using Guid(f520337c0c5dde34fa2d4207d953a31f) (TextureImporter) -> (artifact id: '4b6cc0b7d17ae03f4f5853db5b7d310b') in 0.00139 seconds
Start importing Packages/com.unity.render-pipelines.core/Editor/Lighting/Icons/d_LightPlacement_Icon On@32.png using Guid(f5d08e5c109deb84a9fcf7b2365cb537) (TextureImporter) -> (artifact id: '290c4a8a6f531118f45ee0b172ec8b40') in 0.0013213 seconds
Start importing Packages/com.unity.render-pipelines.core/Editor/Lighting/Icons/LightUnitIcons/MoonlessNight.png using Guid(f50a266376427a041b4e1b629d07611d) (TextureImporter) -> (artifact id: '658c971e8e0511b45a1142c193d3a360') in 0.0013609 seconds
Start importing Packages/com.unity.inputsystem/InputSystem/Editor/Icons/Joystick@4x.png using Guid(f58c918f135bd4b8abe5fdb06bda7f4d) (TextureImporter) -> (artifact id: 'e0ad70f067b1ef32716d99020d7c4641') in 0.00147 seconds
Start importing Packages/com.unity.inputsystem/InputSystem/Editor/Icons/Stick@4x.png using Guid(f5ace3d653812436a812bebfe7f9a242) (TextureImporter) -> (artifact id: '554bddf1d490fbf04850dd7c358bb862') in 0.0019736 seconds
Start importing Packages/com.unity.render-pipelines.core/Editor/LookDev/Icons/d_LookDev.png using Guid(0615fe8910911be4299d5604a54db99a) (TextureImporter) -> (artifact id: '7747e2f8535b72a471f4edea0f37e60e') in 0.0025697 seconds
Start importing Packages/com.unity.ugui/Editor Resources/Textures/btn_AlignMiddle_Light.psd using Guid(066619c9c9c84f89acb1b48c11a7efe2) (TextureImporter) -> (artifact id: 'f877ccaea4008b2f9617e1be1f2a7bc0') in 0.0015338 seconds
Start importing Packages/com.unity.inputsystem/InputSystem/Editor/Icons/d_ChevronDown.png using Guid(06ad495fb07444736b59782982d96250) (TextureImporter) -> (artifact id: '0686bc0ec3860e4a2357bb42be4691ed') in 0.001224 seconds
Start importing Packages/com.unity.2d.sprite/Editor/ObjectMenuCreation/DefaultAssets/Textures/HexagonFlatTop.png using Guid(16037dbd798344f57a526d53d48f5ead) (TextureImporter) -> (artifact id: 'a43841c81adb7f49e0f761ab1563cd86') in 0.0035952 seconds
Start importing Packages/com.unity.render-pipelines.core/Editor/LookDev/Icons/d_Add.png using Guid(160b197aba549514286b94426ceae589) (TextureImporter) -> (artifact id: 'bbf82b5bc16c2b27bddad2ab99f7dff8') in 0.0027604 seconds
Start importing Packages/com.unity.render-pipelines.universal/Textures/DebugFont.tga using Guid(26a413214480ef144b2915d6ff4d0beb) (TextureImporter) -> (artifact id: 'e01793533ffe3d3b92bcc2395ff6640e') in 0.0026464 seconds
Start importing Packages/com.unity.inputsystem/InputSystem/Editor/Icons/d_Mouse.png using Guid(264ffc05d7d2841d5a6065854b6282ca) (TextureImporter) -> (artifact id: 'a7f2cccaae5aef454d0eeca6d49fbd3e') in 0.0013562 seconds
Start importing Packages/com.unity.render-pipelines.universal/Textures/BlueNoise256/LDR_LLL1_0.png using Guid(36f118343fc974119bee3d09e2111500) (TextureImporter) -> (artifact id: 'b6606cc00273c6c0a598b184efe8e950') in 0.0029855 seconds
Start importing Packages/com.unity.shadergraph/Editor/Resources/GraphView/Nodes/BlackboardFieldPillBackground.png using Guid(56603bbe7a2b54640bbd90104bea4981) (TextureImporter) -> (artifact id: '75febdd1a700f827652d11f1d037b159') in 0.0019304 seconds
Start importing Packages/com.unity.render-pipelines.core/Editor/LookDev/Icons/d_Camera1.png using Guid(56c35c86bb44b0e4e84a22db56968157) (TextureImporter) -> (artifact id: 'ad82e5cc1eed8c8db91721b38c34bb06') in 0.0019368 seconds
Start importing Packages/com.unity.inputsystem/InputSystem/Editor/Icons/Position.png using Guid(5684eb521fa99491e9061de682d1622e) (TextureImporter) -> (artifact id: '89973611931f5624f834aafd3fc6812d') in 0.0014184 seconds
Start importing Packages/com.unity.shadergraph/GraphTemplates/Cross Pipeline/DecalMatProjTemplateThumbnail.png using Guid(5616b96dbeb625c498fdfe9517c1552b) (TextureImporter) -> (artifact id: '06b7842df9986a4b44023aea0a41b290') in 0.0162567 seconds
Start importing Packages/com.unity.render-pipelines.universal/Textures/BlueNoise256/LDR_LLL1_6.png using Guid(56a77a3e8d64f47b6afe9e3c95cb57d5) (TextureImporter) -> (artifact id: '9fefb560aed4ab0dedbba6d86148396d') in 0.0029601 seconds
Start importing Packages/com.unity.render-pipelines.universal/Runtime/2D/Data/Textures/FalloffLookupTexture.png using Guid(5688ab254e4c0634f8d6c8e0792331ca) (TextureImporter) -> (artifact id: '92d8d1711874fc612f3ea1807af23d32') in 0.0055374 seconds
Start importing Packages/com.unity.shadergraph/Editor/Resources/Icons/SettingsIcons@2x.png using Guid(66e0f20149bec7a4eaee2f2d8aec158a) (TextureImporter) -> (artifact id: 'c36102fa07ba9c3c099b30199913c647') in 0.0020185 seconds
Start importing Packages/com.unity.render-pipelines.core/Editor/Lighting/Icons/LightUnitIcons/d_ClearSky.png using Guid(76c10465276fcb9498b1fd312e3f74ed) (TextureImporter) -> (artifact id: 'dd59c9aaef01a67f2ea1299018d4b39d') in 0.001901 seconds
Start importing Packages/com.unity.render-pipelines.core/Editor/Icons/MipLevels/d_RenderPipelineResources@256.png using Guid(76e81564bded5e442a18ce6964cdaef3) (TextureImporter) -> (artifact id: '205fb7317dd3bd8fafb83957205484bf') in 0.0025451 seconds
Start importing Packages/com.unity.inputsystem/InputSystem/Editor/Icons/d_Gamepad.png using Guid(76dc61ff6c2d84b24b0a2ce01dc2842d) (TextureImporter) -> (artifact id: 'd97e31de4a5f93d04bd19e179e678981') in 0.0018624 seconds
Start importing Packages/com.unity.render-pipelines.core/Editor/Lighting/Icons/LightUnitIcons/d_DirectSunlight.png using Guid(76bf11a78c4428b4eb6b567a160a0c83) (TextureImporter) -> (artifact id: '704bfaed19ba7f44e2d9eae607dd9e3c') in 0.0017737 seconds
Start importing Packages/com.unity.inputsystem/InputSystem/Editor/Icons/Add Binding@4x.png using Guid(862c5ca31844d4a6d9aa804af982ce65) (TextureImporter) -> (artifact id: '994a86681049ddd5adb71845e10860df') in 0.0015198 seconds
Start importing Packages/com.unity.render-pipelines.core/Editor/Lighting/Icons/LightUnitIcons/DirectSunlight.png using Guid(863ef838c25e51b4790fd6ac881ba895) (TextureImporter) -> (artifact id: 'e97225f15aabd0640228ff44ed1d0f5c') in 0.0015152 seconds
Start importing Packages/com.unity.inputsystem/InputSystem/Editor/Icons/d_Pen@2x.png using Guid(96f7582a52a6843c09e0c71617e94f2d) (TextureImporter) -> (artifact id: '1d317fd98adea11a510d16a4f5a70d49') in 0.0014798 seconds
Start importing Packages/com.unity.render-pipelines.universal/Textures/BlueNoise16/L/LDR_LLL1_10.png using Guid(96aaab9cc247d0b4c98132159688c1af) (TextureImporter) -> (artifact id: '941293419cc02714691eca462462ce9a') in 0.0013661 seconds
Start importing Packages/com.unity.render-pipelines.core/Runtime/Debugging/Prefabs/Textures/UIFoldoutOpened.png using Guid(a674720496c1ed248a5b7ea3e22a11fd) (TextureImporter) -> (artifact id: '65af7b715256d86f65579a6b62c93190') in 0.0017454 seconds
Start importing Packages/com.unity.shadergraph/Editor/Resources/Icons/Settings_Flyout_9slice@2x.png using Guid(a6abafca3e442ca4d970a1f8a2c70b0a) (TextureImporter) -> (artifact id: 'ced9034958d5a152ded25b9a2516b755') in 0.002409 seconds
Start importing Packages/com.unity.collections/Unity.Collections.PerformanceTests/PerformanceTestFrameworkOutputListAdd.png using Guid(a6ecd2aa79759e64ba59ab5f51d661ac) (TextureImporter) -> (artifact id: 'd79ba476bc490ebc4ff3b0d59e52541d') in 0.0073895 seconds
Start importing Packages/com.unity.2d.sprite/Editor/ObjectMenuCreation/DefaultAssets/Textures/v2/HexagonFlatTop.png using Guid(b670ab75dde984907b8570040daa08c5) (TextureImporter) -> (artifact id: 'caeaed31d7d839a06be9764ed0a1979f') in 0.0027685 seconds
Start importing Packages/com.unity.render-pipelines.core/Editor/Icons/MipLevels/RenderPipelineResources@256.png using Guid(b645d34d84db58a45ac9775bb9a9bc48) (TextureImporter) -> (artifact id: '000eeb1aa03ed6d1b3cf887fb2c33030') in 0.0017802 seconds
Start importing Packages/com.unity.inputsystem/InputSystem/Editor/Icons/d_Dpad.png using Guid(b60b9eb0384c345c89435d0982a6e4fd) (TextureImporter) -> (artifact id: 'cf433de7d48a3558aee8f162841ee11a') in 0.0012807 seconds
Start importing Packages/com.unity.shadergraph/GraphTemplates/BuiltIn/BuiltInUnlitBasicTemplateThumbnail.png using Guid(e6831b07772f59844b5c282e8a4aa736) (TextureImporter) -> (artifact id: 'd567a1d098500a6f73b2f70c08dacb3c') in 0.0113075 seconds
Start importing Packages/com.unity.render-pipelines.universal/Textures/BlueNoise16/L/LDR_LLL1_5.png using Guid(e63eef8f54aa9dc4da9a5ac094b503b5) (TextureImporter) -> (artifact id: '3484d6899ed6bf0862683b9b05628592') in 0.0012934 seconds
Start importing Packages/com.unity.render-pipelines.core/Editor/Lighting/Icons/LightUnitIcons/d_Moonlight.png using Guid(f64528e1d51f6d74c9f7a1738deaa602) (TextureImporter) -> (artifact id: '23e971da05494e0edf459963b2cbc061') in 0.0013381 seconds
Start importing Packages/com.unity.render-pipelines.universal/Textures/BlueNoise16/L/LDR_LLL1_22.png using Guid(f69770e54f2823f43badf77916acad83) (TextureImporter) -> (artifact id: 'c4f9b9acf7d81efb847abb7cfb616b02') in 0.0010922 seconds
Start importing Packages/com.unity.render-pipelines.core/Editor/Lighting/Icons/DownSnatchFocused.png using Guid(f6ca176a623705248878abeaf560002a) (TextureImporter) -> (artifact id: 'fb7a6f46f9803173842bf3975a79e6dd') in 0.0014914 seconds
Start importing Packages/com.unity.render-pipelines.core/Editor/Icons/MipLevels/d_RenderPipelineResources@128.png using Guid(07d524f53c3f0a24b952dad4f0d95192) (TextureImporter) -> (artifact id: '2a731e8fedf7e55f55504e26015b4f3b') in 0.0013442 seconds
Start importing Packages/com.unity.collections/Unity.Collections.PerformanceTests/PerformanceTestFrameworkOutputFixedSize.png using Guid(079c3d43b74823a41bb33198b8221c23) (TextureImporter) -> (artifact id: '4bf6ca5bab1eb0fcd603254f3c215eea') in 0.0103098 seconds
Start importing Packages/com.unity.render-pipelines.universal/Textures/BlueNoise16/L/LDR_LLL1_9.png using Guid(071e954febf155243a6c81e48f452644) (TextureImporter) -> (artifact id: 'a835d3778a0e608d7574da08c45aef59') in 0.0013161 seconds
Start importing Packages/com.unity.inputsystem/InputSystem/Editor/Icons/d_Pen@3x.png using Guid(17b3fef87d666459d860ad88452862da) (TextureImporter) -> (artifact id: '12f9fb1d633c0e7da95eee683415dca5') in 0.0012785 seconds
Start importing Packages/com.unity.inputsystem/InputSystem/Editor/Icons/Gamepad.png using Guid(17c8753d0e5e24194b06404851be7f13) (TextureImporter) -> (artifact id: 'e0f6c50a935be4c8ef980d87211fdaf7') in 0.0010539 seconds
Start importing Packages/com.unity.shadergraph/Editor/Resources/Icons/sg_graph_icon.png using Guid(170afdc32bbba284e8d0740a464b9fbd) (TextureImporter) -> (artifact id: 'b31009651874d41ba78849ccebb265b6') in 0.0015086 seconds
Start importing Packages/com.unity.render-pipelines.core/Editor/Icons/MipLevels/RenderGraphViewer/d_PassInspector@16.png using Guid(179c26b8104e4a84bb9ba82aa6ec463b) (TextureImporter) -> (artifact id: '0ee598d1f0ac56f39f0adf9fec9ed7e5') in 0.0012813 seconds
Start importing Packages/com.unity.render-pipelines.universal/Textures/BlueNoise16/L/LDR_LLL1_31.png using Guid(179f794063d2a66478e6e726f84a65bc) (TextureImporter) -> (artifact id: '3b1443f76503d329a5f6cc19a0373d97') in 0.00114 seconds
Start importing Packages/com.unity.inputsystem/InputSystem/Editor/Icons/d_Axis@2x.png using Guid(27163f3cda5b9431d928f2b33eeb5cf1) (TextureImporter) -> (artifact id: '7c2236f743bb9ef83dbce81f3f9297d0') in 0.0011556 seconds
Start importing Packages/com.unity.inputsystem/InputSystem/Editor/Icons/d_Joystick@2x.png using Guid(27fa98be5deb54cbf9c11ffc540272b2) (TextureImporter) -> (artifact id: '1c9708071a8846cf436934c686888dc1') in 0.0010792 seconds
Start importing Packages/com.unity.render-pipelines.core/Editor/Lighting/Icons/d_LightPlacement_Icon On@16.png using Guid(27ddd7fccc437254da38f2ffe1983567) (TextureImporter) -> (artifact id: '8f41a9588c1112f6525b9ba28284c15b') in 0.0012387 seconds
Start importing Packages/com.unity.render-pipelines.core/Editor/PostProcessing/LensFlareResource/CircleFlareThumbnail@2x.png using Guid(37e93113453ac0d46863acd4090899c8) (TextureImporter) -> (artifact id: '00449e160a078cb30660a2919e4b996b') in 0.0023157 seconds
Start importing Packages/com.unity.render-pipelines.core/Editor/Lighting/Icons/LightUnitIcons/VeryBrightSun@2x.png using Guid(37ca6c7ad753f1648a24db2b740ba2ca) (TextureImporter) -> (artifact id: 'db8e203ed24866b3665e88155219ed87') in 0.0014776 seconds
Start importing Packages/com.unity.2d.sprite/Editor/Assets/SpriteEditorOn.png using Guid(476369828d55a4032beead7444495b69) (TextureImporter) -> (artifact id: '50206f0abfa5429f5e3edb9c6c86c88a') in 0.0012525 seconds
Start importing Packages/com.unity.render-pipelines.universal/Textures/BlueNoise16/L/LDR_LLL1_14.png using Guid(47a45908f6db0cb44a0d5e961143afec) (TextureImporter) -> (artifact id: '55ebed462b929ba4ca129327277cd2c3') in 0.001092 seconds
Start importing Packages/com.unity.render-pipelines.core/Editor/LookDev/Icons/d_LayoutVertical@2x.png using Guid(472b4042959bbd844b8fd760bddd7a47) (TextureImporter) -> (artifact id: 'f5748dc5d1dc56bdcc70f1dc383f265b') in 0.0016767 seconds
Start importing Packages/com.unity.inputsystem/InputSystem/Editor/AssetEditor/PackageResources/yellow.png using Guid(47cf506b4219343519083fe1c0b8fc9c) (TextureImporter) -> (artifact id: 'fac9541e7094cd5eaac66ef4986c5dc8') in 0.0011206 seconds
Start importing Packages/com.unity.shadergraph/Editor/Resources/Icons/Settings_Flyout_9slice.png using Guid(57517c89a809f44458493cef0310e46f) (TextureImporter) -> (artifact id: '55cf2179b592544a75005cd8b9b82466') in 0.0014916 seconds
Start importing Packages/com.unity.inputsystem/InputSystem/Editor/Icons/ChevronUp@2x.png using Guid(57dfdce0eaf2f48a9bd9e60e920e446b) (TextureImporter) -> (artifact id: '1712c645347b05e787826fe78594744d') in 0.0011409 seconds
Start importing Packages/com.unity.render-pipelines.core/Editor/Icons/MipLevels/d_Volume@32.png using Guid(675ff9ea9d96a004a85fc91680242734) (TextureImporter) -> (artifact id: 'bbeffd91b469a5bc5fcdf87398b51c62') in 0.001059 seconds
Start importing Packages/com.unity.render-pipelines.core/Editor/Lighting/Icons/LightPlacement_Icon.png using Guid(77f3e0d20577fcd4ebb29c14ff5d58c7) (TextureImporter) -> (artifact id: '18508e709b501e8fe5c0792f4a20932e') in 0.0015189 seconds
Start importing Packages/com.unity.2d.sprite/Editor/ObjectMenuCreation/DefaultAssets/Textures/CircleMask.png using Guid(87aaca0a643d54397ba969dab4fc8875) (TextureImporter) -> (artifact id: '913f54cf6558acf0a38d49e7b55b1303') in 0.0034369 seconds
Start importing Packages/com.unity.inputsystem/InputSystem/Editor/Icons/Keyboard@2x.png using Guid(87ae93efe5d3b4262995b0acdc987d88) (TextureImporter) -> (artifact id: '7176558239b8d07203eee741dca32779') in 0.0013197 seconds
Start importing Packages/com.unity.inputsystem/InputSystem/Editor/Icons/Mouse@2x.png using Guid(9721efa02e520488d96c36460fe7e4a6) (TextureImporter) -> (artifact id: '89d4b605483ce5fa077b19e68d85db63') in 0.0012181 seconds
Start importing Packages/com.unity.ugui/Editor Resources/Gizmos/TMP - Dropdown Icon.psd using Guid(a7ec9e7ad8b847b7ae4510af83c5d868) (TextureImporter) -> (artifact id: '44855fa574f625e149784d001310b8f1') in 0.001811 seconds
Start importing Packages/com.unity.render-pipelines.core/Editor/LookDev/Icons/d_LayoutCustom@2x.png using Guid(b753c88a6aeb2674fa1d4f0a4c0a285a) (TextureImporter) -> (artifact id: '4dd6853af548bec688170a2952103282') in 0.0017944 seconds
Start importing Packages/com.unity.2d.sprite/Editor/Assets/d_SpriteEditor.png using Guid(b7784190913354d4fb9b7f77888f915f) (TextureImporter) -> (artifact id: 'f379ea0f9969e5bc37d7fb298aa0559f') in 0.0040373 seconds
Start importing Packages/com.unity.ugui/Editor Resources/Textures/btn_AlignCenterGeo.psd using Guid(c76700ea0062413d9f69409b4e9e151b) (TextureImporter) -> (artifact id: '7a6b614f473d4cc99f49fb2bf21c3aa9') in 0.0016829 seconds
Start importing Packages/com.unity.render-pipelines.core/Editor/Lighting/Icons/d_LightPlacement_Icon@128.png using Guid(c7cdaebf43bf99948bf392ce8f4088af) (TextureImporter) -> (artifact id: 'af4226d48054f64d60bb4a0cf78ca3db') in 0.0018702 seconds
Start importing Packages/com.unity.inputsystem/InputSystem/Editor/AssetEditor/PackageResources/pink.png using Guid(d7b144323984d4298924c65ed071dea1) (TextureImporter) -> (artifact id: '35d52f0e7c7fb87b84a9a54d19b99fb4') in 0.0011634 seconds
Start importing Packages/com.unity.render-pipelines.core/Editor/Icons/MipLevels/d_Volume@128.png using Guid(d765b90a4ccbfae4ba0b8512144b99f0) (TextureImporter) -> (artifact id: '0a821ed652e18b409351af99ec78b9e6') in 0.0012423 seconds
Start importing Packages/com.unity.inputsystem/InputSystem/Editor/Icons/Dpad@4x.png using Guid(d7073cfe15a1a48bfb7ff59225052484) (TextureImporter) -> (artifact id: 'd1c428f4b75f4dc4b82c0e32a78df178') in 0.0012159 seconds
Start importing Packages/com.unity.render-pipelines.core/Editor/PostProcessing/LensFlareResource/Flare128.png using Guid(d7b90718ad2a7af4aab8546a0897d5db) (TextureImporter) -> (artifact id: '76996c4e5dab0af27d79d7da5cabab53') in 0.001577 seconds
Start importing Packages/com.unity.render-pipelines.core/Editor/Lighting/Icons/LightUnitIcons/d_SunriseSunset@2x.png using Guid(e737fd1dd31046c4da43e8ba94fdaf63) (TextureImporter) -> (artifact id: '51a3c11089d61761333b429c35cf3ae0') in 0.0014761 seconds
Start importing Packages/com.unity.inputsystem/InputSystem/Editor/Icons/d_Touch@3x.png using Guid(e77ee65b5139048949dc0ac5614efeec) (TextureImporter) -> (artifact id: '78ce4acd6052aed6d7505d1cd0a189ce') in 0.0013071 seconds
Start importing Packages/com.unity.inputsystem/InputSystem/Editor/Icons/Dpad.png using Guid(e76f0489d4db34a2fbc3532e07f2848a) (TextureImporter) -> (artifact id: '5c9843496c649a379637d13d0d72233d') in 0.0011388 seconds
Start importing Packages/com.unity.shadergraph/GraphTemplates/Cross Pipeline/TerrainSimpleTemplateThumbnail.png using Guid(f7b60a412d492fa4a96583e253626880) (TextureImporter) -> (artifact id: 'b9c9fbc81ba7fe6c2a5d77ca0df2276b') in 0.0256791 seconds
Start importing Packages/com.unity.render-pipelines.core/Editor/Lighting/Icons/d_LightPlacement_Icon@16.png using Guid(f75902f05f887d847bd7573bdac61eca) (TextureImporter) -> (artifact id: '87dd3724068f89047414999243622a2e') in 0.0017935 seconds
Start importing Packages/com.unity.render-pipelines.core/Editor/Lighting/Icons/LightUnitIcons/d_CloudySky@2x.png using Guid(088373792f5db604fa5b045cb5dff9c9) (TextureImporter) -> (artifact id: '6815151c175191ea25a1e16a97cbd34d') in 0.0022855 seconds
Start importing Packages/com.unity.render-pipelines.core/Editor/Lighting/Icons/LightUnitIcons/d_VeryBrightSun.png using Guid(083778a134a402a4f82b55a98ac21530) (TextureImporter) -> (artifact id: '3bfd9c2b4c611379a41921082bfdee08') in 0.006713 seconds
Start importing Packages/com.unity.inputsystem/InputSystem/Editor/Icons/InputControl@4x.png using Guid(08c99f7c2a7fa410d8567323e32ad5f5) (TextureImporter) -> (artifact id: '8dcbc86829a9d2897c2c5e554f2dcf88') in 0.0020001 seconds
Start importing Packages/com.unity.inputsystem/InputSystem/Editor/Icons/Joystick@2x.png using Guid(18e45e1f11fae429c80c200cca8e0b4c) (TextureImporter) -> (artifact id: 'b99ab873c77ef2ef2814c38f08843074') in 0.0013697 seconds
Start importing Packages/com.unity.shadergraph/Editor/Resources/Icons/sg_subgraph_icon_gray_dark.png using Guid(18c6490536702e840b89a326d93a92a1) (TextureImporter) -> (artifact id: '3bc1f013569a31cc79172baca81b7765') in 0.0013843 seconds
Start importing Packages/com.unity.ugui/Editor Resources/Textures/btn_AlignBaseLine_Light.psd using Guid(18775b51e3bd42299fd30bd036ea982f) (TextureImporter) -> (artifact id: 'cb253a158623195580620c35f442224f') in 0.0014568 seconds
Start importing Packages/com.unity.render-pipelines.core/Editor/LookDev/Icons/d_Camera2.png using Guid(281160d54742cbb44a88a61bf8ccfb16) (TextureImporter) -> (artifact id: '018fee1cf067d8352c6be22087e1f93f') in 0.0018758 seconds
Start importing Packages/com.unity.render-pipelines.core/Editor/LookDev/Icons/Camera2@2x.png using Guid(28f2917353630ce4fa307eeceadcd26d) (TextureImporter) -> (artifact id: '69c773dcfd7368b6aa99aa4eb25fe518') in 0.001879 seconds
Start importing Packages/com.unity.render-pipelines.core/Editor/LookDev/Icons/d_RightArrow@2x.png using Guid(28d47cbaafc98254f8d4f6184dff22cd) (TextureImporter) -> (artifact id: '17385ed4b1333caddbe0738890b3e068') in 0.001709 seconds
Start importing Packages/com.unity.render-pipelines.core/Editor/Icons/MipLevels/d_VolumeProfile@64.png using Guid(2889bb1951831234789d947901bce53e) (TextureImporter) -> (artifact id: '9dc8188be09ac517d88356a2be9059f1') in 0.0012337 seconds
Start importing Packages/com.unity.render-pipelines.core/Editor/Icons/RenderGraphViewer/Texture@2x.png using Guid(38d7c20ac7a9de246a75479d66d518fd) (TextureImporter) -> (artifact id: '00429c24883e312515bc1728c1c5d872') in 0.0013355 seconds
Start importing Packages/com.unity.ugui/Editor Resources/Textures/btn_AlignTop.psd using Guid(48d034c499ee4697af9dd6e327110249) (TextureImporter) -> (artifact id: '3bbd506cc1120ed8cc3aad9a4be79bb1') in 0.0016716 seconds
Start importing Packages/com.unity.render-pipelines.core/Editor/Icons/MipLevels/RenderGraphViewer/PassInspector@16.png using Guid(48b566d9e8cf828409d6879b70fe00b5) (TextureImporter) -> (artifact id: 'aee11425804240656f4fbacae139fe05') in 0.002358 seconds
Start importing Packages/com.unity.2d.sprite/Editor/ObjectMenuCreation/DefaultAssets/Textures/Square.png using Guid(48e93eef0688c4a259cb0eddcd8661f7) (TextureImporter) -> (artifact id: '816bf4785e11ed6790d709880680d41c') in 0.003499 seconds
Start importing Packages/com.unity.inputsystem/InputSystem/Editor/Icons/Touch.png using Guid(588041e6f0efb43489b38677e0aac58f) (TextureImporter) -> (artifact id: '1f4df96e6ea0364d385f34eabde82dad') in 0.0018164 seconds
Start importing Packages/com.unity.inputsystem/InputSystem/Editor/Icons/Stick@2x.png using Guid(5881d226463a047cb8db57c9cb0ebc0f) (TextureImporter) -> (artifact id: 'bf1e08a2addf283fd08235a398df001f') in 0.001351 seconds
Start importing Packages/com.unity.inputsystem/InputSystem/Editor/Icons/Dpad@2x.png using Guid(5806833d077654e5784b7cbf3e722f58) (TextureImporter) -> (artifact id: '5275ed8a27bb6570b48ef4b7aa93e40f') in 0.0012371 seconds
Start importing Packages/com.unity.ugui/Editor Resources/Textures/btn_AlignBottom_Light.psd using Guid(585b70cb75dd43efbfead809c30a1731) (TextureImporter) -> (artifact id: 'cdc68e6bee8c06a0713cd4a449611a9b') in 0.001417 seconds
Start importing Packages/com.unity.render-pipelines.universal/Editor/2D/Resources/InspectorIcons/FreeformLight.png using Guid(68e5bb6e60bebc046b26d3c3100a523b) (TextureImporter) -> (artifact id: '53fc4e302cbbc42f8374121144b8c6f0') in 0.0015413 seconds
Start importing Packages/com.unity.render-pipelines.core/Editor/Icons/RenderGraphViewer/AccelerationStructure@2x.png using Guid(78c530431f09533469990aeb78f31210) (TextureImporter) -> (artifact id: 'd53967538bf2710d35e463cd1dadaf5e') in 0.0015866 seconds
Start importing Packages/com.unity.shadergraph/GraphTemplates/default_vfx_msk.png using Guid(788b35e8fa5154559af342abaf8be483) (TextureImporter) -> (artifact id: 'ed2150dfb616d4533b0d3e9f3ed4a2d2') in 0.0013048 seconds
Start importing Packages/com.unity.2d.sprite/Editor/ObjectMenuCreation/DefaultAssets/Textures/v2/9Sliced.png using Guid(8884154dfe85442a3a3578be807dbcdf) (TextureImporter) -> (artifact id: '1e2eb10d1e0d020fa93823c137afd078') in 0.002908 seconds
Start importing Packages/com.unity.render-pipelines.universal/Editor/2D/Resources/InspectorIcons/SpriteLight.png using Guid(8839c54710da3374f994e12f39b6d65f) (TextureImporter) -> (artifact id: 'e6e87e307f0dcf48ca29602a84cf3ec0') in 0.001681 seconds
Start importing Packages/com.unity.shadergraph/Editor/Resources/GraphView/Nodes/PreviewExpand@2x.png using Guid(88995b00867befb41adaada22f8abc21) (TextureImporter) -> (artifact id: '8b069285e2c05daad78eac92fa5b1d36') in 0.0017181 seconds
Start importing Packages/com.unity.render-pipelines.core/Editor/Icons/RenderGraphViewer/PassInspector@2x.png using Guid(881eb9c95b9a018479a89b9218d61928) (TextureImporter) -> (artifact id: '5893d03ce6cea1ef8fca343ed47171f2') in 0.0012584 seconds
Start importing Packages/com.unity.render-pipelines.core/Editor/Icons/MipLevels/d_VolumeProfile@128.png using Guid(98c28ecf0d815cc49b6868def3e52f49) (TextureImporter) -> (artifact id: 'abb831b164538897fea03ff1eef72bd3') in 0.001508 seconds
Start importing Packages/com.unity.render-pipelines.core/Editor/Icons/RenderGraphViewer/d_FramebufferFetch@2x.png using Guid(986528338c7e82b42b466e23ac6fbb96) (TextureImporter) -> (artifact id: '78e09d02fcb87f5f6681258435e7e9df') in 0.0021729 seconds
Start importing Packages/com.unity.render-pipelines.core/Editor/LookDev/Icons/d_Layout2.png using Guid(98b5b3e7c51d32547b9b09232034b5d5) (TextureImporter) -> (artifact id: 'd45d6f0a461e0fe33ffe54c503f678a8') in 0.0017472 seconds
Start importing Packages/com.unity.inputsystem/InputSystem/Editor/Icons/ChevronDown@3x.png using Guid(985cbca1705a64c80b370afdb30b3ee7) (TextureImporter) -> (artifact id: '7460d525eeb68cf5177dbf99d51764ee') in 0.0012031 seconds
Start importing Packages/com.unity.render-pipelines.core/Editor/LookDev/Icons/d_Environment.png using Guid(98cefb354c00bc44cb31fffd52dc4650) (TextureImporter) -> (artifact id: 'b853d33e92cba5fb41cd25df0fbb0038') in 0.0017049 seconds
Start importing Packages/com.unity.2d.sprite/Editor/ObjectMenuCreation/DefaultAssets/Textures/v2/Circle.png using Guid(a86470a33a6bf42c4b3595704624658b) (TextureImporter) -> (artifact id: '93be745be0d297a38be25645ee35f55d') in 0.0026176 seconds
Start importing Packages/com.unity.inputsystem/InputSystem/Editor/Icons/d_ChevronUp@2x.png using Guid(a89bfcdeffde84e7ebf930d44b695435) (TextureImporter) -> (artifact id: '09c787f805cd93cd9adfb687491e3ccc') in 0.0012963 seconds
Start importing Packages/com.unity.render-pipelines.core/Editor/Icons/MipLevels/RenderGraphViewer/Resources@16.png using Guid(b8c995bb50a162c44b289f34d129328f) (TextureImporter) -> (artifact id: '0a49824336eae44f1a474049378be60f') in 0.0013339 seconds
Start importing Packages/com.unity.shadergraph/Editor/Resources/Icons/settingsbutton.png using Guid(c881a10bb6578f04ba6d52f6c3f0c9d6) (TextureImporter) -> (artifact id: '66a8d52fa17102628a465f945c19da68') in 0.0012263 seconds
Start importing Packages/com.unity.render-pipelines.core/Editor/Lighting/Icons/PresetFill_Right.png using Guid(c8e3d80f5ead8d4409a54da768cc431d) (TextureImporter) -> (artifact id: '5b78210438dad223056cde202f0e74b2') in 0.0014465 seconds
Start importing Packages/com.unity.render-pipelines.universal/Editor/2D/Resources/SceneViewIcons/FreeformLight.png using Guid(c89564426827c76479d8772adb43e6e4) (TextureImporter) -> (artifact id: '16acc5894f3d0d036d27127afae3685f') in 0.0026606 seconds
Start importing Packages/com.unity.inputsystem/InputSystem/Editor/Icons/d_Joystick@4x.png using Guid(d88596134c72c47b99d7d55583f4c6bf) (TextureImporter) -> (artifact id: '105b0607a6cf511cea325c328e475fd6') in 0.0013426 seconds
Start importing Packages/com.unity.render-pipelines.core/Editor/Lighting/Icons/LightUnitIcons/Moonlight@2x.png using Guid(d8bb1a60805d8d241acc12f74cd3b2d5) (TextureImporter) -> (artifact id: 'bc470d79741d42ca036348ee4acc100a') in 0.0016494 seconds
Start importing Packages/com.unity.render-pipelines.core/Editor/Lighting/Icons/LightUnitIcons/SunriseSunset.png using Guid(d8ee4aa2fab810242a1ff465e662bc09) (TextureImporter) -> (artifact id: '5c989f20ea73a00b97eac16391b31550') in 0.0017075 seconds
Start importing Packages/com.unity.render-pipelines.core/Editor/Icons/RenderGraphViewer/d_MemorylessTexture@2x.png using Guid(e813aef83a70543b79d435ef65ec86ee) (TextureImporter) -> (artifact id: '5e7671e10b07351bcd4fb287cc282153') in 0.0013701 seconds
Start importing Packages/com.unity.render-pipelines.core/Editor/LookDev/Icons/Camera2.png using Guid(e89a31db98e403b40af1a8f0ef9ae1ef) (TextureImporter) -> (artifact id: '7331907ae096b1f9412a6937cb171ba9') in 0.0027349 seconds
Start importing Packages/com.unity.render-pipelines.core/Editor/Lighting/Icons/d_LightPlacement_Icon@256.png using Guid(e8daef37e2419284e8b319261203d5c3) (TextureImporter) -> (artifact id: '3599418d51c2c4068fe14baeec683098') in 0.0033004 seconds
Start importing Packages/com.unity.inputsystem/InputSystem/Editor/Icons/d_Button@2x.png using Guid(0962795d1cafc460b9027de55b1c0a80) (TextureImporter) -> (artifact id: '6305916f45e7752922b21a74fed2e8f1') in 0.0019601 seconds
Start importing Packages/com.unity.inputsystem/InputSystem/Editor/Icons/d_Mouse@4x.png using Guid(1918e7bff8ff44878a0003977ca03971) (TextureImporter) -> (artifact id: '40080ce2ebc7b537b4ab45efc8ebf1a0') in 0.0029517 seconds
Start importing Packages/com.unity.2d.sprite/Editor/ObjectMenuCreation/DefaultAssets/Textures/v2/IsometricDiamond.png using Guid(19fb86013d8c24d6cb8410c0aadf30fa) (TextureImporter) -> (artifact id: '5bca1d0d9e847540f7687e486b6cd387') in 0.002955 seconds
Start importing Packages/com.unity.render-pipelines.core/Editor/Lighting/Icons/LightPlacement_Icon@32.png using Guid(396033515c05b1441a3451ea18bb8e27) (TextureImporter) -> (artifact id: '82123a36d36445eeb7dcee11bb56367b') in 0.0021836 seconds
Start importing Packages/com.unity.render-pipelines.core/Editor/Icons/MipLevels/RenderPipelineResources@32.png using Guid(39013bef60270164e94ccd21c1edb486) (TextureImporter) -> (artifact id: '54079fe39919eeefea5e144d426ba736') in 0.0020507 seconds
Start importing Packages/com.unity.render-pipelines.core/Editor/Lighting/Icons/LightUnitIcons/d_DirectSunlight@2x.png using Guid(392581b798d70d0408e104d352ffb20b) (TextureImporter) -> (artifact id: 'b9120b0fe6c758905bcf1b2f5d0204df') in 0.0023857 seconds
Start importing Packages/com.unity.render-pipelines.universal/Textures/BlueNoise16/L/LDR_LLL1_6.png using Guid(39451254daebd6d40b52899c1f1c0c1b) (TextureImporter) -> (artifact id: 'd741b05cdddcd14e535fb389a9d785e5') in 0.001724 seconds
Start importing Packages/com.unity.inputsystem/InputSystem/Editor/Icons/d_InputControl.png using Guid(399cd90f4e31041e692a7d3a8b1aa4d0) (TextureImporter) -> (artifact id: '6feef5a0013bb34de6e71fe256e8c83f') in 0.0019875 seconds
Start importing Packages/com.unity.render-pipelines.core/Editor/Lighting/Icons/LightUnitIcons/d_Shade@2x.png using Guid(49e4a0929afd1ae4283e4657bc636f9e) (TextureImporter) -> (artifact id: 'aab256b41566405d16bf5607f96fa2f0') in 0.0024731 seconds
Start importing Packages/com.unity.ugui/Editor Resources/Textures/btn_AlignCapLine_Light.psd using Guid(49679f302ac6408697f6b9314a38985c) (TextureImporter) -> (artifact id: 'a4433b5130a75a7c0f7351108faead18') in 0.0022343 seconds
Start importing Packages/com.unity.render-pipelines.universal/Editor/ShaderGraph/GraphTemplates/2D/2DSpriteLitTemplateThumbnail.png using Guid(494ba6900e1d9f34da743bb68ff82ddb) (TextureImporter) -> (artifact id: 'a33cdac7401d97c43e0117cbf7d723fb') in 0.0158853 seconds
Start importing Packages/com.unity.2d.sprite/Editor/Assets/LockedOptions.png using Guid(492c70ec0e6ff4af48a6886e4e1608f8) (TextureImporter) -> (artifact id: '085368bc8a436b0020e8f1e7349d79d8') in 0.0018765 seconds
Start importing Packages/com.unity.render-pipelines.core/Editor/Lighting/Icons/LightUnitIcons/d_ClearSky@2x.png using Guid(490d69b278eff784b85feca736d57389) (TextureImporter) -> (artifact id: 'a089677a4004a048c505c6722b170047') in 0.0015205 seconds
Start importing Packages/com.unity.shadergraph/Editor/Resources/GraphView/Nodes/NodeChevronUp.png using Guid(59e85404e1156534e84e3f06ad9d3bff) (TextureImporter) -> (artifact id: '0c70c13409039aba4037d38dfde4b576') in 0.0013389 seconds
Start importing Packages/com.unity.render-pipelines.core/Editor/Icons/MipLevels/d_Volume@16.png using Guid(6941712a966fa924d92b6855f339379e) (TextureImporter) -> (artifact id: 'b5a33886f288f6b1b930d9e06a1de31d') in 0.001153 seconds
Start importing Packages/com.unity.ugui/Editor Resources/Textures/btn_AlignFlush.psd using Guid(691475c57a824010be0c6f474caeb7e1) (TextureImporter) -> (artifact id: '91a937500db9815e2bab2c78039fc1f6') in 0.001312 seconds
Start importing Packages/com.unity.render-pipelines.core/Editor/Lighting/Icons/LightUnitIcons/d_MediumAreaLight@2x.png using Guid(79474406bb16ef9439655eb4b419b6a8) (TextureImporter) -> (artifact id: '33127017d216d7e35f82f1b99cc3a7ab') in 0.0013799 seconds
Start importing Packages/com.unity.render-pipelines.core/Editor/LookDev/Icons/Add@2x.png using Guid(79aba0b290c471c4ba3d3f818d4e9b15) (TextureImporter) -> (artifact id: '0a6a9b425bf4416a7ac50e48771cafe1') in 0.0018074 seconds
Start importing Packages/com.unity.render-pipelines.core/Editor/LookDev/Icons/RenderDoc@2x.png using Guid(89608b060fc7279479398a62e245a409) (TextureImporter) -> (artifact id: 'f61577f946cc043510abedaf8b679554') in 0.001735 seconds
Start importing Packages/com.unity.render-pipelines.core/Editor/Lighting/Icons/LightUnitIcons/d_BlueSky.png using Guid(8991eaef2ed56cc45b9a80b50fbca5e2) (TextureImporter) -> (artifact id: '09b59d5dadbcb72a0c30103c765e445d') in 0.0014378 seconds
Start importing Packages/com.unity.render-pipelines.core/Editor/Lighting/Icons/d_LightPlacement_Icon On@128.png using Guid(89282aabe914d244b839ba4652477f23) (TextureImporter) -> (artifact id: 'ee2b8a86531257fe49ba03b861aeabe2') in 0.0020775 seconds
Start importing Packages/com.unity.shadergraph/Editor/Resources/Icons/sg_subgraph_icon@2x.png using Guid(890b62dea83f90749a7d048c0e5c298b) (TextureImporter) -> (artifact id: '13a107a9dfdf319e67939267f06d2e75') in 0.0021068 seconds
Start importing Packages/com.unity.render-pipelines.universal/Textures/BlueNoise16/L/LDR_LLL1_30.png using Guid(896d9004736809c4fb5973b7c12eb8b9) (TextureImporter) -> (artifact id: '630035099d247ee865f9c69d9bb72d4c') in 0.0011288 seconds
Start importing Packages/com.unity.render-pipelines.universal/Textures/FilmGrain/Medium03.png using Guid(9930fb4528622b34687b00bbe6883de7) (TextureImporter) -> (artifact id: '8cd96e373e61bb4bf9a6d9e4f482fabe') in 0.0046089 seconds
Start importing Packages/com.unity.render-pipelines.universal/Editor/Gizmos/Camera_Offscreen.png using Guid(99c1f1ec31ff9924e9a75aff82e6b986) (TextureImporter) -> (artifact id: '663b7c56bd24143c968d85ed785c2bc7') in 0.0022869 seconds
Start importing Packages/com.unity.render-pipelines.core/Editor/LookDev/Icons/d_RightArrow.png using Guid(99e5d180080c96940a65c6d906ff9131) (TextureImporter) -> (artifact id: 'dc455c94544d8707e5b9653d503e23a0') in 0.0016655 seconds
Start importing Packages/com.unity.render-pipelines.core/Editor/LookDev/Icons/d_Camera2@2x.png using Guid(99d7e777338ab8f4ba890cc738794dba) (TextureImporter) -> (artifact id: '357fa62b3a39b875a68837187cf2f061') in 0.0015766 seconds
Start importing Packages/com.unity.inputsystem/InputSystem/Editor/Icons/Axis@4x.png using Guid(a940917cc397643afb071010cb2143d9) (TextureImporter) -> (artifact id: '91558596c7c521abc1b465a8cce3e503') in 0.0014151 seconds
Start importing Packages/com.unity.2d.sprite/Editor/ObjectMenuCreation/DefaultAssets/Textures/HexagonFlatTopWithBorder.png using Guid(a9716c16a44a94eed9b5c90fbf4d9bdd) (TextureImporter) -> (artifact id: 'b926d3e8b752ac2582f4fa0da6cd5452') in 0.0032748 seconds
Start importing Packages/com.unity.inputsystem/InputSystem/Editor/Icons/ChevronUp.png using Guid(a9fe7c3d19af4432b9ae2a5172f4ea72) (TextureImporter) -> (artifact id: '92a843dbb7598e0341a0e116572da775') in 0.0013704 seconds
Start importing Packages/com.unity.render-pipelines.core/Editor/Lighting/Icons/LightUnitIcons/d_Fluorescent.png using Guid(b95665ddb99de4945b528a188a1c41c7) (TextureImporter) -> (artifact id: 'e190b1ea43df7833b625d6fb4f3a9661') in 0.0022142 seconds
Start importing Packages/com.unity.render-pipelines.core/Editor/Lighting/Icons/LightUnitIcons/BrightSky.png using Guid(b93b6450b9bd1f44da176ac4a821c3e8) (TextureImporter) -> (artifact id: 'ed9b640bda660ba71ec04ce917f536e9') in 0.0016327 seconds
Start importing Packages/com.unity.render-pipelines.core/Editor/Icons/MipLevels/RenderGraphViewer/PassInspector@32.png using Guid(b9ac6ad13d9312941912fc855a3bcc41) (TextureImporter) -> (artifact id: '996643269360d547fd574962ec4975db') in 0.0014698 seconds
Start importing Packages/com.unity.render-pipelines.core/Editor/Icons/MipLevels/RenderGraphViewer/d_PassInspector@32.png using Guid(b98f3689f42be914d9c9db64ff280951) (TextureImporter) -> (artifact id: 'fceb8f0710547496db90b6576020ec98') in 0.0014503 seconds
Start importing Packages/com.unity.shadergraph/Editor/Resources/GraphView/Nodes/NodeChevronDown@2x.png using Guid(c951fed1cf039c7439a755e2ca108e4a) (TextureImporter) -> (artifact id: '8cb27bcc0d1bfc35888a271a82019af2') in 0.0014309 seconds
Start importing Packages/com.unity.inputsystem/InputSystem/Editor/Icons/d_Orientation.png using Guid(c933c2bcad7ef46309fde7c1cf11b39a) (TextureImporter) -> (artifact id: 'a1e7d79170f71bb23261dc766e1a9243') in 0.0012472 seconds
Start importing Packages/com.unity.inputsystem/InputSystem/Editor/Icons/Position@4x.png using Guid(c998b283038914e699477f514ecb31ac) (TextureImporter) -> (artifact id: '78b9c8cd805aac676819328ba1a5c24e') in 0.0014361 seconds
Start importing Packages/com.unity.render-pipelines.universal/Textures/BlueNoise16/L/LDR_LLL1_27.png using Guid(c989e1ed85cf7154caa922fec53e6af6) (TextureImporter) -> (artifact id: 'ebddabc742b4810f2ec1065c515a3e22') in 0.0012912 seconds
Start importing Packages/com.unity.render-pipelines.universal/Textures/BlueNoise16/L/LDR_LLL1_7.png using Guid(c94ad916058dff743b0f1c969ddbe660) (TextureImporter) -> (artifact id: 'feab4dd0b72e17eff5fd16cda8b99c22') in 0.0012253 seconds
Start importing Packages/com.unity.render-pipelines.universal/Textures/BlueNoise16/L/LDR_LLL1_20.png using Guid(c9bd74624d8070f429e3f46d161f9204) (TextureImporter) -> (artifact id: 'e04981d428a158c251b8487c935e7f6c') in 0.0011204 seconds
Start importing Packages/com.unity.render-pipelines.core/Editor/LookDev/Icons/Layout2.png using Guid(d9658be087f390f46bfefa8cb32bbaa6) (TextureImporter) -> (artifact id: '6151eb68535fc8508892cc5d10ac5eef') in 0.0017335 seconds
Start importing Packages/com.unity.render-pipelines.universal/Editor/2D/Resources/InspectorIcons/ParametricLight.png using Guid(e957854850ccb7140a538f7a93f8761b) (TextureImporter) -> (artifact id: 'b29e92e6b70d37b64fbb0d9b45be7422') in 0.0012689 seconds
Start importing Packages/com.unity.render-pipelines.core/Editor/Icons/MipLevels/d_VolumeProfile@256.png using Guid(e9cd351a12d48ed4caa2d4ed2d8f02b8) (TextureImporter) -> (artifact id: 'f194a2da1ba97457e55bec152bb008fa') in 0.0016759 seconds
Start importing Packages/com.unity.render-pipelines.core/Editor/LookDev/Icons/Rotation@2x.png using Guid(e9af78578671a3345b8cbf82f1f030b5) (TextureImporter) -> (artifact id: '3425d827a6a733befa03d1c0450158d4') in 0.0018295 seconds
Start importing Packages/com.unity.render-pipelines.core/Editor/PostProcessing/LensFlareResource/Flare.png using Guid(f92291bf6b5265641ab4f39a5d41fbf4) (TextureImporter) -> (artifact id: '0cd6fdc560f5c55a7d0d08ba1883a87f') in 0.0016217 seconds
Start importing Packages/com.unity.render-pipelines.universal/Textures/BayerMatrix.png using Guid(f9ee4ed84c1d10c49aabb9b210b0fc44) (TextureImporter) -> (artifact id: 'c0644a73b30c9333dfd6250a4d2e77d3') in 0.0010942 seconds
Start importing Packages/com.unity.inputsystem/InputSystem/Editor/Icons/d_Pen@4x.png using Guid(0aec7c7bf99354f66bc2a1d18bd0b4d2) (TextureImporter) -> (artifact id: '2d993e50d75df29ee6be131df4453630') in 0.0012098 seconds
Start importing Packages/com.unity.render-pipelines.core/Editor/Lighting/Icons/LightUnitIcons/SunriseSunset@2x.png using Guid(1ade1fa63a0a72f46be69e4ae5e83314) (TextureImporter) -> (artifact id: 'f80aaccd39ec9b058de7a10feb89bfb0') in 0.0012379 seconds
Start importing Packages/com.unity.render-pipelines.core/Editor/Lighting/Icons/LightUnitIcons/d_Candlelight@2x.png using Guid(2ae1ad1a228a66a479d96cae55499c4a) (TextureImporter) -> (artifact id: '335f46475e3f03498bb277510c58b347') in 0.0012363 seconds
Start importing Packages/com.unity.inputsystem/InputSystem/Editor/Icons/Button.png using Guid(2a5d0a7febdc741039abf135883517e5) (TextureImporter) -> (artifact id: 'c10fc4b43a5d2e454fc4cbf7e9c5b081') in 0.0010781 seconds
Start importing Packages/com.unity.inputsystem/InputSystem/Editor/Icons/Gamepad@3x.png using Guid(4ae0b2f68c2464272b1b10105262b09b) (TextureImporter) -> (artifact id: '38f150b9806e600242ab7563aeca8b85') in 0.0010481 seconds
Start importing Packages/com.unity.render-pipelines.universal/Editor/2D/Resources/Sparkle.png using Guid(4a0aca3a5f2effb41b43cc0a1661d845) (TextureImporter) -> (artifact id: '0762d893972537ec9b70689829a33442') in 0.0040348 seconds
Start importing Packages/com.unity.inputsystem/InputSystem/Editor/Icons/d_Add Binding@4x.png using Guid(4a0ce0eda6ee74c669b13104649e1313) (TextureImporter) -> (artifact id: '686a0f2af78db55f46d3ae5563cbdc21') in 0.0012708 seconds
Start importing Packages/com.unity.2d.sprite/Editor/ObjectMenuCreation/DefaultAssets/Textures/CircleWithBorder.png using Guid(4adeaf2d2b1c7417e89f026626d8264f) (TextureImporter) -> (artifact id: 'd856b0f868f7f99d2ea2d76865393c87') in 0.0030622 seconds
Start importing Packages/com.unity.inputsystem/InputSystem/Editor/AssetEditor/PackageResources/personal/foldoutBackground.png using Guid(5ab69704aa4984b49bc426da72fabbed) (TextureImporter) -> (artifact id: 'ef67b1fd29ff4a04eb17abf868e4acb8') in 0.0011356 seconds
Start importing Packages/com.unity.2d.sprite/Editor/ObjectMenuCreation/DefaultAssets/Textures/v2/HexagonPointTop.png using Guid(5aa8b770bc43046bc8d993d0d5b7f4a5) (TextureImporter) -> (artifact id: 'a701ba38f926166220fc9883be796aeb') in 0.0034018 seconds
Start importing Packages/com.unity.inputsystem/InputSystem/Editor/Icons/Keyboard.png using Guid(5a5b9538c3aaa4587856e68a93a92a51) (TextureImporter) -> (artifact id: 'b5c5166f15c0e5c4bb2bb24926b88c96') in 0.0011192 seconds
Start importing Packages/com.unity.inputsystem/InputSystem/Editor/Icons/MultiplayerEventSystem@64.png using Guid(6a237171e2346e3458db37eb0f90d42b) (TextureImporter) -> (artifact id: 'e9d3113cf62bdf0c4b05d0831099fa47') in 0.0014255 seconds
Start importing Packages/com.unity.render-pipelines.core/Editor/Lighting/Icons/LightUnitIcons/d_SunriseSunset.png using Guid(6ac733bfd834f4b4bab06306c63496f2) (TextureImporter) -> (artifact id: '25916d00042a964d81f63ca008c04e4d') in 0.001245 seconds
Start importing Packages/com.unity.render-pipelines.core/Editor/LookDev/Icons/LayoutVertical.png using Guid(6a9d49ac254f03c48bf5b6590f4d2a24) (TextureImporter) -> (artifact id: '5da45a6e72459f0429794ec56e11bbaa') in 0.0016753 seconds
Start importing Packages/com.unity.render-pipelines.core/Editor/Lighting/Icons/LightUnitIcons/IntenseAreaLight@2x.png using Guid(6abd010e1fd246f4585f513da25bcede) (TextureImporter) -> (artifact id: '129bffc2377d1e936387821ddacaa298') in 0.001263 seconds
Start importing Packages/com.unity.ugui/Editor Resources/Textures/btn_AlignCenter_Light.psd using Guid(6ace62d30f494c948b71d5594afce11d) (TextureImporter) -> (artifact id: 'ee89307028103c8980418d3c9702bdd6') in 0.0012421 seconds
Start importing Packages/com.unity.render-pipelines.core/Runtime/Debugging/Prefabs/Textures/UIFoldoutClosed.png using Guid(7a0568d5e3330b84687e307992be3030) (TextureImporter) -> (artifact id: '4c188cc35b850301f7c67b22af4c2cda') in 0.0017636 seconds
Start importing Packages/com.unity.render-pipelines.core/Editor/Lighting/Icons/UpSnatchFocused.png using Guid(8a35aa5922ce5b746a734edf7de25ab4) (TextureImporter) -> (artifact id: '6767ce27c6d921f19734b346d6f03f17') in 0.0015487 seconds
Start importing Packages/com.unity.render-pipelines.core/Editor/Icons/MipLevels/RenderPipelineResources@128.png using Guid(8a682daa78f03b64597ad91aefef3dab) (TextureImporter) -> (artifact id: 'ca3c76103d0bacd16e51655ac1c2a7ac') in 0.001616 seconds
Start importing Packages/com.unity.render-pipelines.core/Editor/LookDev/Icons/Environment.png using Guid(8accc003516bedf4b94c9c8a86b2b6a1) (TextureImporter) -> (artifact id: '1f4236d9c395741ae69448e43adb3be6') in 0.0017614 seconds
Start importing Packages/com.unity.render-pipelines.core/Editor/LookDev/Icons/Layout1.png using Guid(9a3173335e5741d438e81064b518bd80) (TextureImporter) -> (artifact id: '3a39b03f650414fec44d5c9f0ac175af') in 0.0016538 seconds
Start importing Packages/com.unity.render-pipelines.core/Editor/LookDev/Icons/Link@2x.png using Guid(9a235474413e1f349b010b461c76efac) (TextureImporter) -> (artifact id: 'f32d780af1e23a71d6eef6579c83b389') in 0.0016503 seconds
Start importing Packages/com.unity.inputsystem/InputSystem/Editor/Icons/Touch@3x.png using Guid(9ad5d5b6a25b749e78b4950eae0a8ec2) (TextureImporter) -> (artifact id: 'bb1b5848bb9eb163270b0b84930ba20a') in 0.0012067 seconds
Start importing Packages/com.unity.render-pipelines.core/Editor/Lighting/Icons/LightUnitIcons/d_BrightSky@2x.png using Guid(9a278b70c427e8e4caa47a45a5d59de8) (TextureImporter) -> (artifact id: '2f8d1f12134738c7a52b975c8741de3d') in 0.001342 seconds
Start importing Packages/com.unity.inputsystem/InputSystem/Editor/Icons/Button@4x.png using Guid(aa356632480554016ab8f4200032981b) (TextureImporter) -> (artifact id: 'a66d490e6835c4c5a09ec8d987994651') in 0.0013101 seconds
Start importing Packages/com.unity.shadergraph/Editor/Resources/Icons/blackboard_dark@2x.png using Guid(aa09d480b04b3437db2ba9c9cdbc77be) (TextureImporter) -> (artifact id: 'd6c58ee4d937a176183a8cc55d5c7c1e') in 0.0017945 seconds
Start importing Packages/com.unity.inputsystem/InputSystem/Editor/AssetEditor/PackageResources/personal/propertiesBackground.png using Guid(aa4c2360f910d46f497f75b4b6677358) (TextureImporter) -> (artifact id: '3b05bdf5abab4de62382020a03a574b3') in 0.0012594 seconds
Start importing Packages/com.unity.render-pipelines.core/Editor/LookDev/Icons/SunPosition.png using Guid(aa1dfcb67e8bf664d8d8a1821c118281) (TextureImporter) -> (artifact id: 'f9a42e0b75cdf20e15f54cfeb63efe1d') in 0.001738 seconds
Start importing Packages/com.unity.inputsystem/InputSystem/Editor/Icons/ChevronDown.png using Guid(ba304f5556a3a4fac98d126883083e7e) (TextureImporter) -> (artifact id: '1e6cbde7666b64d3ddb668466bc29ef0') in 0.0012191 seconds
Start importing Packages/com.unity.render-pipelines.core/Editor/Lighting/Icons/LightUnitIcons/ExteriorLight.png using Guid(baa2eadff75899140ac64277e3f60453) (TextureImporter) -> (artifact id: 'cf90cf8c3c131509b5afa07df1564ace') in 0.0012543 seconds
Start importing Packages/com.unity.render-pipelines.core/Editor/LookDev/Icons/d_SunPosition@2x.png using Guid(ba2d3d7d05fd3e046b6d413365e9b11e) (TextureImporter) -> (artifact id: 'b49e0df8a714cc553bc0cddad6047f9c') in 0.0018 seconds
Start importing Packages/com.unity.ugui/Editor Resources/Textures/btn_AlignBottom.psd using Guid(ca51b19024094d1b87f3e07edb0a75fb) (TextureImporter) -> (artifact id: '36f00aa8ec77d95de8993c798e11a4ab') in 0.0050705 seconds
Start importing Packages/com.unity.render-pipelines.core/Editor/Icons/MipLevels/VolumeProfile@64.png using Guid(ca82ccfbb5485754191e3778316b1424) (TextureImporter) -> (artifact id: '2257babd66fa4cb28944fe5e623b045a') in 0.0039878 seconds
Start importing Packages/com.unity.inputsystem/InputSystem/Editor/Icons/d_Add Binding@3x.png using Guid(ca933a91c81734ddd88b17c8481ec1e9) (TextureImporter) -> (artifact id: '0310ff43438d9abe870c7fa9db357a3f') in 0.0018575 seconds
Start importing Packages/com.unity.inputsystem/InputSystem/Editor/Icons/Interactive Binding@3x.png using Guid(cac8742b1b72b44699fd1663287ca47d) (TextureImporter) -> (artifact id: 'd13183cddcba97578b87b52d081f347b') in 0.0019229 seconds
Start importing Packages/com.unity.inputsystem/InputSystem/Editor/Icons/d_Orientation@2x.png using Guid(cae83450c8b18499c8c0239edf8bcc31) (TextureImporter) -> (artifact id: '92d901b8548b198d4eacd9c2c0d9eee6') in 0.0014998 seconds
Start importing Packages/com.unity.render-pipelines.core/Editor/LookDev/Icons/d_Add@2x.png using Guid(daa49a1f06460a04b9827dd6f0bace08) (TextureImporter) -> (artifact id: '176efa1f099dfc7c3aa29cd3a4066258') in 0.0026151 seconds
Start importing Packages/com.unity.render-pipelines.core/Editor/LookDev/Icons/d_Layout1.png using Guid(da974c4d40533154a83d57ca90e34bb8) (TextureImporter) -> (artifact id: 'dc27a1b246f49f6f94a36e963336f58e') in 0.0023022 seconds
Start importing Packages/com.unity.inputsystem/InputSystem/Editor/Icons/d_Mouse@2x.png using Guid(daa9ba527d8a34b218224b8287ce11d3) (TextureImporter) -> (artifact id: 'db1cce33fb893afd6024ca90223c79a7') in 0.0033659 seconds
Start importing Packages/com.unity.2d.sprite/Editor/Assets/LockedOptions@2x.png using Guid(da5aa6ed6c9fc4b049dffa3da57eaf7b) (TextureImporter) -> (artifact id: '5082b2d14216f6356f70623e49416880') in 0.0033099 seconds
Start importing Packages/com.unity.inputsystem/InputSystem/Editor/Icons/Pen.png using Guid(ea8b7319643924985a9ee4ca18b8db59) (TextureImporter) -> (artifact id: '3601d0cdada27516c189946fffc53e3a') in 0.0023441 seconds
Start importing Packages/com.unity.render-pipelines.universal/Textures/BlueNoise16/L/LDR_LLL1_29.png using Guid(fa042edbfc40fbd4bad0ab9d505b1223) (TextureImporter) -> (artifact id: 'f15c6e2d69d89297e517c128efcc8bdc') in 0.0017704 seconds
Start importing Packages/com.unity.ugui/Editor Resources/Textures/btn_AlignJustified_Light.psd using Guid(fa6bd40a216346b783a4cce741d277a5) (TextureImporter) -> (artifact id: 'ef9377a52f518ddcfbc0557f856ef176') in 0.0018806 seconds
Start importing Packages/com.unity.render-pipelines.core/Editor/Lighting/Icons/LightUnitIcons/d_BlueSky@2x.png using Guid(0b39f97ea330aac459e3fbb440f4b0d0) (TextureImporter) -> (artifact id: 'd34a354aaf7658f2d040eeb33b0ff742') in 0.0023929 seconds
Start importing Packages/com.unity.render-pipelines.core/Editor/Lighting/Icons/LightUnitIcons/InteriorLight@2x.png using Guid(1bb3da4ea375c37498c93327420e6a01) (TextureImporter) -> (artifact id: '035c6cccee21c69b9cb63c9496c2ba50') in 0.0016211 seconds
Start importing Packages/com.unity.inputsystem/InputSystem/Editor/Icons/Pen@3x.png using Guid(1bf9cdd4bc492489c8c7c6190785fc48) (TextureImporter) -> (artifact id: '860af791855570790ef586f66ea340ba') in 0.0021528 seconds
Start importing Packages/com.unity.render-pipelines.core/Editor/Icons/RenderGraphViewer/ScriptLink@2x.png using Guid(2b2147ee427aa3a468912c85ba64c256) (TextureImporter) -> (artifact id: '44d63840df5f6770af115cad6e5027ca') in 0.0018527 seconds
Start importing Packages/com.unity.render-pipelines.universal/Shaders/FullscreenInvertColorsTemplate.png using Guid(2bf17b1d7445af843ad939d7527d8938) (TextureImporter) -> (artifact id: 'd8626610207093610a28b83ff55f1285') in 0.0143435 seconds
Start importing Packages/com.unity.render-pipelines.core/Editor/LookDev/Icons/d_Link@2x.png using Guid(2b06c35710693f640babb3dcf747d06a) (TextureImporter) -> (artifact id: 'af4183ca3091a63f0283470d2e27fff1') in 0.0026388 seconds
Start importing Packages/com.unity.inputsystem/InputSystem/Editor/Icons/d_Interactive Binding@2x.png using Guid(3b78dc1763429489c9a1c70faf4f9a0e) (TextureImporter) -> (artifact id: 'cb3d2b690ec05b1a0fc4dbbbe97b4e0a') in 0.0023444 seconds
Start importing Packages/com.unity.2d.sprite/Editor/ObjectMenuCreation/DefaultAssets/Textures/HexagonPointTopWithBorder.png using Guid(4b2a04fdbe0ef4d8da8f90eaca817cd1) (TextureImporter) -> (artifact id: 'd39d6723766c51f4d3ebcc6973edbde6') in 0.0039976 seconds
Start importing Packages/com.unity.render-pipelines.universal/Textures/BlueNoise256/LDR_LLL1_1.png using Guid(4b7b083e6b6734e8bb2838b0b50a0bc8) (TextureImporter) -> (artifact id: 'f56e47a525aaef4ee775c6a49b02a64a') in 0.0026764 seconds
Start importing Packages/com.unity.render-pipelines.core/Editor/Icons/RenderGraphViewer/d_Buffer@2x.png using Guid(5b418afba2ea4e542bbc80b91d784d20) (TextureImporter) -> (artifact id: '59d4546116cea4571bda401678dcabd7') in 0.0018099 seconds
Start importing Packages/com.unity.render-pipelines.core/Editor/LookDev/Icons/LayoutVertical@2x.png using Guid(6b8067336fda8f040bb1f6d336ac08c5) (TextureImporter) -> (artifact id: '0db90131441711a7ccfe5ae03b0d64cb') in 0.0025057 seconds
Start importing Packages/com.unity.shadergraph/Editor/Resources/Icons/SettingsIcons_hover.png using Guid(6bfd5f3c15e1ee7498657be747544985) (TextureImporter) -> (artifact id: '4bca5b01d3ac3f6530c01d4aaf90cc21') in 0.0015456 seconds
Start importing Packages/com.unity.inputsystem/InputSystem/Editor/Icons/TrackedPoseDriver@4x.png using Guid(7b8bfaee8f8631c4789ac62373cbc2d4) (TextureImporter) -> (artifact id: 'e6c0381e51cd9b11d83915aad8a3c3f1') in 0.0019218 seconds
Start importing Packages/com.unity.inputsystem/InputSystem/Editor/Icons/Add Binding@3x.png using Guid(8be1fbf4b24de44c99840805bdae9e40) (TextureImporter) -> (artifact id: '5c771b6c108807b2c0db55bd27c0350a') in 0.0017464 seconds
Start importing Packages/com.unity.ugui/Editor Resources/Textures/btn_AlignBaseLine.psd using Guid(8bc445bb79654bf496c92d0407840a92) (TextureImporter) -> (artifact id: 'bfba965d177fd6db2d7d43a88e76d58b') in 0.0015339 seconds
Start importing Packages/com.unity.2d.sprite/Editor/Assets/SpriteEditor.png using Guid(9b243bd8491a24b2cbe5231468a93813) (TextureImporter) -> (artifact id: '96b4ace8c4bd8b1fd81d12216903f79d') in 0.0016176 seconds
Start importing Packages/com.unity.render-pipelines.core/Editor/Lighting/Icons/PresetHair.png using Guid(9b18a8aa7da659344b2fce408beb09c3) (TextureImporter) -> (artifact id: '753dcea0c5c25713f0461de945300fe9') in 0.0016334 seconds
Start importing Packages/com.unity.render-pipelines.universal/Editor/Decal/Resources/DecalGizmo.png using Guid(9ba98ca4f0fc0754caca09e38af0cc0a) (TextureImporter) -> (artifact id: '4884dc432575a9794f6adef94331cafc') in 0.0026836 seconds
Start importing Packages/com.unity.render-pipelines.core/Editor/LookDev/Icons/d_Rotation.png using Guid(abc6ce87642c5c1478a4b107d1c5688a) (TextureImporter) -> (artifact id: '96384793dd3916cc9679e75f3ca04598') in 0.0026223 seconds
Start importing Packages/com.unity.render-pipelines.core/Editor/LookDev/Icons/LeftArrow.png using Guid(aba72f93e9005054dba8cb368c0bf724) (TextureImporter) -> (artifact id: 'aa992c7b23303f8445da88844973b7de') in 0.0030613 seconds
Start importing Packages/com.unity.inputsystem/InputSystem/Editor/Icons/d_Dpad@2x.png using Guid(ab9b5824ece1d443aa1f3a5672d9da86) (TextureImporter) -> (artifact id: 'e2579704b29a1659efbdbc6591830ed8') in 0.0015378 seconds
Start importing Packages/com.unity.ugui/Editor Resources/Textures/btn_AlignMidline_Light.psd using Guid(bb42b2d967d6427983c901a4ffc8ecd9) (TextureImporter) -> (artifact id: 'f1cebf5db35be12413cf06ce693cdb9a') in 0.0017918 seconds
Start importing Packages/com.unity.inputsystem/InputSystem/Editor/Icons/d_Pen.png using Guid(bb42fb9342e9d4e68b6cf39a2e071d9b) (TextureImporter) -> (artifact id: '0582911c6dde805c85d5f1e98328928c') in 0.0016173 seconds
Start importing Packages/com.unity.render-pipelines.core/Editor/Lighting/Icons/LightUnitIcons/CloudySky.png using Guid(bb2cc982d8ff1aa4a9ce5ee5fdb29023) (TextureImporter) -> (artifact id: '53ed571c287820f4078f3824577d0cb9') in 0.0022561 seconds
Start importing Packages/com.unity.render-pipelines.core/Editor/Lighting/Icons/PresetKick_Left.png using Guid(bb3de0f2ada94114cbb7cc74829de16d) (TextureImporter) -> (artifact id: '746283f71e825b8db1418dbeadb6c263') in 0.0024869 seconds
Start importing Packages/com.unity.inputsystem/InputSystem/Editor/Icons/Add Binding@2x.png using Guid(bb5fa99d6e9434c9ebf101c956021ee1) (TextureImporter) -> (artifact id: '41dd973b29a90e4299ec56ff1036151a') in 0.0018507 seconds
Start importing Packages/com.unity.render-pipelines.universal/Textures/BlueNoise256/LDR_LLL1_3.png using Guid(cb76dd40fa7654f9587f6a344f125c9a) (TextureImporter) -> (artifact id: 'f5ceec19e5e77402820814b9defa2d13') in 0.002883 seconds
Start importing Packages/com.unity.render-pipelines.core/Editor/LookDev/Icons/d_renderdoc.png using Guid(cbe929948d88af7409a05054bc8187c7) (TextureImporter) -> (artifact id: 'c7f9cbc5ac71245f6ee19bf320a9e76b') in 0.0027044 seconds
Start importing Packages/com.unity.render-pipelines.core/Editor/LookDev/Icons/Add.png using Guid(cbaeed03e5416aa4bae23110b63a0c7d) (TextureImporter) -> (artifact id: '71f4e24a8aa94000194d3eb111588199') in 0.0026784 seconds
Start importing Packages/com.unity.render-pipelines.core/Editor/Lighting/Icons/LightUnitIcons/ClearSky.png using Guid(db0321d865208c648ae843f39ab69004) (TextureImporter) -> (artifact id: 'af2ef136a8fe1a69b5525be115c3e5b3') in 0.0017098 seconds
Start importing Packages/com.unity.2d.sprite/Editor/ObjectMenuCreation/DefaultAssets/Textures/SquareWithBorder.png using Guid(db750325989564987a34393247d883b4) (TextureImporter) -> (artifact id: '5f074580c547db07db815e7d0ce7b790') in 0.0038994 seconds
Start importing Packages/com.unity.render-pipelines.core/Editor/LookDev/Icons/d_Rotation@2x.png using Guid(db7aaa162a1a5a54b826d15b5b20fb06) (TextureImporter) -> (artifact id: 'bf03857f38a22423d6fdb920222dc5bc') in 0.0020342 seconds
Start importing Packages/com.unity.inputsystem/InputSystem/Editor/Icons/d_Button@4x.png using Guid(db3dc7a02ac6d4e90bbe905a44ac265b) (TextureImporter) -> (artifact id: '5669db1e4c290f5f8c03d3ec60a2c7ea') in 0.0012768 seconds
Start importing Packages/com.unity.2d.sprite/Editor/ObjectMenuCreation/DefaultAssets/Textures/Circle.png using Guid(ebe73ca9363db456bacf42c025bb4847) (TextureImporter) -> (artifact id: '01b08eb52e1db1fc66ca72790e3a91f0') in 0.0032425 seconds
Start importing Packages/com.unity.inputsystem/InputSystem/Editor/Icons/d_Interactive Binding.png using Guid(eb28fd64eacfa495c97193108f1cdf03) (TextureImporter) -> (artifact id: '19a27ff3282a45b3e22dcd3fab47f680') in 0.0012486 seconds
Start importing Packages/com.unity.render-pipelines.core/Editor/Lighting/Icons/LightUnitIcons/d_Shade.png using Guid(fbe2a78a665b37a4c9ec6623f42feb59) (TextureImporter) -> (artifact id: 'd313879b45ac5c9cf9b0cdc8afa7efdd') in 0.0013976 seconds
Start importing Packages/com.unity.ugui/Editor Resources/Textures/SectionHeader_Dark.psd using Guid(fb5730e24283d0c489e5c7d0bee023d9) (TextureImporter) -> (artifact id: '161379d9ace8c11d8003c9635796fd24') in 0.0020142 seconds
Start importing Packages/com.unity.shadergraph/Editor/Resources/GraphView/Nodes/NodeChevronLeft.png using Guid(fb2ebd29216e958449e2ce6f37fde61d) (TextureImporter) -> (artifact id: '03986aee5c22c07e5f2dcdf80d7890c6') in 0.0014162 seconds
Start importing Packages/com.unity.render-pipelines.universal/Editor/2D/Resources/LightCapBottomLeft.png using Guid(fb7e2c1cde476854fb7067dcca74511a) (TextureImporter) -> (artifact id: '5037e7a12b6e8f46b25ad742db06093a') in 0.0029361 seconds
Start importing Packages/com.unity.render-pipelines.core/Editor/Lighting/Icons/d_LightPlacement_Icon@2x.png using Guid(fbee1c54ecff3d24e8f34e2bbd19390f) (TextureImporter) -> (artifact id: '7b55c67c486375a5e468de32b2dd4715') in 0.0034627 seconds
Start importing Packages/com.unity.render-pipelines.core/Editor/Lighting/Icons/LightUnitIcons/d_CloudySky.png using Guid(0c24a3ead3381ee4cb4574c5be266d87) (TextureImporter) -> (artifact id: '9e1fa5bbc13270d8b5a362c301314f65') in 0.0012961 seconds
Start importing Packages/com.unity.render-pipelines.core/Editor/Lighting/Icons/LightUnitIcons/d_ExteriorLight@2x.png using Guid(0cd6ad04e58c5e1478f2925fa64f5b57) (TextureImporter) -> (artifact id: '0803e835984a19c1d6c47b0977b64ed3') in 0.0016075 seconds
Start importing Packages/com.unity.searcher/Editor/Resources/FlatSkin/SearchSmallDownOff@2x.png using Guid(0c2aa48d028b3134dbbb5ceb57bff5ac) (TextureImporter) -> (artifact id: 'e18a6580c81c0e4e7ec4bc534101cc6a') in 0.0019915 seconds
Start importing Packages/com.unity.render-pipelines.core/Editor/Lighting/Icons/PresetBounce_Left.png using Guid(1c7013643e4df944492a5801199df62a) (TextureImporter) -> (artifact id: 'beec0afcc955bb4d4f09a49ed87a961e') in 0.0014985 seconds
Start importing Packages/com.unity.render-pipelines.core/Editor/LookDev/Icons/LayoutCustom.png using Guid(1cc4a70085896c04bbfbf60669963fc8) (TextureImporter) -> (artifact id: 'f42ddfae552343a499d2ad0a1a3bac05') in 0.0020968 seconds
Start importing Packages/com.unity.inputsystem/InputSystem/Editor/Icons/Orientation@4x.png using Guid(1c751eb104ad5407992e614361d5f81e) (TextureImporter) -> (artifact id: 'e7412b8599679ae03670df430b8cbda5') in 0.0013133 seconds
Start importing Packages/com.unity.inputsystem/InputSystem/Editor/Icons/Button@2x.png using Guid(1c37f00575bd6494ea726be5afee89b9) (TextureImporter) -> (artifact id: 'ddc8fb5ff24cf8880ffc3c63e94e4a6c') in 0.0013606 seconds
Start importing Packages/com.unity.render-pipelines.universal/Textures/BlueNoise16/L/LDR_LLL1_25.png using Guid(1c3c6d69a645b804fa232004b96b7ad3) (TextureImporter) -> (artifact id: 'd96bd08a3618940a39bb3d29433d21ee') in 0.0010898 seconds
Start importing Packages/com.unity.render-pipelines.core/Editor/Icons/MipLevels/RenderGraphViewer/d_Resources@16.png using Guid(2c62c65904d676c489198d40c731befe) (TextureImporter) -> (artifact id: '73dabf5781211e59b4df6f0abcb9d682') in 0.0012651 seconds
Start importing Packages/com.unity.render-pipelines.universal/Textures/BlueNoise16/L/LDR_LLL1_4.png using Guid(2ca97df9d1801e84a8a8f2c53cb744f0) (TextureImporter) -> (artifact id: '940400bc556cc481fe5162750342b77e') in 0.0011875 seconds
Start importing Packages/com.unity.render-pipelines.core/Editor/Icons/MipLevels/d_RenderPipelineResources@32.png using Guid(4c30e5cf9793c0044a32b7aadd4f6f5e) (TextureImporter) -> (artifact id: 'd88dddbf71fb5c81ebff4b7b9b0cc498') in 0.0010002 seconds
Start importing Packages/com.unity.shadergraph/Editor/Resources/GraphView/Nodes/NodeChevronDown.png using Guid(4c07dcabd0a45844eb0889811a49b9bf) (TextureImporter) -> (artifact id: '560dc1c2f4d1ed9dac6e339e43960da6') in 0.0012611 seconds
Start importing Packages/com.unity.render-pipelines.universal/Textures/FilmGrain/Large02.png using Guid(5cdee82a77d13994f83b8fdabed7c301) (TextureImporter) -> (artifact id: '07f51572caa39440ed7c703bd646f232') in 0.0046086 seconds
Start importing Packages/com.unity.inputsystem/InputSystem/Editor/Icons/Dpad@3x.png using Guid(6c1147159d9dc42948601b29dfc9a40c) (TextureImporter) -> (artifact id: '2b07e512270a365f61b23069118fd3af') in 0.0013274 seconds
Start importing Packages/com.unity.render-pipelines.core/Editor/Lighting/Icons/PresetRim_Left.png using Guid(6cec6e582e857c24bb9432ed7ff629f8) (TextureImporter) -> (artifact id: '73ec64bf3d2a65c0de623c628f460573') in 0.0014601 seconds
Start importing Packages/com.unity.render-pipelines.universal/Textures/BlueNoise16/L/LDR_LLL1_3.png using Guid(7ce2118f74614a94aa8a0cdf2e6062c3) (TextureImporter) -> (artifact id: '73b97b259791affc9bb094486aa11661') in 0.0011422 seconds
Start importing Packages/com.unity.render-pipelines.universal/Editor/2D/Resources/PixelPerfectCamera.png using Guid(7cba34d70552e144586a4d3ce4a33de5) (TextureImporter) -> (artifact id: '907f9b5068e130d0dec1eb19660333cb') in 0.0014836 seconds
Start importing Packages/com.unity.render-pipelines.core/Editor/Icons/MipLevels/RenderGraphViewer/Resources@32.png using Guid(8c00ff63cd786b34685fe28d9d37c2b9) (TextureImporter) -> (artifact id: '2a128da2317a6f3cdafe862eea8c61ee') in 0.0015134 seconds
Start importing Packages/com.unity.render-pipelines.core/Editor/LookDev/Icons/d_Duplicate@2x.png using Guid(8ca869dd944d5f54e9ec614b26f10dcb) (TextureImporter) -> (artifact id: '63517b902e71d605f5cc4f0c42a0196e') in 0.0020041 seconds
Start importing Packages/com.unity.render-pipelines.core/Editor/LookDev/Icons/d_LayoutCustom.png using Guid(8c3a606a4a147a34c952b98bf038c662) (TextureImporter) -> (artifact id: 'cf254537074bc7ee0fb6b5aedaccce3e') in 0.0019765 seconds
Start importing Packages/com.unity.render-pipelines.core/Editor/LookDev/Icons/LayoutHorizontal.png using Guid(8ccec084228b3b74a898f38126eb142f) (TextureImporter) -> (artifact id: '984fdcd1ecef09c4daaa0844fb34c927') in 0.0019714 seconds
Start importing Packages/com.unity.render-pipelines.core/Editor/LookDev/Icons/d_RenderDoc@2x.png using Guid(9c63b51755ec8c845b857cc73a35d606) (TextureImporter) -> (artifact id: '2a13e1042823d26d6cdfcc9119108b64') in 0.0019895 seconds
Start importing Packages/com.unity.render-pipelines.core/Editor/LookDev/Icons/d_LayoutHorizontal@2x.png using Guid(9cad92999ddfa304495b735a55c78329) (TextureImporter) -> (artifact id: 'a088307fd7921308b3fe33d4979f07ed') in 0.001997 seconds
Start importing Packages/com.unity.inputsystem/InputSystem/Editor/Icons/Pen@4x.png using Guid(acf10446fff184bb98db6350c2c43148) (TextureImporter) -> (artifact id: 'd39f73205a72a93046dbd5825567a4b9') in 0.001409 seconds
Start importing Packages/com.unity.render-pipelines.core/Editor/Icons/MipLevels/d_Volume@64.png using Guid(aca45e74fd5117e499180b8f31d39395) (TextureImporter) -> (artifact id: '7f74bb0cd1e11c831b31f3fe81b9659d') in 0.002354 seconds
Start importing Packages/com.unity.render-pipelines.core/Editor/Lighting/Icons/LightUnitIcons/d_ExteriorLight.png using Guid(acd8a3fb93bb04b4db467ca2090011ae) (TextureImporter) -> (artifact id: 'bf34f74b2d83686294f61b3eaf9d0c75') in 0.0016128 seconds
Start importing Packages/com.unity.render-pipelines.core/Editor/Lighting/Icons/LightUnitIcons/DecorativeLight@2x.png using Guid(ac6bd7230f54da84b8ad3a0e2b14b3d9) (TextureImporter) -> (artifact id: '0869e24d7a9f93233ca9ae8d3c60cbac') in 0.0019641 seconds
Start importing Packages/com.unity.inputsystem/InputSystem/Editor/Icons/d_Position@4x.png using Guid(ac4c5ccb2785f4460b2dcfe47010c688) (TextureImporter) -> (artifact id: '5aab2e6ff26a99ce324570370249cb12') in 0.0019099 seconds
Start importing Packages/com.unity.render-pipelines.core/Editor/Icons/MipLevels/Volume@128.png using Guid(bcac3edca050cd043be3942131c59be3) (TextureImporter) -> (artifact id: '8328a985782bf91d3c62b60788759c4d') in 0.0014713 seconds
Start importing Packages/com.unity.2d.sprite/Editor/ObjectMenuCreation/DefaultAssets/Textures/9-SlicedWithBorder.png using Guid(cc35afd292fc349128b36a291fb3a165) (TextureImporter) -> (artifact id: '139e200400ff5d02d5db11062cd16058') in 0.003728 seconds
Start importing Packages/com.unity.render-pipelines.core/Editor/LookDev/Icons/d_Remove@2x.png using Guid(cc27e95868ab32345b74b8338c01ebed) (TextureImporter) -> (artifact id: '3a360958b3c53b69e3d556e6407619fc') in 0.0028502 seconds
Start importing Packages/com.unity.render-pipelines.core/Editor/LookDev/Icons/d_SunPosition.png using Guid(cc99218b39d91f84e9a26fac406c07e7) (TextureImporter) -> (artifact id: '0f8476aeb23a674a917959368eb1ac16') in 0.0027298 seconds
Start importing Packages/com.unity.inputsystem/InputSystem/Editor/Icons/InputControl.png using Guid(ec85de66fa5b64dd984fdcc82f8f92b3) (TextureImporter) -> (artifact id: '2375b2fd339ad9bbf8b61d7a2a6b395a') in 0.0023547 seconds
Start importing Packages/com.unity.render-pipelines.core/Editor/Icons/RenderGraphViewer/MemorylessTexture@2x.png using Guid(ec3a3173916c141d8962a4466c366be6) (TextureImporter) -> (artifact id: '7ed03a77ebc6699d6ae04a9b1b35526e') in 0.0019568 seconds
Start importing Packages/com.unity.ugui/Editor Resources/Gizmos/TMP - Sprite Asset Icon.psd using Guid(ec7c645d93308c04d8840982af12101e) (TextureImporter) -> (artifact id: '83a8c1748e8c8b88b2aa6681ffb5e1b1') in 0.0047605 seconds
Start importing Packages/com.unity.render-pipelines.universal/Editor/2D/Resources/Cinemachine.png using Guid(ec2f01df0bb1bfe459b5562a9e71c8d4) (TextureImporter) -> (artifact id: '8e1031b3388bac7e101706fa9aba139c') in 0.0050147 seconds
Start importing Packages/com.unity.render-pipelines.core/Editor/LookDev/Icons/d_CenterLight.png using Guid(fca3bc21b4600e04faaddb69c5fad81e) (TextureImporter) -> (artifact id: 'ae1c465747184ac0bf9cacc8e893c1ab') in 0.0163899 seconds
Start importing Packages/com.unity.inputsystem/InputSystem/Editor/Icons/d_Joystick@3x.png using Guid(fcaa0d99df7c74f52afaa17a375dd393) (TextureImporter) -> (artifact id: '98a730512aadb93d4fd4dc5047d7ddf3') in 0.0016991 seconds
Start importing Packages/com.unity.render-pipelines.universal/Textures/BlueNoise16/L/LDR_LLL1_11.png using Guid(fc3fa8f108657e14486697c9a84ccfc5) (TextureImporter) -> (artifact id: 'dbb1901ad109e96394a5600066208f64') in 0.0016918 seconds
Start importing Packages/com.unity.2d.sprite/Editor/ObjectMenuCreation/DefaultAssets/Textures/IsometricDiamondWithBorder.png using Guid(0d267bc78a0864eb48358689b29ed20a) (TextureImporter) -> (artifact id: 'fa14746d1fadcc65693857ec1927ef0b') in 0.002503 seconds
Start importing Packages/com.unity.render-pipelines.core/Editor/LookDev/Icons/d_Duplicate.png using Guid(0d692588b1d40e9429620400bd5efe63) (TextureImporter) -> (artifact id: '22a21bc6b2fe1e12a9bb926cddb780e9') in 0.0016846 seconds
Start importing Packages/com.unity.inputsystem/InputSystem/Editor/Icons/d_ChevronDown@4x.png using Guid(0de917098a5b848b1a371e570928ce10) (TextureImporter) -> (artifact id: '005cab753ee8a2b3f644eb128f9c9bd9') in 0.0011572 seconds
Start importing Packages/com.unity.ugui/Editor Resources/Textures/btn_AlignCapLine.psd using Guid(0d9a36012a224080966c7b55896aa0f9) (TextureImporter) -> (artifact id: 'c8c22ba10e733c63e65d13742c7d0079') in 0.0012488 seconds
Start importing Packages/com.unity.render-pipelines.core/Editor/Lighting/Icons/d_LightPlacement_Icon On.png using Guid(1d70e8f2a6df91f46a8e5b4f2378c8bc) (TextureImporter) -> (artifact id: '98a384aaff8dec44f1ed599be74d1549') in 0.0012214 seconds
Start importing Packages/com.unity.render-pipelines.core/Editor/Lighting/Icons/LightUnitIcons/MediumAreaLight@2x.png using Guid(1dea3362fb2f72d46b7e3351a7e12ccf) (TextureImporter) -> (artifact id: '634ae64cd75704f9dc1ff5b2dca934f2') in 0.0014021 seconds
Start importing Packages/com.unity.render-pipelines.core/Editor/Lighting/Icons/PresetRim_Right.png using Guid(1deb07c84dc414b4388bf2970d0c9aef) (TextureImporter) -> (artifact id: '08f087964bf8b35ba3d63e2b501d79d9') in 0.0015514 seconds
Start importing Packages/com.unity.render-pipelines.universal/Editor/ShaderGraph/GraphTemplates/UITKFullTemplate.png using Guid(3d3db9f7026a8344cbbc2353827bbbc0) (TextureImporter) -> (artifact id: 'e3d2c06828e8fc3eca370046fa741eee') in 0.0457707 seconds
Start importing Packages/com.unity.inputsystem/InputSystem/Editor/Icons/d_Add Binding@2x.png using Guid(3d7dc8d6b9a96490b9aa433645712fdf) (TextureImporter) -> (artifact id: '3299ddecb893c7fb71cb8b3f8478e35b') in 0.0013252 seconds
Start importing Packages/com.unity.render-pipelines.core/Editor/LookDev/Icons/d_Layout1@2x.png using Guid(4de5e4f3717b2c548bd8b90b6c628b2f) (TextureImporter) -> (artifact id: 'fc711bbaca3186f82e744242cb02d1ab') in 0.0018049 seconds
Start importing Packages/com.unity.render-pipelines.core/Editor/Lighting/Icons/PresetBounce_Right.png using Guid(4dac1eeb02c481340801b3ac458b2976) (TextureImporter) -> (artifact id: '7fee99e0ab7948385bd04036f09bda6e') in 0.0013843 seconds
Start importing Packages/com.unity.render-pipelines.universal/Textures/BlueNoise16/L/LDR_LLL1_15.png using Guid(4dcc0502f8586f941b5c4a66717205e8) (TextureImporter) -> (artifact id: 'b31b2d9bc98f8fb9aff2aa2197b91153') in 0.0012275 seconds
Start importing Packages/com.unity.inputsystem/InputSystem/Editor/Icons/Gamepad@2x.png using Guid(4defb5292901c41f29313d9c9c87a7eb) (TextureImporter) -> (artifact id: '05e88a7f7c7d8248aedb796f248c57c7') in 0.0011543 seconds
Start importing Packages/com.unity.inputsystem/InputSystem/Editor/Icons/d_ChevronDown@3x.png using Guid(5d96795fd770f47d69d997b053532730) (TextureImporter) -> (artifact id: '2d5a42d7e097dded45fa8c34385ff12e') in 0.0011197 seconds
Start importing Packages/com.unity.render-pipelines.core/Editor/Icons/MipLevels/VolumeProfile@256.png using Guid(5d574cebaf0c0a34aa93a406ad65a61b) (TextureImporter) -> (artifact id: '8646fdc32742836eb8b7077bc9ffd8bf') in 0.0017289 seconds
Start importing Packages/com.unity.render-pipelines.core/Editor/Lighting/Icons/LightUnitIcons/Overcast@2x.png using Guid(5db8233d631a83f429153aaeb8f8333a) (TextureImporter) -> (artifact id: 'd2e22acefac795a36ffad6b8d7ee6ca0') in 0.0012491 seconds
Start importing Packages/com.unity.inputsystem/InputSystem/Editor/Icons/d_Stick@2x.png using Guid(5d0b11389336d4b16b96f147c9f912e2) (TextureImporter) -> (artifact id: '0471c3b769842236cb8146765a84ca26') in 0.0011714 seconds
Start importing Packages/com.unity.inputsystem/InputSystem/Editor/Icons/d_Touch@4x.png using Guid(6db042035460c4167a6ab8d1ac3c2681) (TextureImporter) -> (artifact id: 'fa55a4c21248507c2eaf9cd2c5817524') in 0.0014459 seconds
Start importing Packages/com.unity.shadergraph/Editor/Resources/Icons/sg_graph_icon_gray_light.png using Guid(7d62654fc399cc349a1ed7e0eab44ff0) (TextureImporter) -> (artifact id: 'cf378ab6d463b413ee33a18f2cf650c4') in 0.0013141 seconds
Start importing Packages/com.unity.inputsystem/InputSystem/Editor/Icons/d_Joystick.png using Guid(7d4638131127c4f4382fb36cf16c52fe) (TextureImporter) -> (artifact id: 'd19bdf68f0d9335fa89fe5b9c1d13b15') in 0.0011805 seconds
Start importing Packages/com.unity.shadergraph/Editor/Resources/GraphView/Nodes/PreviewExpand.png using Guid(8df757582ef08984bb6c3510e3a9fd1e) (TextureImporter) -> (artifact id: '54e11e2d6b13a57c133c88ddf916537d') in 0.0012954 seconds
Start importing Packages/com.unity.render-pipelines.core/Runtime/Sampling/Textures/SobolBlueNoise/SobolOwenScrambled256.png using Guid(8d786511913a2cb4aacb1f9a188652b4) (TextureImporter) -> (artifact id: 'f748f73f1300c84a24141efa4d413bd2') in 0.0019654 seconds
Start importing Packages/com.unity.render-pipelines.universal/Textures/BlueNoise16/L/LDR_LLL1_16.png using Guid(9d92991794bb5864c8085468b97aa067) (TextureImporter) -> (artifact id: '7924b5668a6c619fe7023bdb128d2192') in 0.0015094 seconds
Start importing Packages/com.unity.render-pipelines.core/Editor/Lighting/Icons/LightPlacement_Icon@256.png using Guid(9d1f3c50fbb907f4fba5095da15f23dc) (TextureImporter) -> (artifact id: 'beae7d835733cbd3e616815203fc9a17') in 0.0030307 seconds
Start importing Packages/com.unity.render-pipelines.core/Runtime/Sampling/Textures/SobolBlueNoise/RankingTile256SPP.png using Guid(adf003e8db5aef64fa57c155f2e599be) (TextureImporter) -> (artifact id: '2cc3b3e38a929d30bd37df2d44e73256') in 0.0028619 seconds
Start importing Packages/com.unity.render-pipelines.core/Editor/Icons/MipLevels/d_RenderPipelineResources@16.png using Guid(adc1ce28e3842cd46b0a08e5ac86a647) (TextureImporter) -> (artifact id: '38c482380d586e68d9ecddefa24033f0') in 0.0012546 seconds
Start importing Packages/com.unity.render-pipelines.core/Editor/Resources/Gizmos/ProbeTouchupVolume.png using Guid(adc48c15b6dfb444b865f111178f02ec) (TextureImporter) -> (artifact id: '72685614f92b72c5f837a327f01f4607') in 0.0027318 seconds
Start importing Packages/com.unity.shadergraph/Editor/Resources/GraphView/Nodes/PreviewCollapse@2x.png using Guid(adc5cc7a4034e1b41b9341fa124ef43d) (TextureImporter) -> (artifact id: '043083d71a90c92a0be2f2cd1f041e86') in 0.0015897 seconds
Start importing Packages/com.unity.render-pipelines.core/Editor/Lighting/Icons/PresetKick_Right.png using Guid(bdb354565d2d91e48a7ffe02442fe226) (TextureImporter) -> (artifact id: '1f428075b05855773054b1918f916b6a') in 0.0015637 seconds
Start importing Packages/com.unity.render-pipelines.core/Editor/LookDev/Icons/LookDev@2x.png using Guid(bd76726ffb1eb94429fb8143429bd978) (TextureImporter) -> (artifact id: '626d9a82f046d6e10eb71071a62e087a') in 0.0018596 seconds
Start importing Packages/com.unity.render-pipelines.core/Editor/Lighting/Icons/LightUnitIcons/VeryBrightSun.png using Guid(bdc9b1177bc1ad84e8532eec9f2dcc13) (TextureImporter) -> (artifact id: '18df31ce2c8b4ea2387d3005554191ac') in 0.0012795 seconds
Start importing Packages/com.unity.2d.sprite/Editor/ObjectMenuCreation/DefaultAssets/Textures/Capsule.png using Guid(bd3cb4af8406d4436a2ae8c2aafe1f8d) (TextureImporter) -> (artifact id: 'e931d6d7245e595c67d77d8afbec51db') in 0.0042429 seconds
Start importing Packages/com.unity.render-pipelines.universal/Textures/FilmGrain/Medium04.png using Guid(bd9e8c758250ef449a4b4bfaad7a2133) (TextureImporter) -> (artifact id: 'bb789960cf0ee0e7ed6ce4e59ca06487') in 0.0048826 seconds
Start importing Packages/com.unity.render-pipelines.core/Editor/Icons/RenderGraphViewer/MultipleUsage.png using Guid(cd47f6d5edd2c7541a0baf3774a54fdd) (TextureImporter) -> (artifact id: '54760d6213c7fdee1087e93f0589ebb9') in 0.0017932 seconds
Start importing Packages/com.unity.render-pipelines.universal/Textures/FilmGrain/Thin02.png using Guid(dd77ffd079630404e879388999033049) (TextureImporter) -> (artifact id: '2377426a4f577271f4fe21b5defeeff4') in 0.0043266 seconds
Start importing Packages/com.unity.render-pipelines.core/Editor/Lighting/Icons/LightUnitIcons/InteriorLight.png using Guid(ddbb35633e84dde4a93c6662f696ae4c) (TextureImporter) -> (artifact id: 'c4e9b7c0f186ef826bdfa79099e2144e') in 0.0016435 seconds
Start importing Packages/com.unity.shadergraph/GraphTemplates/default_masks.png using Guid(dd2e21fb358baa649a7ad7d1d6e722f5) (TextureImporter) -> (artifact id: '17ed0fecf2ac544e6caefe7427c9572e') in 0.0012288 seconds
Start importing Packages/com.unity.render-pipelines.core/Editor/Lighting/Icons/LightUnitIcons/Candlelight.png using Guid(eda062bf16e02ef44a7bf24336ddac6c) (TextureImporter) -> (artifact id: 'f117400e5e09054bee53b3846ff0d461') in 0.001824 seconds
Start importing Packages/com.unity.ugui/Editor Resources/Textures/btn_AlignTop_Light.psd using Guid(ed041e68439749a69d0efa0e3d896c2e) (TextureImporter) -> (artifact id: '0650651e4f8fbf636c914c8188325b60') in 0.0015527 seconds
Start importing Packages/com.unity.render-pipelines.core/Editor/Icons/RenderGraphViewer/d_AccelerationStructure@2x.png using Guid(ed7bb161ec84da2458e0b8730958a76a) (TextureImporter) -> (artifact id: '98cc03132bba65dfb9f5eb838f630807') in 0.0015701 seconds
Start importing Packages/com.unity.render-pipelines.universal/Textures/BlueNoise16/L/LDR_LLL1_8.png using Guid(ed5ea7ce59ca8ec4f9f14bf470a30f35) (TextureImporter) -> (artifact id: 'ed431fd8caf745f6ba2f9d96e244d27f') in 0.001584 seconds
Start importing Packages/com.unity.render-pipelines.universal/Textures/FilmGrain/Large01.png using Guid(fd2fd78b392986e42a12df2177d3b89c) (TextureImporter) -> (artifact id: '19bfb1854e46df7c2ca9399ee1e5c17c') in 0.004781 seconds
Start importing Packages/com.unity.inputsystem/InputSystem/Editor/Icons/d_ChevronUp@3x.png using Guid(0efecba65ae4341a385cd5d39a2af765) (TextureImporter) -> (artifact id: '681b6f400b9f65c1e02178def91c656d') in 0.0016127 seconds
Start importing Packages/com.unity.render-pipelines.core/Editor/Lighting/Icons/LightUnitIcons/MediumAreaLight.png using Guid(1eb691390c444f14bac0868bd61fd451) (TextureImporter) -> (artifact id: '47b637311b7d74440fff63ab6bf9c31f') in 0.0018796 seconds
Start importing Packages/com.unity.render-pipelines.core/Editor/Lighting/Icons/LightUnitIcons/DecorativeLight.png using Guid(1e2ae1a12a2a1ff498cab6444b9cd394) (TextureImporter) -> (artifact id: '0087365abc73d17b35599a4c388fc362') in 0.0015341 seconds
Start importing Packages/com.unity.shadergraph/Editor/Resources/GraphView/Nodes/BlackboardFieldExposed.png using Guid(2e8113252e9a1b245a81dc384ae86446) (TextureImporter) -> (artifact id: 'b657e882931d3d909ca4bcb402d5cabf') in 0.0017114 seconds
Start importing Packages/com.unity.render-pipelines.core/Editor/LookDev/Icons/Rotation.png using Guid(2ee66e81975377745aaa59fe11ad374d) (TextureImporter) -> (artifact id: '99347325fd65af23fd43b1bc4e9e0ce3') in 0.0022113 seconds
Start importing Packages/com.unity.inputsystem/InputSystem/Editor/Icons/Axis@3x.png using Guid(2e27a82b5cc4e4ef98cbef2d0b324aed) (TextureImporter) -> (artifact id: '4bf7d3e680d343ba95bba565bcf96628') in 0.0017773 seconds
Start importing Packages/com.unity.render-pipelines.core/Editor/Icons/MipLevels/d_VolumeProfile@16.png using Guid(2e6a4056f58607f4cb9a7430cffd3cf0) (TextureImporter) -> (artifact id: '19f15a916450654846cb621ce3b1c104') in 0.0018895 seconds
Start importing Packages/com.unity.render-pipelines.core/Editor/Icons/MipLevels/Volume@64.png using Guid(3e1119a71344058429824f48f89db02a) (TextureImporter) -> (artifact id: 'ca93e1c3cae94d6baf0833b20278c088') in 0.0019461 seconds
Start importing Packages/com.unity.ugui/Editor Resources/Gizmos/TMP - Input Field Icon.psd using Guid(3ee40aa79cd242a5b53b0b0ca4f13f0f) (TextureImporter) -> (artifact id: '65779ae5afb715e9ef68758a161a0abd') in 0.0025609 seconds
Start importing Packages/com.unity.render-pipelines.core/Editor/Icons/MipLevels/Volume@16.png using Guid(3e0af3c90ea2a304c8c241c8fbdce6e5) (TextureImporter) -> (artifact id: 'ad0fa31da59948d8d6aab12f20e53b60') in 0.0014791 seconds
Start importing Packages/com.unity.render-pipelines.core/Editor/Icons/RenderGraphViewer/d_PassInspector@2x.png using Guid(4e0d4fae0554052489fc6918c357d43c) (TextureImporter) -> (artifact id: '65d55d0f328ba6506a3d8fe042f72252') in 0.0017246 seconds
Start importing Packages/com.unity.render-pipelines.core/Editor/Icons/RenderGraphViewer/d_ScriptLink@2x.png using Guid(5e032f76278407d46a6a3dc6ff0bdc36) (TextureImporter) -> (artifact id: '6d46f6f311656de17278e5486136bbe9') in 0.0024351 seconds
Start importing Packages/com.unity.shadergraph/GraphTemplates/Cross Pipeline/TerrainStandardTemplateThumbnail.png using Guid(6e413e07ed366984daa954acc11e85e9) (TextureImporter) -> (artifact id: 'a352b10981b6256c2c077515e2400e2c') in 0.0182616 seconds
Start importing Packages/com.unity.inputsystem/InputSystem/Editor/Icons/Touch@4x.png using Guid(6e9283a12f5b74afbba696cbb82f5e7f) (TextureImporter) -> (artifact id: '5342424b1b4e900a0ca17118ee2ed10d') in 0.0022584 seconds
Start importing Packages/com.unity.render-pipelines.core/Editor/Icons/RenderGraphViewer/d_Resources@2x.png using Guid(6eb2e156a8a1f8149b02f135509f10ea) (TextureImporter) -> (artifact id: '87121dbad4549197357cea31ba78aa2b') in 0.0025585 seconds
Start importing Packages/com.unity.render-pipelines.core/Editor/Lighting/Icons/LightUnitIcons/MoonlessNight@2x.png using Guid(6e5a98aaa576d99408eeba30eb91eaba) (TextureImporter) -> (artifact id: '2cce90d822f1517fe57f825ee3a77368') in 0.0021712 seconds
Start importing Packages/com.unity.render-pipelines.universal/Editor/2D/Resources/InspectorIcons/PointLight.png using Guid(6eaa9958d83ec43499e946a21edba283) (TextureImporter) -> (artifact id: '3f534f0d18714836836ac2366baf049b') in 0.0027724 seconds
Start importing Packages/com.unity.render-pipelines.core/Editor/PostProcessing/LensFlareResource/Flare@2x.png using Guid(6e8cc863e4120a341b5e87a5235120c4) (TextureImporter) -> (artifact id: 'dd35a4d6914b67dac225e8acac02db1a') in 0.0026685 seconds
Start importing Packages/com.unity.render-pipelines.core/Editor/Icons/MipLevels/d_RenderPipelineResources@64.png using Guid(7ef0eb993d6c43645b45ffcf1c0a91f0) (TextureImporter) -> (artifact id: '77aa8718fcbf397dcdb82f7e0406c03e') in 0.0017856 seconds
Start importing Packages/com.unity.inputsystem/InputSystem/Editor/Icons/Axis.png using Guid(7e853779c8fed4ebf917a0de21c79602) (TextureImporter) -> (artifact id: 'c9599bd8f57cebefd99451b883159394') in 0.0020041 seconds
Start importing Packages/com.unity.shadergraph/Editor/Resources/GraphView/Nodes/NodeChevronLeft@2x.png using Guid(7e575e166832cb7478f6d674d896b778) (TextureImporter) -> (artifact id: '4abda0d5b1270dcef6852e4786104348') in 0.0021015 seconds
Start importing Packages/com.unity.inputsystem/InputSystem/Editor/Icons/Mouse.png using Guid(9eb2b64988cb1443cab6da5dc5300d1c) (TextureImporter) -> (artifact id: '526820765b8b657de58d458b90625b84') in 0.0017478 seconds
Start importing Packages/com.unity.inputsystem/InputSystem/Editor/Icons/d_Keyboard@3x.png using Guid(9ec4e316700da46b88741a8153b33963) (TextureImporter) -> (artifact id: 'f02b96b5c8a60a7bd13b50ea7ec87264') in 0.001946 seconds
Start importing Packages/com.unity.render-pipelines.core/Editor/Lighting/Icons/LightUnitIcons/d_Fluorescent@2x.png using Guid(9ed59abbb45e72140ae72a33b30ea19e) (TextureImporter) -> (artifact id: '8abda7ea6e43aed5f31d0254bf472094') in 0.0018823 seconds
Start importing Packages/com.unity.inputsystem/InputSystem/Editor/Icons/d_Gamepad@3x.png using Guid(9e882b58df0964f5b90ff99cb481ee79) (TextureImporter) -> (artifact id: 'be681a7e957b60cb47797fbd20acc2bb') in 0.0017477 seconds
Start importing Packages/com.unity.inputsystem/InputSystem/Editor/Icons/Interactive Binding@4x.png using Guid(9e6c9e992a2ee4327bce1d6a8189cedb) (TextureImporter) -> (artifact id: 'c2f0ff2ff8db57027ae3478562b5a099') in 0.0019413 seconds
Start importing Packages/com.unity.shadergraph/Editor/Resources/Icons/blackboard@2x.png using Guid(aed2175e23cfe426e8678485b004714e) (TextureImporter) -> (artifact id: '7133adb982a85b4ece6def46a7eb5d65') in 0.0018468 seconds
Start importing Packages/com.unity.inputsystem/InputSystem/Editor/Icons/d_Gamepad@2x.png using Guid(bed935caee9524e6780614c2055bfd35) (TextureImporter) -> (artifact id: 'e61c939cd7dce9b559a393bc079433b7') in 0.0020078 seconds
Start importing Packages/com.unity.render-pipelines.core/Editor/Lighting/Icons/LightPlacement_Icon@64.png using Guid(ce171bd6b515f1647a9a2c608ff705bb) (TextureImporter) -> (artifact id: 'd799fffad9e241d8efd43675dd13e9d9') in 0.0031239 seconds
Start importing Packages/com.unity.inputsystem/InputSystem/Editor/Icons/d_Touch@2x.png using Guid(ceaa885da02f84da195f87de12535da6) (TextureImporter) -> (artifact id: 'c377358cc81707ce2280a70deab68f0d') in 0.0016166 seconds
Start importing Packages/com.unity.inputsystem/InputSystem/Editor/AssetEditor/PackageResources/personal/actionTreeBackground.png using Guid(ce5f11cd993284c4f9c54f854bdc8c9c) (TextureImporter) -> (artifact id: '0ada4604e02de75c82aa3b27324d1b09') in 0.0023059 seconds
Start importing Packages/com.unity.inputsystem/InputSystem/Editor/Icons/d_Orientation@4x.png using Guid(de98baf415a2c4d7dbe0de74cb6e171c) (TextureImporter) -> (artifact id: 'eaa2f21054501ba8edf265dccd340f4b') in 0.0024771 seconds
Start importing Packages/com.unity.render-pipelines.universal/Editor/Gizmos/Camera_Overlay.png using Guid(de8dba0dc20209d4086c0dd93ddf0dd4) (TextureImporter) -> (artifact id: '8a6cfa98b3169ce70a38a99b218db3f6') in 0.0034986 seconds
Start importing Packages/com.unity.ugui/Editor Resources/Gizmos/TMP - Font Asset Icon.psd using Guid(ee148e281f3c41c5b4ff5f8a5afe5a6c) (TextureImporter) -> (artifact id: 'c3be07e37b63068a7d4495d6afda6aa5') in 0.0028974 seconds
Start importing Packages/com.unity.2d.sprite/Editor/ObjectMenuCreation/DefaultAssets/Textures/HexagonPointTop.png using Guid(eed45a33cd08446c8b88325cf82fc52f) (TextureImporter) -> (artifact id: '7fdd777ec478d63292644db4b0edb913') in 0.0039162 seconds
Start importing Packages/com.unity.shadergraph/GraphTemplates/Cross Pipeline/LitParticleTemplateThumbnail.png using Guid(0f0c228bd0a3835428c403a8d1568ef5) (TextureImporter) -> (artifact id: '209a1a244172a6ab00971eed9c546952') in 0.0724932 seconds
Start importing Packages/com.unity.render-pipelines.core/Editor/Lighting/Icons/LightUnitIcons/Shade@2x.png using Guid(1f20ae185bcb2254a844ed304955beb3) (TextureImporter) -> (artifact id: '9eb00add29c0bd81dd353e9977cd60a4') in 0.0045822 seconds
Start importing Packages/com.unity.2d.sprite/Editor/Assets/SpriteEditorOn@2x.png using Guid(1fb0e05a5ca5a42ba8ffafe439520b8e) (TextureImporter) -> (artifact id: '96a2f6e012e07eee7d7a18b9764fc0a4') in 0.0026474 seconds
Start importing Packages/com.unity.shadergraph/GraphTemplates/Subgraphs/SmallNoiseMask.tga using Guid(2fe31a8312ab8524ebd8601be367f0c8) (TextureImporter) -> (artifact id: '40b54211177a886c05c16df904422d93') in 0.0029232 seconds
Start importing Packages/com.unity.render-pipelines.core/Editor/LookDev/Icons/SunPosition@2x.png using Guid(2f75c34a5bc525545916fb8367422dd0) (TextureImporter) -> (artifact id: 'edb4b180b14e7ee1f643c81feb298c13') in 0.0058384 seconds
Start importing Packages/com.unity.ugui/Editor Resources/Gizmos/TMP - Text Component Icon.psd using Guid(2fd6421f253b4ef1a19526541f9ffc0c) (TextureImporter) -> (artifact id: 'b3f1dd211656c82a99dea72d5a65b181') in 0.0036121 seconds
Start importing Packages/com.unity.shadergraph/Editor/Resources/Icons/sg_subgraph_icon.png using Guid(2f2e2190c36a7b54295d734e567b3e44) (TextureImporter) -> (artifact id: '3bfd4c4f500eb2ad0891070289349dda') in 0.0037342 seconds
Start importing Packages/com.unity.render-pipelines.core/Editor/LookDev/Icons/LayoutCustom@2x.png using Guid(2fffe801f98fb314484382ea4affcf94) (TextureImporter) -> (artifact id: '78f9fa6ffbe76b299c6561f2e39ff713') in 0.0066711 seconds
Start importing Packages/com.unity.render-pipelines.core/Editor/Lighting/Icons/LightUnitIcons/d_Candlelight.png using Guid(3f9a63faecec9a34c9ffbfedd9ac5c3b) (TextureImporter) -> (artifact id: 'd9eabf4034549d7899554646aaad4a09') in 0.0028702 seconds
Start importing Packages/com.unity.render-pipelines.core/Editor/LookDev/Icons/d_Remove.png using Guid(4ff71d806d58fd041be6e55d1d1ca70e) (TextureImporter) -> (artifact id: '31cbb215543837e32d0147b4ec3ef867') in 0.0038334 seconds
Start importing Packages/com.unity.inputsystem/InputSystem/Editor/Icons/Orientation@3x.png using Guid(5f09d534eb1414449a2758696bd4dd11) (TextureImporter) -> (artifact id: '8cfdc1bea435e1a3234afd6ea20afce7') in 0.0028369 seconds
Start importing Packages/com.unity.inputsystem/InputSystem/Editor/Icons/Keyboard@4x.png using Guid(7fc0926499f7a4500b152d45397c44a4) (TextureImporter) -> (artifact id: 'e253e715abaf2e4dabe0214d2458faf6') in 0.0019802 seconds
Start importing Packages/com.unity.render-pipelines.universal/Editor/2D/Resources/SceneViewIcons/GlobalLight.png using Guid(7f923c32ff8dfab40b5673135ddb6cd4) (TextureImporter) -> (artifact id: '7614321b75553dd93d7b561a8d622cd5') in 0.0041373 seconds
Start importing Packages/com.unity.inputsystem/InputSystem/Editor/Icons/Orientation.png using Guid(7fb7b46a8c63948d2b28dc394281bf5a) (TextureImporter) -> (artifact id: '99ae0704697c784fcda34feeb3d9d35f') in 0.0026636 seconds
Start importing Packages/com.unity.inputsystem/InputSystem/Editor/Icons/d_ChevronUp.png using Guid(7fad89501bb5c408e956934bf2eb8ae3) (TextureImporter) -> (artifact id: 'ab0ec6e8760f014eab52eb7ec7638c8b') in 0.002673 seconds
Start importing Packages/com.unity.render-pipelines.universal/Editor/2D/Resources/InspectorIcons/GlobalLight.png using Guid(8f5dd14b314efbe4684329d8a14bbe38) (TextureImporter) -> (artifact id: '068e2b604c65fb0060c9f5415ba87b0e') in 0.0025539 seconds
Start importing Packages/com.unity.render-pipelines.universal/Textures/BlueNoise16/L/LDR_LLL1_12.png using Guid(bfed3e498947fcb4890b7f40f54d85b9) (TextureImporter) -> (artifact id: 'b177ae14de9c19eee3f945677f831063') in 0.0017974 seconds
Start importing Packages/com.unity.render-pipelines.core/Editor/LookDev/Icons/renderdoc.png using Guid(cf13fb90f91d2a545a00591d75b43bd8) (TextureImporter) -> (artifact id: 'c3728aeee1b9747f790fc2a8d4fd0def') in 0.0118034 seconds
Start importing Packages/com.unity.inputsystem/InputSystem/Editor/AssetEditor/PackageResources/personal/actionTreeBackgroundWithoutBorder.png using Guid(cf632ed80bf1f46c980de6b1b8b903ef) (TextureImporter) -> (artifact id: 'e1380732699c99780cc8efc7b05e4271') in 0.0013363 seconds
Start importing Packages/com.unity.render-pipelines.core/Editor/Lighting/Icons/LightAnchor_Icon.png using Guid(df491817340312f439c32f95902ddee7) (TextureImporter) -> (artifact id: 'da9c8aab6be1b640f863749c7c5746df') in 0.0018907 seconds
Start importing Packages/com.unity.render-pipelines.core/Editor/LookDev/Icons/RightArrow.png using Guid(df4dc708bd8692446a6d5c3531ac377b) (TextureImporter) -> (artifact id: 'a3173e3874bcdadc5fd1311a785bd364') in 0.0021325 seconds
Start importing Assets/TextMesh Pro/Sprites/EmojiOne.png using Guid(dffef66376be4fa480fb02b19edbe903) (TextureImporter) -> (artifact id: '4a45f63b7ae21fe3ea2b3c9e5dc2955c') in 0.0097395 seconds
Start importing Packages/com.unity.render-pipelines.core/Editor/Lighting/Icons/LightPlacement_Icon@16.png using Guid(ef06ba4eb3daf484f8b1a9e1ac266945) (TextureImporter) -> (artifact id: '11976dc65a0f89340e2506a8fea23a07') in 0.001619 seconds
Start importing Packages/com.unity.inputsystem/InputSystem/Editor/Icons/TrackedPoseDriver@2x.png using Guid(ff8479815905ce84e9ef610d926f28c8) (TextureImporter) -> (artifact id: '7723e5a4070cf8c5a8c2df62ac057887') in 0.0016974 seconds
Start importing Packages/com.unity.render-pipelines.universal/Textures/BlueNoise16/L/LDR_LLL1_28.png using Guid(ff47e5a0f105eb34883b973e51f4db62) (TextureImporter) -> (artifact id: '19d92388823e2f3db4b541b9a7eae0ad') in 0.0016305 seconds
Start importing Packages/com.unity.inputsystem/InputSystem/Editor/AssetEditor/PackageResources/green.png using Guid(ffeba93637e654de6a5906b48520dc94) (TextureImporter) -> (artifact id: '7b73fd6f0b9951fd7c5f7b68c99f047d') in 0.0018813 seconds
Start importing Packages/com.unity.render-pipelines.core/Editor/LookDev/Icons/d_LookDev@2x.png using Guid(ffdf80dc342e69344b2dccafe04c30ee) (TextureImporter) -> (artifact id: '0e8cb076148d4e8c4de8d1ae03baf783') in 0.0029142 seconds
Start importing Packages/com.unity.render-pipelines.core/Runtime/GPUDriven/OcclusionCullingDebugShaderVariables.cs.hlsl using Guid(00f96d87bb315084d89b58bd90c5304a) (ShaderIncludeImporter) -> (artifact id: '200b9e60b9d1347961ff2f9d0d5909f1') in 0.002002 seconds
Start importing Packages/com.unity.render-pipelines.core/Runtime/GPUDriven/OcclusionTestCommon.hlsl using Guid(1024f2cfcd9723443be47989a040394e) (ShaderIncludeImporter) -> (artifact id: '4fbd482f007b8daccf1511048446913b') in 0.0012071 seconds
Start importing Packages/com.unity.render-pipelines.universal/ShaderLibrary/NormalReconstruction.hlsl using Guid(20013f01a8cbaef4c9545926c27b8d73) (ShaderIncludeImporter) -> (artifact id: '9f4a81eccee92a059d041ae960bd07f1') in 0.0014217 seconds
Start importing Packages/com.unity.render-pipelines.universal/Editor/ShaderGraph/Includes/Varyings.hlsl using Guid(2085a40153652db43a116297c1924476) (ShaderIncludeImporter) -> (artifact id: 'd0003ba4e16dd5dc29a9a311023b8ca1') in 0.0015633 seconds
Start importing Packages/com.unity.render-pipelines.core/ShaderLibrary/API/Validate.hlsl using Guid(30ba55673585a6e4f9afd796eb8b170e) (ShaderIncludeImporter) -> (artifact id: '7ff7c9773558a7df2eae3c89b7be433f') in 0.0018473 seconds
Start importing Assets/TextMesh Pro/Shaders/TMPro.cginc using Guid(407bc68d299748449bbf7f48ee690f8d) (ShaderIncludeImporter) -> (artifact id: '8c9477f89b60945c0a304e941925d0aa') in 0.0017916 seconds
Start importing Packages/com.unity.render-pipelines.core/Runtime/ShaderLibrary/Sampling/Hammersley.cs.hlsl using Guid(5060b04656b69294cb1c5d9dc7185ad2) (ShaderIncludeImporter) -> (artifact id: '19f208623878e4987fae8626ec1df2db') in 0.0016638 seconds
Start importing Packages/com.unity.shadergraph/Editor/Generation/Targets/BuiltIn/ShaderLibrary/DeclareDepthTexture.hlsl using Guid(5080cbd4eecd4a74b849da7f9b53632b) (ShaderIncludeImporter) -> (artifact id: '707058c823c0f5060dca12b2828c9ba1') in 0.0009721 seconds
Start importing Packages/com.unity.shadergraph/Editor/Generation/Targets/BuiltIn/Editor/ShaderGraph/Includes/UnlitPass.hlsl using Guid(50370b309724a0440808e87f08aed757) (ShaderIncludeImporter) -> (artifact id: 'a902870d79012a924e376fe6a959101c') in 0.001783 seconds
Start importing Packages/com.unity.render-pipelines.core/Runtime/UnifiedRayTracing/Compute/RadeonRays/kernels/aabb.hlsl using Guid(6065e50fcb17cf247938a4f5ed300176) (ShaderIncludeImporter) -> (artifact id: 'de4cb0bac77e1dc33d5153fc181888ca') in 0.0016963 seconds
Start importing Packages/com.unity.render-pipelines.core/Runtime/GPUDriven/InstanceOcclusionCullerShaderVariables.cs.hlsl using Guid(60581e86aa47d834785ca132fc385273) (ShaderIncludeImporter) -> (artifact id: 'ba711ec29549438de294187ede08dd2c') in 0.0010213 seconds
Start importing Packages/com.unity.render-pipelines.universal/Shaders/BakedLitForwardPass.hlsl using Guid(70003ec87ea6481a920369a377c1b623) (ShaderIncludeImporter) -> (artifact id: '43fd09ad54edddb1fb3da29c39dc660e') in 0.0009097 seconds
Start importing Packages/com.unity.shadergraph/ShaderGraphLibrary/ShaderVariablesFunctions.hlsl using Guid(7084c0669cdb2af4ab8c669b3139e0df) (ShaderIncludeImporter) -> (artifact id: '99b6d4961571c1f382558e570b862e11') in 0.0011375 seconds
Start importing Packages/com.unity.render-pipelines.universal/Runtime/RendererFeatures/SurfaceCacheGI/SurfaceCacheCore/PatchUtil.hlsl using Guid(804415e4b1bf68147a30546faefeeb0b) (ShaderIncludeImporter) -> (artifact id: '3409782ff82f50f9dca1350510d6f207') in 0.0017294 seconds
Start importing Packages/com.unity.render-pipelines.core/Runtime/UnifiedRayTracing/FetchGeometry.hlsl using Guid(8089a70b4819c714295530d5e01d5d36) (ShaderIncludeImporter) -> (artifact id: 'f2d72e8002ea7f79091a66ed7472a26b') in 0.0016744 seconds
Start importing Packages/com.unity.render-pipelines.universal/ShaderLibrary/DBuffer.hlsl using Guid(9041fd6e0797cf74a8f08340e6157c0d) (ShaderIncludeImporter) -> (artifact id: 'b029d5fd438e295b17378139da4d3437') in 0.0019497 seconds
Start importing Packages/com.unity.shadergraph/Editor/Generation/Targets/BuiltIn/ShaderLibrary/ShaderTypes.cs.hlsl using Guid(90c38a95e899f254f984aef093366e94) (ShaderIncludeImporter) -> (artifact id: '7b1037aa0564bb1c4f8c1e8b0e0135e3') in 0.0013303 seconds
Start importing Packages/com.unity.render-pipelines.core/ShaderLibrary/Debug.hlsl using Guid(90f3145f58b7eb44cb4252ac2a3ab258) (ShaderIncludeImporter) -> (artifact id: 'f5b988e0707d4b932ffda7e1ccaea7b5') in 0.001323 seconds
Start importing Packages/com.unity.render-pipelines.core/ShaderLibrary/HDROutput.hlsl using Guid(b06473c622f844540bd141fc0efae169) (ShaderIncludeImporter) -> (artifact id: 'a35aac64096c91582a6e290b0cceb13b') in 0.0011 seconds
Start importing Packages/com.unity.render-pipelines.universal/Shaders/Particles/ParticlesSimpleLitForwardPass.hlsl using Guid(d0ccc42c5a0934462a0ff237772dceff) (ShaderIncludeImporter) -> (artifact id: 'dac9702cdf65791bfb6764afa8e18713') in 0.0010287 seconds
Start importing Packages/com.unity.render-pipelines.universal/Shaders/Terrain/TerrainLitMetaPass.hlsl using Guid(d00e32bd7638d40538d108b4e2581147) (ShaderIncludeImporter) -> (artifact id: '51a6e1daa4a4233f6b3f8fad6c694116') in 0.0014191 seconds
Start importing Packages/com.unity.render-pipelines.core/ShaderLibrary/API/WebGPU.hlsl using Guid(e0badbba7ccb42748817520dc250e720) (ShaderIncludeImporter) -> (artifact id: 'd88fb2f2d9e2be463ba910494a604db1') in 0.0016213 seconds
Start importing Packages/com.unity.shadergraph/Editor/Generation/Targets/BuiltIn/ShaderLibrary/Core.hlsl using Guid(e01bb373f731e2946bb996c6b980c1ab) (ShaderIncludeImporter) -> (artifact id: '2f1c7a85fdc1aafb620ae74c7404aef3') in 0.0009769 seconds
Start importing Packages/com.unity.render-pipelines.universal/Shaders/Utils/FogDeferred.hlsl using Guid(0172f7cbd9e44e8b844a485dbd8e8349) (ShaderIncludeImporter) -> (artifact id: 'd0300505a4d2770e052cc4c51fc8ffc6') in 0.0009383 seconds
Start importing Packages/com.unity.render-pipelines.core/ShaderLibrary/Sampling/SampleUVMappingInternal.hlsl using Guid(01b8f0e33ff01164da19412b5fbdc7d4) (ShaderIncludeImporter) -> (artifact id: 'b3db4251ee50bf482427683d81dfdcec') in 0.0010411 seconds
Start importing Packages/com.unity.render-pipelines.universal/Shaders/Particles/ParticlesSimpleLitInput.hlsl using Guid(01fa3f8c89aa44160b9a735fc22362d0) (ShaderIncludeImporter) -> (artifact id: '2f8c803136dd9b49e9b2aaefa0f69b6f') in 0.0010004 seconds
Start importing Packages/com.unity.render-pipelines.core/ShaderLibrary/Random.hlsl using Guid(11914c30949383848ab39385375eff34) (ShaderIncludeImporter) -> (artifact id: '782f9f9e5b2e03acb2bb674d2417edcd') in 0.0010299 seconds
Start importing Packages/com.unity.render-pipelines.universal/Shaders/LitForwardPass.hlsl using Guid(116bd973269b9f741b7177c8523b9e50) (ShaderIncludeImporter) -> (artifact id: 'db0dd0e8869b68637c022675d96e785e') in 0.0013534 seconds
Start importing Packages/com.unity.render-pipelines.core/Runtime/STP/StpCommon.hlsl using Guid(11eb6b38eb2cd494cb1ccc8742453265) (ShaderIncludeImporter) -> (artifact id: '2b728a7dd8c203a8fca3242b5b3867c2') in 0.0016109 seconds
Start importing Packages/com.unity.shadergraph/Editor/Generation/Targets/BuiltIn/ShaderLibrary/SurfaceInput.hlsl using Guid(114d56cbf65e5a94ca8aaf64e35d43a9) (ShaderIncludeImporter) -> (artifact id: 'cd9e08cfcc4b5a5a8d39f4c542f7831e') in 0.0011916 seconds
Start importing Packages/com.unity.render-pipelines.universal/ShaderLibrary/Fog.hlsl using Guid(31a96610f8f1dce418026fb1dec1be06) (ShaderIncludeImporter) -> (artifact id: 'e5054d761a88c0a8df13c10c09922c6c') in 0.0010118 seconds
Start importing Packages/com.unity.render-pipelines.universal/Shaders/2D/Include/ShapeLightShared.hlsl using Guid(4151cfb2494f10243a255c8a553306e3) (ShaderIncludeImporter) -> (artifact id: '142d7ee5133d1abc9674f8626acd9469') in 0.0013211 seconds
Start importing Packages/com.unity.render-pipelines.universal/ShaderLibrary/ProbeVolumeVariants.hlsl using Guid(4156fde60711cfd4c9cc05a737bd013e) (ShaderIncludeImporter) -> (artifact id: 'b10cf71e97bf2606cc882f73c0903caf') in 0.0017429 seconds
Start importing Packages/com.unity.render-pipelines.universal/ShaderLibrary/VisualEffectVertex.hlsl using Guid(41a9ae1971520f84c89225b0e84299ec) (ShaderIncludeImporter) -> (artifact id: 'bb53964fb9d20a2f4c01189c020a3adb') in 0.0016662 seconds
Start importing Packages/com.unity.render-pipelines.core/Runtime/PostProcessing/HDROutputDefines.cs.hlsl using Guid(413c288ef05043d4285cf0407f8188b9) (ShaderIncludeImporter) -> (artifact id: '627e8592984465763508acb45f33b07a') in 0.0015016 seconds
Start importing Packages/com.unity.render-pipelines.universal/Shaders/Nature/SpeedTree7Input.hlsl using Guid(519469e5f151ddb40a650b66f48175cb) (ShaderIncludeImporter) -> (artifact id: '3bae4d32591754dcf53381557daeef5b') in 0.0013323 seconds
Start importing Packages/com.unity.render-pipelines.universal/ShaderLibrary/Shadows.deprecated.hlsl using Guid(51fae96488b3f402a8abcda4217b37e1) (ShaderIncludeImporter) -> (artifact id: 'b293d4e8ee14b25b7c1dd0bd5a68ba08') in 0.0010605 seconds
Start importing Packages/com.unity.shadergraph/Editor/Generation/Targets/BuiltIn/ShaderLibrary/MetaInput.hlsl using Guid(51db4cfe7bc15d249a840d3643e41b7a) (ShaderIncludeImporter) -> (artifact id: 'e117fe6074bf7eefa199014ec97dddb3') in 0.0012934 seconds
Start importing Packages/com.unity.render-pipelines.core/ShaderLibrary/ThreadingSM6Impl.hlsl using Guid(517e6b6a28d958f4d957127836465b2e) (ShaderIncludeImporter) -> (artifact id: 'cb520658b743619e44daa91015a5f0dc') in 0.0013445 seconds
Start importing Packages/com.unity.render-pipelines.core/ShaderLibrary/Refraction.hlsl using Guid(61125f624d229884d8cff04fc0fceab7) (ShaderIncludeImporter) -> (artifact id: 'ec51dc7961a914dbb702f56003c51c6d') in 0.0011665 seconds
Start importing Packages/com.unity.render-pipelines.universal/ShaderLibrary/DOTS.hlsl using Guid(71338c4661f9c40249e1fdb27df62e92) (ShaderIncludeImporter) -> (artifact id: 'fb071ccf5881156df1b413098a64ede7') in 0.0012731 seconds
Start importing Packages/com.unity.render-pipelines.core/Runtime/UnifiedRayTracing/Compute/ComputeRaygenShader.hlsl using Guid(7176b7aa19c704f439cdab57ccf4bceb) (ShaderIncludeImporter) -> (artifact id: '3b8b03abc6020eb91950649506995728') in 0.0013958 seconds
Start importing Packages/com.unity.render-pipelines.universal/Editor/ShaderGraph/Includes/Terrain/PBRForwardPass.hlsl using Guid(713d6952dfc661f44b856f1bfc9a4880) (ShaderIncludeImporter) -> (artifact id: '7529ed13cdd73ff6b73b931959ce436e') in 0.0015634 seconds
Start importing Packages/com.unity.render-pipelines.core/Runtime/PostProcessing/LensFlareOcclusionPermutation.cs.hlsl using Guid(81fe9e8731660404b8d68e384d6c03a9) (ShaderIncludeImporter) -> (artifact id: '117c192bc1ebf39adffd68d625745dae') in 0.0010352 seconds
Start importing Packages/com.unity.render-pipelines.core/Runtime/Sampling/Common.hlsl using Guid(91796a9618276ff42930ee05801207aa) (ShaderIncludeImporter) -> (artifact id: 'b85205fcbe0b78e3391fab41ffc501a8') in 0.0009864 seconds
Start importing Packages/com.unity.render-pipelines.universal/ShaderLibrary/UniversalDOTSInstancing.hlsl using Guid(91bd1404255c4cb28a6c81f20300308f) (ShaderIncludeImporter) -> (artifact id: 'cbc46a1be732a58c87f4106e707f2bc0') in 0.0013565 seconds
Start importing Packages/com.unity.render-pipelines.core/ShaderLibrary/AmbientProbe.hlsl using Guid(a1a94b80a0038af4484e8122c5df419e) (ShaderIncludeImporter) -> (artifact id: 'cb8f629343b1a24ab991c72e064c4fc1') in 0.0015728 seconds
Start importing Packages/com.unity.render-pipelines.core/ShaderLibrary/VertexCubeSlicing.hlsl using Guid(b19e52fd23b5c7549b05da06be1b1614) (ShaderIncludeImporter) -> (artifact id: 'd3c11a4c2f9c2d7930f38a990c273b6c') in 0.001678 seconds
Start importing Packages/com.unity.shadergraph/Editor/Generation/Targets/Fullscreen/Includes/FullscreenBlit.hlsl using Guid(c1931467a12255f489f3c72e4aa99ade) (ShaderIncludeImporter) -> (artifact id: '3dcd8326fa90636cf818d82c46fb1928') in 0.0018451 seconds
Start importing Packages/com.unity.shadergraph/Editor/Generation/Targets/BuiltIn/Editor/ShaderGraph/Templates/SharedCode.template.hlsl using Guid(d1c01b917a304614daf4994f4ca27e6d) (ShaderIncludeImporter) -> (artifact id: '0bf7a13027de60fa871fdd0015ba89db') in 0.0016744 seconds
Start importing Packages/com.unity.render-pipelines.core/ShaderLibrary/UnityInstancing.hlsl using Guid(e1cfc5ca61db3d448825f316ff92cb0b) (ShaderIncludeImporter) -> (artifact id: 'a8fb22e0b3f07d881a64078d4b66a813') in 0.0011632 seconds
Start importing Packages/com.unity.shadergraph/Editor/Generation/Targets/BuiltIn/Editor/ShaderGraph/Includes/BuildInputData.hlsl using Guid(f1a1da3eef3aa834d9c94eb0a5c04358) (ShaderIncludeImporter) -> (artifact id: '45864237a931476765752a829de100f1') in 0.0009379 seconds
Start importing Packages/com.unity.render-pipelines.core/Runtime/UnifiedRayTracing/Common.hlsl using Guid(f1fa02d2f89398244bd06abebd7e1840) (ShaderIncludeImporter) -> (artifact id: '2e6cc6c1656d9ea9b857a522cc1348b1') in 0.000963 seconds
Start importing Packages/com.unity.render-pipelines.core/ShaderLibrary/DynamicScaling.hlsl using Guid(024209fcf73c38243ae3b71c8955f187) (ShaderIncludeImporter) -> (artifact id: '3d8dedb1f92ea079235990bbf993a3e9') in 0.0009206 seconds
Start importing Packages/com.unity.shadergraph/Editor/Generation/Targets/BuiltIn/Editor/ShaderGraph/Includes/PBRDeferredPass.hlsl using Guid(12263a5b80a209c44ae6188994252ecd) (ShaderIncludeImporter) -> (artifact id: '39906155d6c2a3d344fac87d9b8adc28') in 0.0009965 seconds
Start importing Packages/com.unity.shadergraph/Editor/Generation/Targets/BuiltIn/ShaderLibrary/SSAO.hlsl using Guid(225d6e653df7a2440a907ddd6d2dd1fc) (ShaderIncludeImporter) -> (artifact id: 'e8da4dc2e3583508d48729630af05f67') in 0.0013726 seconds
Start importing Packages/com.unity.shadergraph/Editor/Generation/Targets/BuiltIn/Editor/ShaderGraph/Includes/PBRForwardAddPass.hlsl using Guid(32b23321ec58ddc4e88879d693256c3a) (ShaderIncludeImporter) -> (artifact id: '78fa21cd7e095dd1e39b74c0b280a710') in 0.0014503 seconds
Start importing Packages/com.unity.render-pipelines.core/ShaderLibrary/SDF2D.hlsl using Guid(325b1a823e35d84478e89669f808ecb9) (ShaderIncludeImporter) -> (artifact id: '8e7abacd98b635045657d550b80af0ac') in 0.0013752 seconds
Start importing Packages/com.unity.render-pipelines.universal/ShaderLibrary/Debug/DebuggingFullscreen.hlsl using Guid(4203f0a40f114a18a614d8fa38c29be9) (ShaderIncludeImporter) -> (artifact id: 'a7952aa8b25986bd598716f03f5f9ffc') in 0.0011811 seconds
Start importing Packages/com.unity.shadergraph/Editor/Generation/Targets/BuiltIn/ShaderLibrary/Particles.hlsl using Guid(4273cde13e0f6f9428ee53ed68036d6a) (ShaderIncludeImporter) -> (artifact id: '07c80900ea7d55a752cc8555ea18a8a2') in 0.0015219 seconds
Start importing Packages/com.unity.render-pipelines.universal/Editor/2D/ShaderGraph/Includes/MeshNormalPass.hlsl using Guid(523042f52a938dd469d367936b00da21) (ShaderIncludeImporter) -> (artifact id: '8938139760ce25804f666acbb6178698') in 0.0017114 seconds
Start importing Packages/com.unity.shadergraph/ShaderGraphLibrary/LODDitheringTransition.hlsl using Guid(5248225944112fb418a213fa587fe10d) (ShaderIncludeImporter) -> (artifact id: '5a7c107ad0e8807ef6c3b8f56123a85b') in 0.0009849 seconds
Start importing Packages/com.unity.render-pipelines.core/Runtime/STP/STP.cs.hlsl using Guid(62ccbd1f548f598418c8662d9f7da3ee) (ShaderIncludeImporter) -> (artifact id: 'df9c346b77d143586b9418f3d074489d') in 0.0009256 seconds
Start importing Packages/com.unity.render-pipelines.universal/ShaderLibrary/UnityGBuffer.deprecated.hlsl using Guid(726f208616c14aa6a29cfa28e9f028dd) (ShaderIncludeImporter) -> (artifact id: 'acb87652b4d5b36c1b3ed85c6c49acaa') in 0.0009002 seconds
Start importing Packages/com.unity.render-pipelines.universal/ShaderLibrary/Unlit.hlsl using Guid(823e07282e194f119e8032f1555676ee) (ShaderIncludeImporter) -> (artifact id: '4492947ff33d0fb8f3d0ee416f791683') in 0.0010388 seconds
Start importing Packages/com.unity.render-pipelines.universal/Shaders/LitGBufferPass.hlsl using Guid(92673cbb58cac8e4d8b5d044ce912dd8) (ShaderIncludeImporter) -> (artifact id: 'da94a980b7f0a979d657269f6769b25b') in 0.0017264 seconds
Start importing Packages/com.unity.render-pipelines.universal/ShaderLibrary/DeclareNormalsTexture.hlsl using Guid(92a8a2733f9d18a44aad998449c6ee51) (ShaderIncludeImporter) -> (artifact id: '330219838c2d22ff78774201555f24c4') in 0.0014163 seconds
Start importing Packages/com.unity.render-pipelines.universal/ShaderLibrary/MotionVectorsCommon.hlsl using Guid(a20568904d9c412459181938be987e12) (ShaderIncludeImporter) -> (artifact id: '3d88cfd1699bf9bfb464e46fbf1a64da') in 0.0016705 seconds
Start importing Packages/com.unity.render-pipelines.core/Runtime/PostProcessing/Shaders/LensFlareCommon.hlsl using Guid(a279154a65cb87e46a9922aeaf9b7bc4) (ShaderIncludeImporter) -> (artifact id: '3226eacfd8eda349d090cc16516b9082') in 0.001079 seconds
Start importing Packages/com.unity.render-pipelines.universal/ShaderLibrary/Input.hlsl using Guid(b2555155ead696140913bef1ec93adf0) (ShaderIncludeImporter) -> (artifact id: 'f7d99524e37c67feebc9894512a9553d') in 0.0009295 seconds
Start importing Packages/com.unity.render-pipelines.universal/Shaders/Nature/SpeedTreeUtility.hlsl using Guid(c245162389fbe944dbc0d721bee26fe0) (ShaderIncludeImporter) -> (artifact id: '7e9da17f72b50f17948a72ff0169c1a4') in 0.000915 seconds
Start importing Packages/com.unity.render-pipelines.core/Runtime/GPUDriven/InstanceData/InstanceWindDataUpdateDefs.cs.hlsl using Guid(f267e53cd6dfdee4c820be8c35548ffe) (ShaderIncludeImporter) -> (artifact id: '425137d45b59e7a8d86cb555cc1d7e5c') in 0.0008474 seconds
Start importing Packages/com.unity.render-pipelines.core/Runtime/UnifiedRayTracing/Compute/RadeonRays/kernels/intersect_structures.hlsl using Guid(f20cb86c2d6c414d9ff78df5fc04cd1d) (ShaderIncludeImporter) -> (artifact id: 'fe354a97d7673ddb942b5c5a66941454') in 0.0009643 seconds
Start importing Packages/com.unity.render-pipelines.core/ShaderLibrary/EntityLighting.hlsl using Guid(0303be75670325342b4bf5697686e77b) (ShaderIncludeImporter) -> (artifact id: 'b1dae7f1bd7ca9dcb96bd9220d49564d') in 0.0009362 seconds
Start importing Packages/com.unity.render-pipelines.universal/Editor/Terrain/TerrainBaseMapGenPass.hlsl using Guid(038de1c4d210733429acda9d6f95d183) (ShaderIncludeImporter) -> (artifact id: '2bc6ef567f3ba5599a1096f0dc394936') in 0.0013902 seconds
Start importing Packages/com.unity.render-pipelines.core/Runtime/GPUDriven/OcclusionCullingCommon.hlsl using Guid(13f1cda4ab8412041ac157181fa6e421) (ShaderIncludeImporter) -> (artifact id: '9508e71b0e339780597973dd9a9582a6') in 0.0018323 seconds
Start importing Packages/com.unity.render-pipelines.universal/Shaders/UnlitMetaPass.hlsl using Guid(138efaf7fb432134da44d5a4981a62ad) (ShaderIncludeImporter) -> (artifact id: '27c03322e925e28021de970d5d5008c2') in 0.0012386 seconds
Start importing Packages/com.unity.render-pipelines.universal/Editor/ShaderGraph/Includes/ShaderPassDecal.hlsl using Guid(131f64991fbd3cb4286f7fbc05dcf29e) (ShaderIncludeImporter) -> (artifact id: '0cd75daeb71a568e565cf195bc4e71c1') in 0.0012849 seconds
Start importing Packages/com.unity.render-pipelines.core/ShaderLibrary/Color.hlsl using Guid(23284bbc36146a94995a8a08e61f4e73) (ShaderIncludeImporter) -> (artifact id: '015cd738248042058fd6ee734aee60b0') in 0.0010671 seconds
Start importing Packages/com.unity.render-pipelines.core/Runtime/Vrs/Shaders/VrsTileSize.hlsl using Guid(234c0613ab6043a7852e6ab1a268352a) (ShaderIncludeImporter) -> (artifact id: 'e099b766c6a28593e25302ed78116b05') in 0.0010777 seconds
Start importing Packages/com.unity.render-pipelines.core/ShaderLibrary/TextureXR.hlsl using Guid(33098eef498723540b0b7705cf69a338) (ShaderIncludeImporter) -> (artifact id: '02f327cfded0cf12eb10ca5c2b88e256') in 0.0014699 seconds
Start importing Packages/com.unity.shadergraph/ShaderGraphLibrary/Nature/SpeedTreeCommon.hlsl using Guid(33eafb83c6bce0842b6887eebaf95436) (ShaderIncludeImporter) -> (artifact id: '0c90e2270419636f447db87e4559bb7c') in 0.0011659 seconds
Start importing Packages/com.unity.shadergraph/Editor/Generation/Templates/BuildVertexDescriptionInputs.template.hlsl using Guid(430a733c64a5c474787ac95203c2056b) (ShaderIncludeImporter) -> (artifact id: '632e7b0be9eb0285bfb6ca5e144f6648') in 0.0011167 seconds
Start importing Packages/com.unity.render-pipelines.core/ShaderLibrary/ScreenCoordOverride.hlsl using Guid(435c74ddc7b1fd744b934a196d6d3d82) (ShaderIncludeImporter) -> (artifact id: '3c801ef6f5a5fc5018b9d8ba96c9a3fb') in 0.0009343 seconds
Start importing Packages/com.unity.render-pipelines.core/Editor/Lighting/ProbeVolume/ProbePlacement.cs.hlsl using Guid(53a7b15acf3ceaf41b7f56dbca27f6c8) (ShaderIncludeImporter) -> (artifact id: '08db22b4bfa26ac4b7a01b4502685e2b') in 0.0012443 seconds
Start importing Packages/com.unity.render-pipelines.universal/ShaderLibrary/Core.hlsl using Guid(53686bf58189656459fca4c6ab04ebe5) (ShaderIncludeImporter) -> (artifact id: 'c2a256c307b5782ec860ef8f8ca4dcd6') in 0.0009769 seconds
Start importing Packages/com.unity.render-pipelines.core/ShaderLibrary/Macros.hlsl using Guid(6300b0e79f5d15e499b9d6b5d23ca01b) (ShaderIncludeImporter) -> (artifact id: '89c1ea0ea21c7eca6fbf3a2fdd2209c1') in 0.0009973 seconds
Start importing Packages/com.unity.render-pipelines.core/ShaderLibrary/Sampling/Fibonacci.hlsl using Guid(63275e6ba7e477f43a376217dc2e147f) (ShaderIncludeImporter) -> (artifact id: '67b0d854f445c108f2686ff5563325a2') in 0.0011464 seconds
Start importing Packages/com.unity.render-pipelines.universal/Shaders/Particles/ParticlesDepthNormalsPass.hlsl using Guid(637c27b6fe6224a06b2b066769d0a6e6) (ShaderIncludeImporter) -> (artifact id: 'ce3976ce067acbfa6db18e48d95f1f27') in 0.0009157 seconds
Start importing Packages/com.unity.render-pipelines.core/ShaderLibrary/MostRepresentativePoint.hlsl using Guid(73b08ea164ce48f382a510231156102f) (ShaderIncludeImporter) -> (artifact id: 'c27c07d654ffbc3e8d081c64ce49b649') in 0.0009147 seconds
Start importing Packages/com.unity.render-pipelines.universal/Editor/ShaderGraph/Includes/UnlitGBufferPass.hlsl using Guid(73b8a22390b7d43f7803cb609e674fe6) (ShaderIncludeImporter) -> (artifact id: '6212ed7d88f11bc2cada00cb4474faf9') in 0.0009201 seconds
Start importing Packages/com.unity.render-pipelines.universal/Runtime/VFXGraph/Shaders/VFXDefines.hlsl using Guid(730c9c8a21ae0a64aba043694dfacca7) (ShaderIncludeImporter) -> (artifact id: 'd7e5c7930f9b3f2a8524a57c28e40bf1') in 0.0009655 seconds
Start importing Packages/com.unity.render-pipelines.universal/Shaders/Utils/StencilDeferred.hlsl using Guid(83384e2d6206c8649ba879ec271c4254) (ShaderIncludeImporter) -> (artifact id: 'c1741e4057de1bf64c03aadb353fa034') in 0.0009205 seconds
Start importing Packages/com.unity.render-pipelines.core/Runtime/UnifiedRayTracing/Common/GeometryPool/GeometryPool.hlsl using Guid(839bff092489da0498be737d665c0665) (ShaderIncludeImporter) -> (artifact id: '0f747fb3b49abea30d27dae0e425e445') in 0.0010147 seconds
Start importing Packages/com.unity.render-pipelines.universal/Editor/Terrain/BuildTerrainVertexDescriptionInputs.template.hlsl using Guid(93d037989b854c24d8f2a8284a46acf3) (ShaderIncludeImporter) -> (artifact id: 'fff04758706545f29a29e6aa3b4f29ae') in 0.0008973 seconds
Start importing Packages/com.unity.render-pipelines.universal/ShaderLibrary/SSAO.hlsl using Guid(930a5f40803cb414b84db9a1889f890c) (ShaderIncludeImporter) -> (artifact id: '07aa601dd1b5fa522ae19095c9ec731b') in 0.0008032 seconds
Start importing Packages/com.unity.render-pipelines.core/ShaderLibrary/CommonLighting.hlsl using Guid(93bbf250faa37d446990b9501e7fb7e8) (ShaderIncludeImporter) -> (artifact id: '456184ffa1aac50844df96c27470d6f5') in 0.0009945 seconds
Start importing Packages/com.unity.render-pipelines.universal/Shaders/2D/Include/LightingUtility.hlsl using Guid(931e5ffca47cea54783e99bf989216b5) (ShaderIncludeImporter) -> (artifact id: 'de11e4cf930f153bed4eb851bdd12e74') in 0.0009843 seconds
Start importing Packages/com.unity.render-pipelines.universal/Shaders/Particles/ParticlesUnlitForwardPass.hlsl using Guid(a361552991159403bbd785132d5cb812) (ShaderIncludeImporter) -> (artifact id: '52a85ab96af1c284fa587292ab9c5139') in 0.001031 seconds
Start importing Packages/com.unity.render-pipelines.universal/Shaders/Particles/ParticlesLitInput.hlsl using Guid(a3129e299d0744bb7bd42c2cea7cea2b) (ShaderIncludeImporter) -> (artifact id: '07cd3142f6a328b4dd50dca631586f08') in 0.0009828 seconds
Start importing Packages/com.unity.render-pipelines.universal/Runtime/RendererFeatures/SurfaceCacheGI/SurfaceCacheCore/PathTracing.hlsl using Guid(a30369464edbd71488d5d8fdb678695f) (ShaderIncludeImporter) -> (artifact id: 'f7ebf7be920621d9b1a23202f85aceea') in 0.0009377 seconds
Start importing Assets/TextMesh Pro/Shaders/TMPro_Mobile.cginc using Guid(c334973cef89a9840b0b0c507e0377ab) (ShaderIncludeImporter) -> (artifact id: 'd7124c43777c8df827fb12547bcdd65b') in 0.0008754 seconds
Start importing Packages/com.unity.render-pipelines.core/ShaderLibrary/FoveatedRenderingKeywords.hlsl using Guid(c32bc6ee3c5a47b5829b4db408c79d3b) (ShaderIncludeImporter) -> (artifact id: '3636aebe82927ae6c83865486e890237') in 0.0008614 seconds
Start importing Packages/com.unity.render-pipelines.core/Runtime/Sampling/PathTracingSampler.hlsl using Guid(d330e4a95eccc4eb9bb75e79bc736ce7) (ShaderIncludeImporter) -> (artifact id: '07ed77f5cb47022daf0b7b3903f04cef') in 0.0010628 seconds
Start importing Packages/com.unity.shadergraph/Editor/Generation/Templates/BuildSurfaceDescriptionInputs.template.hlsl using Guid(d3b47ff860a51904395688d633cb1018) (ShaderIncludeImporter) -> (artifact id: '7b9ae673321c46b5d652b213150448c3') in 0.000985 seconds
Start importing Packages/com.unity.render-pipelines.core/Runtime/PostProcessing/Shaders/ffx/ffx_a.hlsl using Guid(e3711cae0eaec834eb4ae197be7dd569) (ShaderIncludeImporter) -> (artifact id: '5b2d0e34acc18bb27ea8115aac26ccf0') in 0.0010364 seconds
Start importing Packages/com.unity.render-pipelines.universal/ShaderLibrary/BRDF.hlsl using Guid(e325eaafb90d419598a94581ba3335a4) (ShaderIncludeImporter) -> (artifact id: '64658394d846b3e15fbc50a1c8b404f2') in 0.0009642 seconds
Start importing Packages/com.unity.render-pipelines.core/ShaderLibrary/Sampling/SampleUVMapping.hlsl using Guid(f3e4d64dcf820e040a738f576d8d1f79) (ShaderIncludeImporter) -> (artifact id: '5f21f15e095bbfcfbbc9a03fb99f9c84') in 0.0016934 seconds
Start importing Packages/com.unity.render-pipelines.universal/Shaders/Nature/SpeedTree7Passes.hlsl using Guid(f3f941933e171854386001194281536f) (ShaderIncludeImporter) -> (artifact id: '2ccf47dc516883e7023e9e85554447d0') in 0.0014325 seconds
Start importing Packages/com.unity.render-pipelines.universal/Shaders/BakedLitMetaPass.hlsl using Guid(f31bf343921b848fa8e5cde15f1dbaab) (ShaderIncludeImporter) -> (artifact id: '0b1fdd55f93155bd1a35dadc29a47b5e') in 0.001169 seconds
Start importing Packages/com.unity.render-pipelines.core/ShaderLibrary/FoveatedRendering.hlsl using Guid(f36f5598be293c04db2a21f9e7463518) (ShaderIncludeImporter) -> (artifact id: '2bf3bec41aed5f0138582dd0cd46c47b') in 0.0009746 seconds
Start importing Packages/com.unity.render-pipelines.core/Runtime/UnifiedRayTracing/Bindings.hlsl using Guid(047623a35563f0e45bbfce747454416c) (ShaderIncludeImporter) -> (artifact id: 'd6dcf6cadb62096fa0d104f4fe471e03') in 0.0008686 seconds
Start importing Packages/com.unity.render-pipelines.universal/Runtime/VFXGraph/Shaders/VFXLit.hlsl using Guid(045a06f7c76196a43a929d2a916c7d95) (ShaderIncludeImporter) -> (artifact id: 'a62bcb0fc43aff1f72f08bdee603d4d7') in 0.0009058 seconds
Start importing Packages/com.unity.render-pipelines.core/ShaderLibrary/API/GLES3.hlsl using Guid(14a46e0dac04a0245b3f95359167b663) (ShaderIncludeImporter) -> (artifact id: '242e3876f0e365494e69183dc91034c2') in 0.0009392 seconds
Start importing Packages/com.unity.shadergraph/Editor/Generation/Targets/BuiltIn/ShaderLibrary/Lighting.hlsl using Guid(14bcae32932007341a82b552c24738fd) (ShaderIncludeImporter) -> (artifact id: '2afdc64e829e49fb80339ef9779adc96') in 0.0009317 seconds
Start importing Packages/com.unity.render-pipelines.universal/ShaderLibrary/Debug/DebugViewEnums.cs.hlsl using Guid(448811f26ae38ae4cbb2edb0d2b9186c) (ShaderIncludeImporter) -> (artifact id: '74c95890c202779f329cf6bb5229bca2') in 0.0012318 seconds
Start importing Packages/com.unity.render-pipelines.core/ShaderLibrary/CommonMaterial.hlsl using Guid(540178d5ddc29e74da771e38536aee22) (ShaderIncludeImporter) -> (artifact id: '465a2d9ca56f9557477c6a98f7ba65ad') in 0.0009472 seconds
Start importing Packages/com.unity.shadergraph/Editor/Generation/Targets/BuiltIn/Editor/ShaderGraph/Includes/LegacySurfaceVertex.hlsl using Guid(5461cde96a0881146aed77bccd1c72ec) (ShaderIncludeImporter) -> (artifact id: 'f89c2729cfa7c8f942d4ef3738c784b5') in 0.0008963 seconds
Start importing Packages/com.unity.shadergraph/Editor/Generation/Targets/Fullscreen/Includes/FullscreenCommon.hlsl using Guid(54f14acd1960c2a459a0fcd6c959938d) (ShaderIncludeImporter) -> (artifact id: '4703562ff5bd660eeb6a579fc33512e9') in 0.0010171 seconds
Start importing Packages/com.unity.render-pipelines.core/ShaderLibrary/Filtering.hlsl using Guid(54ca0b3b7814f804aac1450b38477c74) (ShaderIncludeImporter) -> (artifact id: '9b44bad3b320edabad789b8a955d3ae6') in 0.0010242 seconds
Start importing Packages/com.unity.render-pipelines.universal/ShaderLibrary/SurfaceInput.hlsl using Guid(546b9685ee7cc0941afd734baa08db2a) (ShaderIncludeImporter) -> (artifact id: 'e01ecd216b69a380356a94dfa1bd697a') in 0.0009016 seconds
Start importing Packages/com.unity.render-pipelines.universal/Editor/ShaderGraph/Includes/DecalMeshBiasTypeEnum.cs.hlsl using Guid(6483447b285419e4b89f8a853712e1ab) (ShaderIncludeImporter) -> (artifact id: '13788609ee3e530eb7e386fe3a5522e2') in 0.0009092 seconds
Start importing Packages/com.unity.render-pipelines.core/ShaderLibrary/ShaderDebugPrint.hlsl using Guid(6487e82b005541789deacb92eaa88bed) (ShaderIncludeImporter) -> (artifact id: '9df46d4723211796452a6ff53f434039') in 0.0009849 seconds
Start importing Packages/com.unity.render-pipelines.universal/Shaders/Terrain/TerrainDetailLitPasses.hlsl using Guid(749e1c2d203942319da1fdb1d94c5f2a) (ShaderIncludeImporter) -> (artifact id: 'b6111819b6b00b4ce7c3a41816d653d7') in 0.0008602 seconds
Start importing Packages/com.unity.render-pipelines.universal/Runtime/RendererFeatures/SurfaceCacheGI/SurfaceCacheCore/PathTracingMaterials.hlsl using Guid(8441f2d912ff46d418f324f16d4540c1) (ShaderIncludeImporter) -> (artifact id: 'a60375c41e2fe300bde942c4ca6e875d') in 0.0008096 seconds
Start importing Packages/com.unity.render-pipelines.core/Runtime/Sampling/SamplingResources.hlsl using Guid(a4f17041120a6f24c8d78d484c813aec) (ShaderIncludeImporter) -> (artifact id: '11c2293da77393bb0ff38da578dad87b') in 0.0010149 seconds
Start importing Packages/com.unity.render-pipelines.universal/ShaderLibrary/Debug/DebuggingCommon.hlsl using Guid(a419d344c87843af8e1ce2e8c571fcb6) (ShaderIncludeImporter) -> (artifact id: 'cbdbce475911215b7ad04a065144a717') in 0.0010585 seconds
Start importing Packages/com.unity.render-pipelines.universal/Shaders/Terrain/WavingGrassPasses.hlsl using Guid(b4bc78a1364154f15b718a412e9710b6) (ShaderIncludeImporter) -> (artifact id: '059c9cdb36269e647e1851718c299aeb') in 0.0009751 seconds
Start importing Packages/com.unity.render-pipelines.universal/Shaders/LitInput.hlsl using Guid(c46f85bf266d7496d9b3659acfbdc711) (ShaderIncludeImporter) -> (artifact id: '79d9d667344da248ee273844adaeb685') in 0.0009325 seconds
Start importing Packages/com.unity.render-pipelines.universal/Runtime/RendererFeatures/SurfaceCacheGI/SurfaceCacheCore/VectorLogic.hlsl using Guid(d4da391a9b2648a980105cdee7aba311) (ShaderIncludeImporter) -> (artifact id: '6e649a2e8a9f823321447110317b2ead') in 0.0010735 seconds
Start importing Packages/com.unity.render-pipelines.core/Runtime/Lighting/ProbeVolume/ProbeVolumeBlendStates.hlsl using Guid(e478f7f7b57c7ab46a2933b408f63161) (ShaderIncludeImporter) -> (artifact id: '826b28742c9d4e4aa3b575afc0abd720') in 0.0009252 seconds
Start importing Packages/com.unity.render-pipelines.core/ShaderLibrary/API/Metal.hlsl using Guid(f4d51e77f119d4dc8899ff02b46bb621) (ShaderIncludeImporter) -> (artifact id: 'a7452f5faa5f394b0cbc174e56ed4abf') in 0.0009354 seconds
Start importing Packages/com.unity.render-pipelines.core/ShaderLibrary/Sampling/Sampling.hlsl using Guid(f4c850bea2c5d45449ba8e228333c82c) (ShaderIncludeImporter) -> (artifact id: 'c6f22666467a1913aa7a5ee000d91863') in 0.0009262 seconds
Start importing Packages/com.unity.render-pipelines.core/ShaderLibrary/API/Vulkan.hlsl using Guid(05a00b34d7740a643a8a6de19c6d9aa6) (ShaderIncludeImporter) -> (artifact id: 'cf4a9f0ea85774ab6ef81e18e330be34') in 0.0011996 seconds
Start importing Packages/com.unity.render-pipelines.universal/Shaders/2D/Include/InputData2D.hlsl using Guid(15c09e9f82634f5881e6676d62f25bcb) (ShaderIncludeImporter) -> (artifact id: '161e1a2c6929b3c12a52882f37b2aba7') in 0.0009402 seconds
Start importing Packages/com.unity.render-pipelines.core/ShaderLibrary/PhysicalCamera.hlsl using Guid(259e4e1d42f9302459819d218966a11c) (ShaderIncludeImporter) -> (artifact id: '58657bcef39ca300673eb76a02080f96') in 0.0009627 seconds
Start importing Packages/com.unity.shadergraph/Editor/Generation/Targets/BuiltIn/Editor/ShaderGraph/Includes/ShadowCasterPass.hlsl using Guid(35c8158e574671d43b32c60a61df1b0f) (ShaderIncludeImporter) -> (artifact id: '8b917fc134770d558a385ec32822a173') in 0.0011204 seconds
Start importing Packages/com.unity.render-pipelines.core/Runtime/UnifiedRayTracing/Compute/RadeonRays/kernels/bvh2il.hlsl using Guid(4541f1bb75b10ac4597809e3016f3026) (ShaderIncludeImporter) -> (artifact id: '22fe95e476e1e01e84b9ff3148fcf0e1') in 0.0009175 seconds
Start importing Packages/com.unity.render-pipelines.universal/Shaders/Nature/SpeedTree7CommonInput.hlsl using Guid(55e6929e00a20d64eadff49d59e097db) (ShaderIncludeImporter) -> (artifact id: '9cdca858a44dc82e77a68cb26686201b') in 0.000901 seconds
Start importing Packages/com.unity.shadergraph/Editor/Generation/Targets/BuiltIn/Editor/ShaderGraph/Includes/ShaderPass.hlsl using Guid(65e35b38e39fde248977f1e9a8ec2e10) (ShaderIncludeImporter) -> (artifact id: 'ced89eb0a1e8cb8214937d7b8bef88ac') in 0.0011581 seconds
Start importing Packages/com.unity.render-pipelines.universal/ShaderLibrary/UnityInput.hlsl using Guid(6564342aa7c6ca44a86b97323a311d74) (ShaderIncludeImporter) -> (artifact id: '4beb49bad9e4a7b77fccd4f5f2959f2d') in 0.0010082 seconds
Start importing Packages/com.unity.render-pipelines.core/Editor/Lighting/ProbeVolume/VoxelizeScene.hlsl using Guid(7530ec596e48f41e2bc1cc954be9b805) (ShaderIncludeImporter) -> (artifact id: '78635e517d88ad23ae60c4c31f083bfd') in 0.0009796 seconds
Start importing Packages/com.unity.render-pipelines.universal/Shaders/Nature/SpeedTree7CommonPasses.hlsl using Guid(85f7860cf76171b438c51eb5fcd238ce) (ShaderIncludeImporter) -> (artifact id: '92b982b93debc4638ec9e430cb9e430e') in 0.0013201 seconds
Start importing Packages/com.unity.shadergraph/Editor/Generation/Targets/BuiltIn/ShaderLibrary/UnityGBuffer.hlsl using Guid(951755fce4d8bae4ca6cfbe7908e1149) (ShaderIncludeImporter) -> (artifact id: '459df165b451296ddff8c058b9a6e419') in 0.0009679 seconds
Start importing Packages/com.unity.render-pipelines.universal-config/Runtime/ShaderConfig.cs.hlsl using Guid(956ff25f08f5e1d4a9ffc96f5803d5a1) (ShaderIncludeImporter) -> (artifact id: 'eb27e6ad7306f78a0c98f9bc6ba90697') in 0.0012235 seconds
Start importing Packages/com.unity.render-pipelines.core/Runtime/GPUDriven/OcclusionCullingCommonShaderVariables.cs.hlsl using Guid(a5ea6c3e82289ce4d8ea0b60a96b1ee2) (ShaderIncludeImporter) -> (artifact id: 'a112cb6144114d3626072cc17f68ef36') in 0.0011115 seconds
Start importing Packages/com.unity.render-pipelines.core/ShaderLibrary/Common.hlsl using Guid(a57f9f83ea626ae45b402953fe637268) (ShaderIncludeImporter) -> (artifact id: 'cd3174d94281f8cd36f910f78ba427f4') in 0.001293 seconds
Start importing Packages/com.unity.render-pipelines.core/ShaderLibrary/ACES.hlsl using Guid(b52d68e305b98a94bac88855d8ea5936) (ShaderIncludeImporter) -> (artifact id: '176191ae28163d3f27e89e384a1a2175') in 0.0015857 seconds
Start importing Packages/com.unity.render-pipelines.core/ShaderLibrary/GraniteShaderLibBase.hlsl using Guid(c5520328ccc5d6c4e8a923677cbb21cf) (ShaderIncludeImporter) -> (artifact id: '77ad9bcb2cac851a8bc6fa599cac3bdc') in 0.0010121 seconds
Start importing Packages/com.unity.render-pipelines.core/Runtime/Utilities/Blit.hlsl using Guid(d55706914cfa84431bb4f9277ebd1054) (ShaderIncludeImporter) -> (artifact id: '180c9211917b736bb830a0291e538622') in 0.000967 seconds
Start importing Packages/com.unity.render-pipelines.universal/ShaderLibrary/SixWayLighting.hlsl using Guid(d5c9d8a733254102b894def0429c24c4) (ShaderIncludeImporter) -> (artifact id: 'ee38984d55f64f406d0e83a9ffa0fc91') in 0.0009298 seconds
Start importing Packages/com.unity.render-pipelines.universal/Editor/ShaderGraph/Includes/PBRGBufferPass.hlsl using Guid(f562fc45f8fc5434a96065e20892eff9) (ShaderIncludeImporter) -> (artifact id: '9bb6c226b3dce4afa3131cc130b894c9') in 0.0008261 seconds
Start importing Packages/com.unity.render-pipelines.core/ShaderLibrary/SpaceFillingCurves.hlsl using Guid(063144fddd2c1be41b9d09dec6314fc7) (ShaderIncludeImporter) -> (artifact id: '1004bb81984830596d8a0d55d3c9d2f0') in 0.0011665 seconds
Start importing Packages/com.unity.render-pipelines.universal/Shaders/Nature/SpeedTree8Passes.hlsl using Guid(0613a5abac2db2247bdcd7380e98bba1) (ShaderIncludeImporter) -> (artifact id: 'f01dfdecdba3b147a5f99358b7c7410a') in 0.0017476 seconds
Start importing Packages/com.unity.render-pipelines.universal/Editor/ShaderGraph/Includes/CanvasPass.hlsl using Guid(0618e9bb046736646afe2346a3813db4) (ShaderIncludeImporter) -> (artifact id: '65f0473640811a64b01f1649ca38074d') in 0.0014334 seconds
Start importing Packages/com.unity.shadergraph/Editor/Generation/Targets/BuiltIn/ShaderLibrary/Shim/InputsShim.hlsl using Guid(160030f5e9c5e9b43bfd7646d5712b8a) (ShaderIncludeImporter) -> (artifact id: 'e38ec1e66ac41dcddb426c539467f8bf') in 0.0009487 seconds
Start importing Packages/com.unity.shadergraph/Editor/Generation/Targets/Fullscreen/Templates/SharedCode.template.hlsl using Guid(16201fed0715efa48a8908fedb361bf0) (ShaderIncludeImporter) -> (artifact id: '39ae7fb5e44edae5c7e1f09fd31f5f2d') in 0.0008501 seconds
Start importing Packages/com.unity.shadergraph/ShaderGraphLibrary/PreviewVaryings.hlsl using Guid(1634e4cba986f4a4aabc82c280e09d13) (ShaderIncludeImporter) -> (artifact id: '517b420a32138be80a6e1c29cd3e2712') in 0.0009537 seconds
Start importing Packages/com.unity.render-pipelines.universal/Runtime/RendererFeatures/SurfaceCacheGI/SurfaceCacheCore/PathTracingCommon.hlsl using Guid(26c202ba0499aad4387888eff3a31187) (ShaderIncludeImporter) -> (artifact id: '05c5871e32fe28834855ff1eaadf3961') in 0.0010188 seconds
Start importing Packages/com.unity.render-pipelines.core/Runtime/Lighting/ProbeVolume/ProbeReferenceVolume.Streaming.cs.hlsl using Guid(2675e3c7f72788145b4a5bc872a75211) (ShaderIncludeImporter) -> (artifact id: 'c6e477d10269b138a098bd1a257da760') in 0.0010198 seconds
Start importing Packages/com.unity.render-pipelines.core/ShaderLibrary/DebugMipmapStreaming.hlsl using Guid(369a40fd4db19d048ad2cf161cc89fcd) (ShaderIncludeImporter) -> (artifact id: '9347a9d4488ea9c341dfbc0a4ec9c80e') in 0.00098 seconds
Start importing Packages/com.unity.render-pipelines.universal/Shaders/BakedLitInput.hlsl using Guid(463a8185744c2459f8e621f4e4eb74d3) (ShaderIncludeImporter) -> (artifact id: 'a3214aec7f08536da6900203e44668cb') in 0.0009745 seconds
Start importing Packages/com.unity.render-pipelines.core/Runtime/Sampling/SobolBluenoiseSampling.hlsl using Guid(563a0665ce2f07e419c80acd1ad6e1f0) (ShaderIncludeImporter) -> (artifact id: '67fbdf27158d955fe6bd3935d3f13bf0') in 0.0010612 seconds
Start importing Packages/com.unity.render-pipelines.core/Runtime/Utilities/GPUPrefixSum/GPUPrefixSum.Data.cs.hlsl using Guid(56dcfb5655d6cc74cb661e531de4bbdf) (ShaderIncludeImporter) -> (artifact id: '7b4cd810376705b9c6f3462f803389e4') in 0.0010526 seconds
Start importing Packages/com.unity.render-pipelines.universal/Runtime/RendererFeatures/SurfaceCacheGI/SurfaceCacheCore/RestirEstimation.hlsl using Guid(66f41beb195ccdf408b955566b037e9d) (ShaderIncludeImporter) -> (artifact id: '142cc5be793a105686b8d4e49387a668') in 0.0009322 seconds
Start importing Packages/com.unity.render-pipelines.core/Runtime/Lighting/ProbeVolume/DecodeSH.hlsl using Guid(6646f462aeb8278489c25fda24fd2db8) (ShaderIncludeImporter) -> (artifact id: 'e26a71bb6ee3037948c69b64e5154cc4') in 0.001011 seconds
Start importing Packages/com.unity.render-pipelines.core/Runtime/UnifiedRayTracing/Compute/RadeonRays/kernels/triangle_mesh.hlsl using Guid(76757b5514dd6404dafc9fbe2566522d) (ShaderIncludeImporter) -> (artifact id: 'bba26e1a14001342016a3a6b62be9a97') in 0.0013714 seconds
Start importing Packages/com.unity.shadergraph/ShaderGraphLibrary/Functions.hlsl using Guid(76c5c0b7561134f0ca526e50f239a4a2) (ShaderIncludeImporter) -> (artifact id: 'fb9f2e7280bcbc323bec5c790618b27b') in 0.0015609 seconds
Start importing Packages/com.unity.render-pipelines.core/ShaderLibrary/VolumeRendering.hlsl using Guid(76b6dbce57ad3e647a01b5ad36f737a5) (ShaderIncludeImporter) -> (artifact id: 'f4c05a7ccb57a236c85a94925f7babe2') in 0.0009283 seconds
Start importing Packages/com.unity.render-pipelines.universal/ShaderLibrary/Lighting.hlsl using Guid(762f0a4829f44584ba01e2f0661150d9) (ShaderIncludeImporter) -> (artifact id: '6c63dfe35c19474719b92ec91d194832') in 0.0009697 seconds
Start importing Packages/com.unity.render-pipelines.universal/Shaders/BakedLitDepthNormalsPass.hlsl using Guid(9604e389528d04ae39fe05a7b4212172) (ShaderIncludeImporter) -> (artifact id: 'f008c16ae36e3177446511a4cbfe4522') in 0.0013623 seconds
Start importing Packages/com.unity.shadergraph/Editor/Generation/Targets/CustomRenderTexture/CustomTextureGraph.hlsl using Guid(96a8b300b2dfb474bb4fd8118749fdec) (ShaderIncludeImporter) -> (artifact id: '044b3165fda609191102d2a1ba89c728') in 0.0010104 seconds
Start importing Packages/com.unity.render-pipelines.core/ShaderLibrary/Version.hlsl using Guid(96eb0e7285e8ec64b9b711f1e6b78dea) (ShaderIncludeImporter) -> (artifact id: '433b9e977a90d01e871a0133898c81c4') in 0.00095 seconds
Start importing Assets/TextMesh Pro/Shaders/SDFFunctions.hlsl using Guid(96de908384869cd409c75efa351d5edf) (ShaderIncludeImporter) -> (artifact id: '237f5ce3483566009ae122a2ddd8a6d3') in 0.0009475 seconds
Start importing Packages/com.unity.render-pipelines.universal/Shaders/SimpleLitDepthNormalsPass.hlsl using Guid(a63ccbef6bed14464a35b8a62ee9b775) (ShaderIncludeImporter) -> (artifact id: '7875d8d6c72e46e2bf55e059e7d3fa9a') in 0.0010405 seconds
Start importing Packages/com.unity.render-pipelines.core/ShaderLibrary/NormalSurfaceGradient.hlsl using Guid(b6ff088bebec9f941ae19a0086e4f097) (ShaderIncludeImporter) -> (artifact id: 'd006626f4b3a9fd9eb807ca6957e945e') in 0.0009534 seconds
Start importing Packages/com.unity.render-pipelines.core/ShaderLibrary/ParallaxMapping.hlsl using Guid(c6976b17260ed7d4ca3810ae8488f67f) (ShaderIncludeImporter) -> (artifact id: '4df7e0a7a01c4de0060eacf032a77323') in 0.0011435 seconds
Start importing Packages/com.unity.render-pipelines.universal/Shaders/LitDepthNormalsPass.hlsl using Guid(d6641dcdedd1f422aa58ffec746e5342) (ShaderIncludeImporter) -> (artifact id: 'f2c5341c5662c090bdac34f72cda4f2c') in 0.0011615 seconds
Start importing Packages/com.unity.render-pipelines.core/Runtime/Lighting/ProbeVolume/ProbeReferenceVolume.Debug.cs.hlsl using Guid(f6e06ceb4cc6a38458f4b614e8000dc8) (ShaderIncludeImporter) -> (artifact id: '86ecbcc56dc6ecc8002d61715141c556') in 0.0010688 seconds
Start importing Packages/com.unity.render-pipelines.universal/Runtime/RendererFeatures/SurfaceCacheGI/SurfaceCacheCore/RingBuffer.hlsl using Guid(f6915963f3bd8724b9def69a1ecdd73d) (ShaderIncludeImporter) -> (artifact id: '3985b6105dd117fe1b8811a24902927c') in 0.0013886 seconds
Start importing Packages/com.unity.render-pipelines.core/ShaderLibrary/SpaceTransforms.hlsl using Guid(07d22e3065efb5a489e5e2644df19bc7) (ShaderIncludeImporter) -> (artifact id: '62e85ed44f808449abeb8d83da45b386') in 0.0012423 seconds
Start importing Packages/com.unity.shadergraph/ShaderGraphLibrary/GeometricTools.hlsl using Guid(07d3f5482ecfe425f91b12cd32be4cbe) (ShaderIncludeImporter) -> (artifact id: 'f7dae6aa20f4d2735b653bbd8d01a834') in 0.0018121 seconds
Start importing Packages/com.unity.render-pipelines.universal/Editor/ShaderGraph/Includes/UnlitPass.hlsl using Guid(07da8e9cacb587246ade02755c273666) (ShaderIncludeImporter) -> (artifact id: 'aa34c9e08173dc9f65f41d6ed27a3652') in 0.0013361 seconds
Start importing Packages/com.unity.render-pipelines.core/ShaderLibrary/API/GLCore.hlsl using Guid(17e9ff94ac9e8aa4e81b23222a4dc205) (ShaderIncludeImporter) -> (artifact id: '30e6a1f4e483a770bcddf68b66356f67') in 0.0009495 seconds
Start importing Packages/com.unity.render-pipelines.universal/Editor/2D/ShaderGraph/Includes/SpriteUnlitPass.hlsl using Guid(172e304acf14e434e967133e7ee67273) (ShaderIncludeImporter) -> (artifact id: '138301af7ca03afdaff24b6fd89eb6f9') in 0.0008788 seconds
Start importing Packages/com.unity.render-pipelines.universal/Editor/ShaderGraph/Includes/PBRForwardPass.hlsl using Guid(2774e65a956f7428a9ba09fe1098e1eb) (ShaderIncludeImporter) -> (artifact id: 'd9f575aa5db2e3a8ac267f74a31c8ba3') in 0.000894 seconds
Start importing Packages/com.unity.render-pipelines.core/ShaderLibrary/BC6H.hlsl using Guid(27d419a4917d0ea49978c236e058d464) (ShaderIncludeImporter) -> (artifact id: 'b175b05405675d4c79fefa46f7c8c385') in 0.0009055 seconds
Start importing Packages/com.unity.render-pipelines.core/ShaderLibrary/API/Switch2.hlsl using Guid(27b804a87c546b2429017809b12cd1c9) (ShaderIncludeImporter) -> (artifact id: '51b06e7383592489e5e1ce3e433c1888') in 0.0011241 seconds
Start importing Packages/com.unity.render-pipelines.core/Runtime/Sampling/PseudoRandom.hlsl using Guid(270be7a3bca5b4e038d7e90c1ca0f18c) (ShaderIncludeImporter) -> (artifact id: '5f053e747597ed078b37d9983fa9481f') in 0.0009691 seconds
Start importing Packages/com.unity.render-pipelines.core/ShaderLibrary/GlobalSamplers.hlsl using Guid(47ecc1e1971024be4a44aa322690660e) (ShaderIncludeImporter) -> (artifact id: '2b7d4275608c06d377e802691a801385') in 0.0009243 seconds
Start importing Packages/com.unity.render-pipelines.universal/Shaders/UnlitForwardPass.hlsl using Guid(574332cc54d34b3b96cd214f5febe833) (ShaderIncludeImporter) -> (artifact id: 'e2cf2bb16ada96214aa61ae8779b6a99') in 0.0010818 seconds
Start importing Packages/com.unity.render-pipelines.universal/ShaderLibrary/UniversalMetaPass.hlsl using Guid(573542356fb54fe4583ff78639189cf8) (ShaderIncludeImporter) -> (artifact id: '055eed10ded5189fad8e37cb5f71138d') in 0.0011448 seconds
Start importing Packages/com.unity.render-pipelines.universal/Shaders/Utils/Universal2D.hlsl using Guid(67e3e0cfa0204244683a6c506307f311) (ShaderIncludeImporter) -> (artifact id: '27910d759c79e21b1086472e8168fe91') in 0.001025 seconds
Start importing Packages/com.unity.render-pipelines.universal/ShaderLibrary/ShaderVariablesFunctions.deprecated.hlsl using Guid(77a6d2810aa974e0bad8b56aec6e87f4) (ShaderIncludeImporter) -> (artifact id: '42db13cb2bc5fdfdf6c2cc63243c279d') in 0.0013616 seconds
Start importing Packages/com.unity.render-pipelines.universal/ShaderLibrary/GBufferOutputFormat.hlsl using Guid(87322610c9b88a64e8bce40c056d8116) (ShaderIncludeImporter) -> (artifact id: '1b24a2ef63c47cec4ce5844d25b21eb2') in 0.0011157 seconds
Start importing Packages/com.unity.shadergraph/Editor/Generation/Targets/BuiltIn/ShaderLibrary/Shadows.hlsl using Guid(87c2af44d69c0194687e11c33c85f6c2) (ShaderIncludeImporter) -> (artifact id: 'ffb46551ea43c0d8ebcca6f556893ff9') in 0.0009504 seconds
Start importing Packages/com.unity.render-pipelines.universal/Runtime/RendererFeatures/SurfaceCacheGI/SurfaceCacheCore/UniformEstimation.hlsl using Guid(87f25dcc02b54e84ab16e783d04d72d8) (ShaderIncludeImporter) -> (artifact id: 'a756107819a89a5065c22ef9a18e994b') in 0.0009198 seconds
Start importing Packages/com.unity.render-pipelines.universal/Shaders/2D/Include/ShadowProjectVertex.hlsl using Guid(97832dc646b4fb4498bf5aa61e366c13) (ShaderIncludeImporter) -> (artifact id: '459f1430ddf09488d8dc88d6cacc66ac') in 0.0011091 seconds
Start importing Packages/com.unity.render-pipelines.universal/Shaders/Utils/CopyDepthPass.hlsl using Guid(971e7c84ed6bc40fc95bdbb2e008013f) (ShaderIncludeImporter) -> (artifact id: 'de0a052fb66c901b2d52dc2b8f7a35b7') in 0.0009823 seconds
Start importing Packages/com.unity.render-pipelines.universal/Shaders/Terrain/WavingGrassDepthNormalsPass.hlsl using Guid(97ce72d5527034cbca1d95b53d583472) (ShaderIncludeImporter) -> (artifact id: 'e78287aad14f526aa0813ae0b335a763') in 0.0013471 seconds
Start importing Packages/com.unity.render-pipelines.universal/ShaderLibrary/LightCookie/LightCookieInput.hlsl using Guid(a70b6c101edaa442a80370b0d514fb3c) (ShaderIncludeImporter) -> (artifact id: '353d2f218d28b217bf609620cc16ba98') in 0.0010729 seconds
Start importing Packages/com.unity.render-pipelines.core/Runtime/GPUDriven/InstanceOcclusionCuller.cs.hlsl using Guid(a71fe447aa3034341b4a16245852e2f5) (ShaderIncludeImporter) -> (artifact id: 'ae6d0ccdd602a3e984bbc027db9920c8') in 0.0010901 seconds
Start importing Packages/com.unity.render-pipelines.universal/Shaders/Particles/ParticlesEditorPass.hlsl using Guid(b75058dfffdae7a41bf0373f3d2f264c) (ShaderIncludeImporter) -> (artifact id: '73354632a7b762bdb1c9bc491c24ccf3') in 0.0013482 seconds
Start importing Packages/com.unity.render-pipelines.universal/Shaders/DepthNormalsPass.hlsl using Guid(b76d45ea333b2a049bc45c5328ef3e7c) (ShaderIncludeImporter) -> (artifact id: '434a8f2cc616b035f762404cbdf64bcd') in 0.0010459 seconds
Start importing Packages/com.unity.render-pipelines.universal/ShaderLibrary/ParticlesInstancing.hlsl using Guid(c70398529f54bc44ca6a3ed0211e039f) (ShaderIncludeImporter) -> (artifact id: 'f2c6f48416aa0fb3a17f2cb8dc3911ff') in 0.001086 seconds
Start importing Packages/com.unity.shadergraph/Editor/Generation/Targets/BuiltIn/Editor/ShaderGraph/Includes/BuiltInCanvasPass.hlsl using Guid(c79cdcb9c21d4339a577df76710eafd5) (ShaderIncludeImporter) -> (artifact id: 'ddc469c07568d2f8bc73e51f059d5722') in 0.0009929 seconds
Start importing Packages/com.unity.render-pipelines.core/Runtime/GPUDriven/InstanceData/InstanceTransformUpdateDefs.cs.hlsl using Guid(d73035ddef2bea3469c6784cf7f2e865) (ShaderIncludeImporter) -> (artifact id: '7180160fa486d9297f406d93ab6c562f') in 0.001018 seconds
Start importing Packages/com.unity.render-pipelines.core/ShaderLibrary/MetaPass.hlsl using Guid(d7414e735eb09cd40855d8142a1c2e18) (ShaderIncludeImporter) -> (artifact id: 'ccf81b0c96107306ceaf5e8a8130d3ec') in 0.0010893 seconds
Start importing Packages/com.unity.render-pipelines.universal/Shaders/2D/Include/2DCommon.hlsl using Guid(e707208f874722b45a81cf2f59f81458) (ShaderIncludeImporter) -> (artifact id: 'af421ba3779dc22cbb1fcd7c75ee6bfe') in 0.0011201 seconds
Start importing Packages/com.unity.render-pipelines.core/ShaderLibrary/SphericalHarmonics.hlsl using Guid(e7990b191f2f28e4884a439c088c4fe0) (ShaderIncludeImporter) -> (artifact id: '1f77ab63705fcaa53a92eddd0fbed2fc') in 0.0013405 seconds
Start importing Packages/com.unity.render-pipelines.universal/Runtime/RendererFeatures/SurfaceCacheGI/SurfaceCacheCore/RestirCandidateTemporal.hlsl using Guid(e78ab4c515da1e442a19a4905ed03844) (ShaderIncludeImporter) -> (artifact id: '11fc3476bcaa23f79c206ce3b78329d1') in 0.0013477 seconds
Start importing Packages/com.unity.render-pipelines.universal/Shaders/UnlitInput.hlsl using Guid(e7ba75cc852b14b7f934978b5697bf1b) (ShaderIncludeImporter) -> (artifact id: '65bcba20103aa1eef9f02fa0531e0706') in 0.0010314 seconds
Start importing Packages/com.unity.shadergraph/Editor/Generation/Targets/BuiltIn/ShaderLibrary/ShaderGraphFunctions.hlsl using Guid(e74b0f1b5e52c5642a66b47b7fc87799) (ShaderIncludeImporter) -> (artifact id: 'cedc005a6f9016efa19b90ca196354f8') in 0.0010923 seconds
Start importing Packages/com.unity.render-pipelines.universal/Shaders/2D/Include/CombinedShapeLightShared.hlsl using Guid(e7ee44e4db2311b428e6f789318838f8) (ShaderIncludeImporter) -> (artifact id: '901ae6325472d5b24ab84042ba63ceef') in 0.000974 seconds
Start importing Packages/com.unity.render-pipelines.universal/Editor/Terrain/TerrainPassUtils.hlsl using Guid(08f4bc71ad275bc4b90168fda29f36b5) (ShaderIncludeImporter) -> (artifact id: 'a89468ce7502d2657aab55fbdb73ca5b') in 0.00113 seconds
Start importing Packages/com.unity.shadergraph/Editor/Generation/Targets/BuiltIn/ShaderLibrary/Shim/UIShim.hlsl using Guid(0807df336df54b879e1b97aa9306c0da) (ShaderIncludeImporter) -> (artifact id: '9668ecd58101c9bb3c930e4adbfba771') in 0.000947 seconds
Start importing Packages/com.unity.render-pipelines.core/Runtime/Vrs/Shaders/VrsMainTex.hlsl using Guid(08b9525dab8d497cb640174e593275d1) (ShaderIncludeImporter) -> (artifact id: 'b23941fcd6468d20d32d8b51af6bea7e') in 0.000951 seconds
Start importing Packages/com.unity.render-pipelines.universal/ShaderLibrary/SurfaceData.hlsl using Guid(181b211e2007bd4478d853b8964457ab) (ShaderIncludeImporter) -> (artifact id: '4928f064fafbcb6a0a4c7b33795105d2') in 0.0009498 seconds
Start importing Packages/com.unity.render-pipelines.universal/Shaders/2D/Include/SurfaceData2D.hlsl using Guid(2861459260b14a2481f8f8e7f6637d8f) (ShaderIncludeImporter) -> (artifact id: '95037b5ee209f753458e26780603f1ea') in 0.0010461 seconds
Start importing Packages/com.unity.render-pipelines.universal/Shaders/UnlitGBufferPass.hlsl using Guid(28fcbf208a4c04495b93bb6d554908e0) (ShaderIncludeImporter) -> (artifact id: '237bb0529b6e41ac413c5ec0c5ffbb6f') in 0.0014183 seconds
Start importing Packages/com.unity.render-pipelines.universal/Runtime/VFXGraph/Shaders/VFXCommon.hlsl using Guid(385bc181e02fb7549a92fc001133ad46) (ShaderIncludeImporter) -> (artifact id: '026338b7c786d277ed5cd87f00f42141') in 0.0016022 seconds
Start importing Packages/com.unity.shadergraph/Editor/Generation/Targets/BuiltIn/Editor/ShaderGraph/Includes/Varyings.hlsl using Guid(48ba7a8ce29978c4690d3d53549a5a4c) (ShaderIncludeImporter) -> (artifact id: '1cb66669934fced0d9d6f3f14c16059f') in 0.001052 seconds
Start importing Packages/com.unity.render-pipelines.universal/ShaderLibrary/Particles.hlsl using Guid(58997c4bd657ad848919e91029ee01eb) (ShaderIncludeImporter) -> (artifact id: '587a5a8772c68e570548f6b6e0189cb2') in 0.0013909 seconds
Start importing Packages/com.unity.render-pipelines.core/Runtime/Lighting/ProbeVolume/ProbeVolume.hlsl using Guid(688129ab15b222340a2c7fa427269889) (ShaderIncludeImporter) -> (artifact id: '285f9beafc2d2e596de0dd87d5bce0d2') in 0.0009851 seconds
Start importing Packages/com.unity.render-pipelines.universal/ShaderLibrary/UnityGBuffer.hlsl using Guid(688ed6f8ef8246529e7fdd721e43d639) (ShaderIncludeImporter) -> (artifact id: 'd628a2a222c8401e8640fd94c8d0eef3') in 0.0011332 seconds
Start importing Packages/com.unity.render-pipelines.universal/Editor/ShaderGraph/Includes/Terrain/DepthNormalsOnlyPass.hlsl using Guid(78121747aa974234f94f7fda667dbbe1) (ShaderIncludeImporter) -> (artifact id: '2126eba93685ac21e3223f098a9654a8') in 0.0012399 seconds
Start importing Packages/com.unity.shadergraph/Editor/Generation/Targets/BuiltIn/ShaderLibrary/SurfaceData.hlsl using Guid(88329a10539cce1418e6aa8c8b62c896) (ShaderIncludeImporter) -> (artifact id: '422b404fe6880f18e30978b2b7a8475a') in 0.000906 seconds
Start importing Packages/com.unity.render-pipelines.universal/ShaderLibrary/LightCookie/LightCookie.hlsl using Guid(8878828335bd847b493e10211fcbf825) (ShaderIncludeImporter) -> (artifact id: '8386f0f52bfe2f88bbdb4ef48b3d2d80') in 0.000853 seconds
Start importing Packages/com.unity.render-pipelines.universal/Shaders/2D/Include/Core2D.hlsl using Guid(882f88039036f6c49a8df5ce3d214444) (ShaderIncludeImporter) -> (artifact id: 'c1f3a6afaad2f1b10b83fa39bfb77795') in 0.0009356 seconds
Start importing Packages/com.unity.render-pipelines.universal/ShaderLibrary/Deprecated.hlsl using Guid(9802e36ef1c38064d9bcd7bf2e01cccb) (ShaderIncludeImporter) -> (artifact id: 'a2dbff075d600e0c8c86aeb0006f6c93') in 0.0010076 seconds
Start importing Packages/com.unity.render-pipelines.universal/Shaders/Particles/ParticlesLitForwardPass.hlsl using Guid(a8d5c97876fe84413b2f630e2debf75b) (ShaderIncludeImporter) -> (artifact id: 'c186d5fa8e308c171c0ae7cbc2ba05a5') in 0.0011918 seconds
Start importing Packages/com.unity.render-pipelines.universal/Shaders/Terrain/TerrainLitInput.hlsl using Guid(a817cb90496894b368593402e13b040c) (ShaderIncludeImporter) -> (artifact id: '1d1df1164648d3a52340f5783c1c404b') in 0.0011162 seconds
Start importing Packages/com.unity.render-pipelines.universal/ShaderLibrary/ShaderVariablesFunctions.hlsl using Guid(a8db2eae5ac4548a683f17e8c528c05c) (ShaderIncludeImporter) -> (artifact id: '8a218ea6749e5251f3e3be7f1352b822') in 0.0014858 seconds
Start importing Packages/com.unity.render-pipelines.core/ShaderLibrary/CommonShadow.hlsl using Guid(a85db80be6def144e938df4cbf0d1aa6) (ShaderIncludeImporter) -> (artifact id: '21f3864ee28d3beb7f4f0f95f04e534f') in 0.0009352 seconds
Start importing Packages/com.unity.render-pipelines.core/Runtime/UnifiedRayTracing/TraceRay.hlsl using Guid(d89584fc78a387b4b89d50da624e2695) (ShaderIncludeImporter) -> (artifact id: 'b5d835f9178e3b10893ac9cc25706194') in 0.0009052 seconds
Start importing Packages/com.unity.render-pipelines.universal/Editor/ShaderGraph/Includes/MotionVectorPass.hlsl using Guid(d8b8f4c97d2074ea9a54a1d0dbefb62c) (ShaderIncludeImporter) -> (artifact id: '6427f194c201df6beec740b13b78285f') in 0.001204 seconds
Start importing Packages/com.unity.shadergraph/Editor/Generation/Targets/Terrain/Includes/TerrainTextureVariables.hlsl using Guid(d85c65f9f4934f44bfa653df1ef8875c) (ShaderIncludeImporter) -> (artifact id: '10e7c612f28d8fac67bece28c50cc108') in 0.0009759 seconds
Start importing Packages/com.unity.render-pipelines.universal/ShaderLibrary/Debug/Debugging3D.hlsl using Guid(d8ae717b647341719f2a89f20faaf51b) (ShaderIncludeImporter) -> (artifact id: 'b250aaa4b46afdd33101915572e06a31') in 0.0008858 seconds
Start importing Packages/com.unity.render-pipelines.core/ShaderLibrary/API/Switch.hlsl using Guid(e81335bf0a3c45c4fa81ed2fe67eeba0) (ShaderIncludeImporter) -> (artifact id: '099ffeeb79a282bb7b3b465dfabae3ba') in 0.0010862 seconds
Start importing Packages/com.unity.render-pipelines.core/ShaderLibrary/API/FoveatedRendering_Metal.hlsl using Guid(e885d2d1e5bc4382b9f742451fef9b1f) (ShaderIncludeImporter) -> (artifact id: 'b41dc7b3b492d9a58f635740d346e0d9') in 0.0015746 seconds
Start importing Packages/com.unity.render-pipelines.core/ShaderLibrary/DebugMipmapStreamingMacros.hlsl using Guid(0986d558af63ed0418f7eb24eeaa2308) (ShaderIncludeImporter) -> (artifact id: '58c8883caf2dceff7aad099d56cbfbc3') in 0.0010742 seconds
Start importing Packages/com.unity.render-pipelines.core/ShaderLibrary/ThreadingEmuImpl.hlsl using Guid(093f86242d8d4e64187076599c7f708e) (ShaderIncludeImporter) -> (artifact id: 'ddf7373b89c73c9984e46f7ab5f5f6d1') in 0.0012639 seconds
Start importing Packages/com.unity.render-pipelines.universal/Editor/2D/ShaderGraph/Includes/Mesh2DLitPass.hlsl using Guid(19a7eabf161c29846b42f73a2965d39b) (ShaderIncludeImporter) -> (artifact id: 'd8edf7ef35f963fcd12f4c9aab0d2071') in 0.0011059 seconds
Start importing Packages/com.unity.render-pipelines.universal/ShaderLibrary/DeclareOpaqueTexture.hlsl using Guid(29619926ce55c944aa978fe5e07cc3db) (ShaderIncludeImporter) -> (artifact id: '19efa1e356eb1829e5f13d63d96fa3d8') in 0.0010508 seconds
Start importing Assets/TextMesh Pro/Shaders/TMPro_Properties.cginc using Guid(3997e2241185407d80309a82f9148466) (ShaderIncludeImporter) -> (artifact id: '3fcb7dfcebbd8a17585c5d6bab3b93f6') in 0.0009393 seconds
Start importing Packages/com.unity.render-pipelines.universal/ShaderLibrary/LightCookie/LightCookieTypes.hlsl using Guid(394c5e9a352f74e998cb797d7aa461d4) (ShaderIncludeImporter) -> (artifact id: '2a84f2e6c5da24832eb2e00745c488ad') in 0.0010702 seconds
Start importing Packages/com.unity.shadergraph/Editor/Generation/Targets/BuiltIn/Editor/ShaderGraph/Includes/LightingMetaPass.hlsl using Guid(395ef430db5747842b555e50b3c7b330) (ShaderIncludeImporter) -> (artifact id: 'f05d1e1dffbff550d2ac2fb193b69f73') in 0.0009591 seconds
Start importing Packages/com.unity.render-pipelines.universal/Editor/2D/ShaderGraph/Includes/SpriteNormalPass.hlsl using Guid(39ce338156d9f6b40b4702eb2d26d40d) (ShaderIncludeImporter) -> (artifact id: '2504f78fe2be176a3622cac90a5dbae4') in 0.0010588 seconds
Start importing Packages/com.unity.render-pipelines.core/ShaderLibrary/DynamicScalingClamping.hlsl using Guid(49883cc3d16fa0241a1c9114ce9a1f64) (ShaderIncludeImporter) -> (artifact id: 'ea16145742966e9fadde08c89d0148f7') in 0.0008856 seconds
Start importing Packages/com.unity.render-pipelines.universal/Editor/ShaderGraph/Includes/Terrain/PBRGBufferPass.hlsl using Guid(6970aba7f3c314f4fa5d5b93188b6de3) (ShaderIncludeImporter) -> (artifact id: '3a035531728d55069700e785b4f2b4e5') in 0.0009091 seconds
Start importing Packages/com.unity.render-pipelines.universal/Shaders/Nature/SpeedTree7BillboardInput.hlsl using Guid(693515911c7346d448c10a3cfc4acf45) (ShaderIncludeImporter) -> (artifact id: '4a3c5298593c0d9080bde6762c9b571e') in 0.0010429 seconds
Start importing Packages/com.unity.render-pipelines.universal/Shaders/PostProcessing/FXAA3_11.hlsl using Guid(691e950f7acb24df5be4c31303d0991a) (ShaderIncludeImporter) -> (artifact id: 'e39da946d857f0bd1081c434ce05ae39') in 0.0010268 seconds
Start importing Packages/com.unity.render-pipelines.universal/Shaders/2D/Include/Normals2DCommon.hlsl using Guid(694e01e6361351641bfb5cc5fc69f087) (ShaderIncludeImporter) -> (artifact id: '975ea5731aa68088ae3e537fd312a094') in 0.0008715 seconds
Start importing Packages/com.unity.render-pipelines.core/ShaderLibrary/TextureStack.hlsl using Guid(79641ba14fe04324b8905bafbf3e82ed) (ShaderIncludeImporter) -> (artifact id: '6d8e8fd32d6eb517e11c5fcd81c412bd') in 0.001536 seconds
Start importing Packages/com.unity.render-pipelines.core/ShaderLibrary/Texture.hlsl using Guid(79062f3c36657da4e9a366000411cf78) (ShaderIncludeImporter) -> (artifact id: '4ed13b885b612beff99adfda35180eec') in 0.0013964 seconds
Start importing Packages/com.unity.render-pipelines.core/ShaderLibrary/UnityDOTSInstancing.hlsl using Guid(89aebf2868d41e34abc02aae1d41b4cd) (ShaderIncludeImporter) -> (artifact id: '206ef8e74915f45ad1928a06851633c0') in 0.0011435 seconds
Start importing Packages/com.unity.shadergraph/Editor/Generation/Targets/BuiltIn/ShaderLibrary/ParticlesInstancing.hlsl using Guid(9989d64681f299941b8d598b04007e82) (ShaderIncludeImporter) -> (artifact id: '9515c287c90104789ff90bb331019f0f') in 0.0010199 seconds
Start importing Packages/com.unity.render-pipelines.universal/Shaders/2D/Include/NormalsRenderingShared.hlsl using Guid(b9c3f97797bd9374cb2607614554fe54) (ShaderIncludeImporter) -> (artifact id: '964108ef758d3bb5c3cbf05a728ac841') in 0.0010347 seconds
Start importing Packages/com.unity.render-pipelines.universal/Shaders/2D/Include/SpriteMaskShared.hlsl using Guid(c9ac51d204bc24b118ec6bc5ab6c29c6) (ShaderIncludeImporter) -> (artifact id: '85cda7298d7b113dad2ac3211911a190') in 0.0010086 seconds
Start importing Assets/TextMesh Pro/Shaders/TMPro_Surface.cginc using Guid(d930090c0cd643c7b55f19a38538c162) (ShaderIncludeImporter) -> (artifact id: '65d59a971f64411f9981b6a49b996118') in 0.0011289 seconds
Start importing Packages/com.unity.render-pipelines.universal/Shaders/Particles/ParticlesDepthOnlyPass.hlsl using Guid(e9795406c7fc049d2b125cce47405fa9) (ShaderIncludeImporter) -> (artifact id: 'd3aac80a75ed727432a6382af10d94b9') in 0.001066 seconds
Start importing Packages/com.unity.render-pipelines.universal/Shaders/Nature/SpeedTree8Input.hlsl using Guid(e9fc1df17be32ac41a7186d571c669d5) (ShaderIncludeImporter) -> (artifact id: '9b55297ed0b55f74375e138f8f8e8fbb') in 0.0010101 seconds
Start importing Packages/com.unity.render-pipelines.core/ShaderLibrary/Sampling/SampleUVMappingNormalInternal.hlsl using Guid(f941b2119184e624a8ecd126735c5ed0) (ShaderIncludeImporter) -> (artifact id: '0739d0bfe6dceb4f097db5a8bda17840') in 0.001305 seconds
Start importing Packages/com.unity.render-pipelines.core/ShaderLibrary/PerPixelDisplacement.hlsl using Guid(0a40799d368cbbd4982d2f423cdd8595) (ShaderIncludeImporter) -> (artifact id: '070e3623439d682ef60d77206dc8b3be') in 0.0010338 seconds
Start importing Packages/com.unity.render-pipelines.universal/Shaders/DepthOnlyPass.hlsl using Guid(0acd4fdbcf0cf654a9cdf3e9ccc2edce) (ShaderIncludeImporter) -> (artifact id: 'b280b4b5e8cc228db0b137874f5e30df') in 0.0009893 seconds
Start importing Packages/com.unity.render-pipelines.core/Runtime/UnifiedRayTracing/Hardware/HardwareRaygenShader.hlsl using Guid(1ad0a9c8f99bbe642b782fd45551c0a1) (ShaderIncludeImporter) -> (artifact id: '958da1402d9052569a7b5cdad7b73cef') in 0.0009103 seconds
Start importing Packages/com.unity.render-pipelines.core/ShaderLibrary/SixWayLighting.hlsl using Guid(1a3c09fe584943f9ba43ae5a5cf0700d) (ShaderIncludeImporter) -> (artifact id: '1e62a34d33fe0a11938ea3dad0d8b0d1') in 0.0009724 seconds
Start importing Packages/com.unity.render-pipelines.universal/Shaders/Particles/ParticlesInput.hlsl using Guid(1acd75ff24dbc43cca235408192130b7) (ShaderIncludeImporter) -> (artifact id: 'dad2be42c763cbe716144c7d30add102') in 0.0010699 seconds
Start importing Packages/com.unity.shadergraph/Editor/Generation/Targets/BuiltIn/ShaderLibrary/Input.hlsl using Guid(1a6eb37d2c834244cbdd9d92ce6a52ed) (ShaderIncludeImporter) -> (artifact id: '2b7a5b869fc43cf27c6cd6ba6ee3f1bb') in 0.0009661 seconds
Start importing Packages/com.unity.render-pipelines.core/ShaderLibrary/AreaLighting.hlsl using Guid(2af09bb13e6547242913c40dfb0e50f9) (ShaderIncludeImporter) -> (artifact id: 'ac99518b93f15ed63264b0ff1c90f73e') in 0.0010686 seconds
Start importing Packages/com.unity.render-pipelines.core/Runtime/PostProcessing/Shaders/ffx/ffx_fsr1.hlsl using Guid(2a92c8c54bb0f63458be93b670c77c3b) (ShaderIncludeImporter) -> (artifact id: '6989396144e5a5d744b1c88aa7e6a263') in 0.0011055 seconds
Start importing Packages/com.unity.render-pipelines.core/Runtime/PostProcessing/Shaders/ffx/ffx_cas.hlsl using Guid(2a9d148fab2695346824a766e925a31f) (ShaderIncludeImporter) -> (artifact id: 'ef91aba14c4f3df843890077e5064398') in 0.0011873 seconds
Start importing Packages/com.unity.render-pipelines.universal/Editor/ShaderGraph/Includes/Terrain/TerrainVert.hlsl using Guid(3a737aafdc720423fac5e90590a0f05f) (ShaderIncludeImporter) -> (artifact id: '72ea5de27719a9f2ab689bed22b57242') in 0.0009481 seconds
Start importing Packages/com.unity.shadergraph/Editor/Generation/Targets/BuiltIn/ShaderLibrary/Shim/SurfaceShaderProxy.hlsl using Guid(3a5c1c06341ec0448a21f4659568cf1b) (ShaderIncludeImporter) -> (artifact id: 'c0340d6e3180b98956b32f3931d1a312') in 0.0009857 seconds
Start importing Packages/com.unity.render-pipelines.universal/Editor/2D/ShaderGraph/Includes/SpriteForwardPass.hlsl using Guid(4ad8b54817d9f5441910014b5ceb8583) (ShaderIncludeImporter) -> (artifact id: 'e106572f87333e5dab431eada03c1082') in 0.0011041 seconds
Start importing Packages/com.unity.render-pipelines.core/Editor/Lighting/ProbeVolume/ProbeGIBaking.Dilate.cs.hlsl using Guid(5a1695d093636284ca9487c8124775c5) (ShaderIncludeImporter) -> (artifact id: '707395630ce0061195951be162d9164e') in 0.0010093 seconds
Start importing Packages/com.unity.render-pipelines.universal/Shaders/Terrain/TerrainDetailLitInput.hlsl using Guid(6aa45ba0b4524671ae57fb74652592f3) (ShaderIncludeImporter) -> (artifact id: 'ebccc54c5cf2f3e92dd0d50a993c2ed5') in 0.0010152 seconds
Start importing Packages/com.unity.shadergraph/GraphTemplates/Cross Pipeline/GetSceneNormal.hlsl using Guid(7a885bf8770318b4f97d51502ba92b06) (ShaderIncludeImporter) -> (artifact id: 'e5bc4ed74fec9cda4bc199258189653e') in 0.0010827 seconds
Start importing Packages/com.unity.render-pipelines.core/Runtime/GPUDriven/GeometryUtilities.hlsl using Guid(8ae16c27ed16096458605a6fc56994c8) (ShaderIncludeImporter) -> (artifact id: 'b6db79811fb5f4fc65f2227cf811591c') in 0.0010502 seconds
Start importing Packages/com.unity.render-pipelines.core/Runtime/Sampling/SobolSampling.hlsl using Guid(8a9360b3acf7c304cbcb5a54b9b89409) (ShaderIncludeImporter) -> (artifact id: '9fec6968a90cfd86257e6ad74b8a32fd') in 0.0013024 seconds
Start importing Packages/com.unity.shadergraph/Editor/Generation/Targets/BuiltIn/ShaderLibrary/Deprecated.hlsl using Guid(8ac4c7f9b9937b64885ce949fc6d6525) (ShaderIncludeImporter) -> (artifact id: '5db671767109b4023286e16313efabb7') in 0.0010661 seconds
Start importing Packages/com.unity.render-pipelines.core/Runtime/UnifiedRayTracing/Compute/RadeonRays/kernels/math.hlsl using Guid(8a988affc98dd434aadd71fe6be1061f) (ShaderIncludeImporter) -> (artifact id: 'c3b14f68cfb9d29208f0eaf0bdbcda15') in 0.0009789 seconds
Start importing Packages/com.unity.render-pipelines.universal/Shaders/ShadowCasterPass.hlsl using Guid(9a48a2987a0e11645adf07fe4a8d5ec9) (ShaderIncludeImporter) -> (artifact id: '4914621493ad915d73763580e02abf8d') in 0.0009011 seconds
Start importing Packages/com.unity.render-pipelines.universal/ShaderLibrary/ShaderGraphFunctions.hlsl using Guid(9adc879d74aec4400bbdce89ff664a05) (ShaderIncludeImporter) -> (artifact id: '6c5d6959ff3faafad850ffe164f65a06') in 0.0009003 seconds
Start importing Packages/com.unity.render-pipelines.universal/Shaders/Terrain/TerrainTextureNode.hlsl using Guid(aa602bf7da734370bdb394a751f56555) (ShaderIncludeImporter) -> (artifact id: '774cfd93fbc62b5d8e48f7820d9cc3e1') in 0.0009003 seconds
Start importing Packages/com.unity.render-pipelines.universal/Editor/ShaderGraph/Includes/ShaderVariablesDecal.hlsl using Guid(aa80e1eae2080d849a7ab1ccfbd6953c) (ShaderIncludeImporter) -> (artifact id: '94825bbab25d398be20f2a374049f2d2') in 0.0022339 seconds
Start importing Packages/com.unity.render-pipelines.core/ShaderLibrary/Sampling/Hammersley.hlsl using Guid(aa5e319c8b8499f4fba1c3ecdd133545) (ShaderIncludeImporter) -> (artifact id: '6a1709bbfb29ed7eabf912afe0389cf2') in 0.0010953 seconds
Start importing Packages/com.unity.render-pipelines.core/Runtime/Sampling/Hashes.hlsl using Guid(ba9242b5d88ccf2489a51d94185a1300) (ShaderIncludeImporter) -> (artifact id: '31f5c40bfb69a442f9ab5488d9928265') in 0.0013469 seconds
Start importing Packages/com.unity.render-pipelines.universal/Editor/ShaderGraph/Includes/ShaderPass.hlsl using Guid(ba78d2682f9fed14fb0827a24fb5a1f0) (ShaderIncludeImporter) -> (artifact id: '25de83565803fe2a60273b7d4cb12ab0') in 0.0015537 seconds
Start importing Packages/com.unity.render-pipelines.universal/Shaders/Terrain/WavingGrassInput.hlsl using Guid(ca55f7593a02f4c1ab1bdbc03282d7af) (ShaderIncludeImporter) -> (artifact id: '8e989f84f4bc3b00186ca23ff34101e6') in 0.0011418 seconds
Start importing Packages/com.unity.render-pipelines.core/ShaderLibrary/CommonDeprecated.hlsl using Guid(ca3a5025616550a40816a5272a4f7631) (ShaderIncludeImporter) -> (artifact id: '881ac63173bade2af9d980430fb92aa7') in 0.0010699 seconds
Start importing Packages/com.unity.render-pipelines.universal/Shaders/Particles/ParticlesSimpleLitGBufferPass.hlsl using Guid(ca0e14e5bf6ac934086f42ca329f4ef1) (ShaderIncludeImporter) -> (artifact id: '7476a5a6593dc97da5711399448dd067') in 0.0010184 seconds
Start importing Packages/com.unity.render-pipelines.universal/Editor/ShaderGraph/Includes/SixWayForwardPass.hlsl using Guid(ea5e0c2b753f4b5287a5a23f0e61407e) (ShaderIncludeImporter) -> (artifact id: '0b74420d2f281cc4ff600a691116e309') in 0.001059 seconds
Start importing Packages/com.unity.render-pipelines.universal/Shaders/PostProcessing/Common.hlsl using Guid(eaaf2a45502c59c4e907088b5f034c0c) (ShaderIncludeImporter) -> (artifact id: '3305029b37f535b8f3646a049e0b7ffc') in 0.0010301 seconds
Start importing Packages/com.unity.shadergraph/Editor/Generation/Targets/Fullscreen/Includes/FullscreenDrawProcedural.hlsl using Guid(fa5319f2d61c4df44b77220af2406147) (ShaderIncludeImporter) -> (artifact id: '211238989735b95e21be8f156fc7047d') in 0.0011466 seconds
Start importing Packages/com.unity.shadergraph/Editor/Generation/Targets/BuiltIn/ShaderLibrary/Shim/Shims.hlsl using Guid(fa48edec2a3839b41a62407f4a233b81) (ShaderIncludeImporter) -> (artifact id: '14622bf70258c6a94665c2a21de29ffc') in 0.0009649 seconds
Start importing Packages/com.unity.shadergraph/Editor/Generation/Targets/Fullscreen/Includes/FullscreenShaderPass.cs.hlsl using Guid(fa6980c25ec2f164ba4a6fcb040eb870) (ShaderIncludeImporter) -> (artifact id: '405d5b02fcc0a37f940e2aad662910ee') in 0.0012287 seconds
Start importing Packages/com.unity.render-pipelines.core/ShaderLibrary/Hashes.hlsl using Guid(0bf6c7395c05c624d92ebdff0dcc1a61) (ShaderIncludeImporter) -> (artifact id: '0b03e84146c06948d7fc5c819dacd6cc') in 0.0017372 seconds
Start importing Packages/com.unity.render-pipelines.universal/ShaderLibrary/GlobalIllumination.hlsl using Guid(1be91b057dbe43239a838d9e45a42a32) (ShaderIncludeImporter) -> (artifact id: '2c3a82360d822c7ba5a1a46618c5decc') in 0.0009743 seconds
Start importing Packages/com.unity.render-pipelines.universal/ShaderLibrary/GBufferInput.hlsl using Guid(2b30f99b47dd40adaf41fd8e6573daa4) (ShaderIncludeImporter) -> (artifact id: 'eb297eaaf004492137af85c7cbc9e98e') in 0.0009201 seconds
Start importing Packages/com.unity.shadergraph/ShaderGraphLibrary/ShaderVariables.hlsl using Guid(2bc64066748469e48861ed835a8b806d) (ShaderIncludeImporter) -> (artifact id: '8c2d056e439d9efee6956df966f74eb5') in 0.0008659 seconds
Start importing Packages/com.unity.render-pipelines.universal/Editor/Terrain/TerrainPassDefine.template.hlsl using Guid(3b77405e9fadb4c408bbf830f615ce99) (ShaderIncludeImporter) -> (artifact id: '5a4363b6464fde387f3d12ea89221e42') in 0.0009915 seconds
Start importing Packages/com.unity.render-pipelines.universal/Editor/ShaderGraph/Includes/ShadowCasterPass.hlsl using Guid(3beb91c1958c67d47bb580c465e22f29) (ShaderIncludeImporter) -> (artifact id: '051fcc12ffda9ba1e413f152b0cdf778') in 0.0010678 seconds
Start importing Packages/com.unity.render-pipelines.universal/Shaders/2D/Include/Lit2DCommon.hlsl using Guid(4b0b97f5510f6a34681068f902b725d5) (ShaderIncludeImporter) -> (artifact id: '1dcdf719b116eae4e2b5c84f815de6bb') in 0.001046 seconds
Start importing Packages/com.unity.render-pipelines.universal/ShaderLibrary/ShaderTypes.cs.hlsl using Guid(6be8cfeb6b34eca43b000cb7bad7255e) (ShaderIncludeImporter) -> (artifact id: '7546dd7a9dd0cb06b6058e81f97c4b57') in 0.0010579 seconds
Start importing Packages/com.unity.render-pipelines.universal/Shaders/Terrain/TerrainLitDepthNormalsPass.hlsl using Guid(7b6328a4b0ed14a9ea5e0629d7c7966c) (ShaderIncludeImporter) -> (artifact id: '887bf77b7942e666e8cb20ec929963f3') in 0.0011177 seconds
Start importing Packages/com.unity.render-pipelines.universal/Runtime/RendererFeatures/SurfaceCacheGI/SurfaceCacheCore/IrradianceCompression.hlsl using Guid(7be701552a7670148a7c948d2b363156) (ShaderIncludeImporter) -> (artifact id: 'e90cb52cee3c7ffdb2f23afc61786d9f') in 0.0010395 seconds
Start importing Packages/com.unity.render-pipelines.core/Runtime/UnifiedRayTracing/Compute/RadeonRays/kernels/transform.hlsl using Guid(7b4dd253adea58d49a8347c5bcc08904) (ShaderIncludeImporter) -> (artifact id: 'c8bf28ac88e10a525eb9c7610fd1b4a8') in 0.0010221 seconds
Start importing Packages/com.unity.render-pipelines.core/Runtime/Debug/ProbeVolumeDebugFunctions.hlsl using Guid(7b7fb68bec939a04791463e4b8734f38) (ShaderIncludeImporter) -> (artifact id: '8e27f3d824c988d69bac8a283fd1d5e4') in 0.0012201 seconds
Start importing Packages/com.unity.render-pipelines.core/Runtime/PostProcessing/Shaders/ffx/ffx_lpm.hlsl using Guid(8b2264ffe26ac3e42b4077bfbc35941b) (ShaderIncludeImporter) -> (artifact id: 'd42535a58c7decfd10eed5f81499ac98') in 0.001414 seconds
Start importing Packages/com.unity.render-pipelines.universal/Shaders/Nature/SpeedTree7BillboardPasses.hlsl using Guid(8ba36b6596e931145bbad992032afb1a) (ShaderIncludeImporter) -> (artifact id: '05994983ef5a2c10f3e64b979c2eaccb') in 0.001415 seconds
Start importing Packages/com.unity.shadergraph/ShaderGraphLibrary/Nature/SpeedTree8Wind.hlsl using Guid(8b4aa8c48881d4142b1c30e408b503d8) (ShaderIncludeImporter) -> (artifact id: 'b6af647fc11f1a0d184d72822288c6cf') in 0.0012703 seconds
Start importing Packages/com.unity.shadergraph/Editor/Generation/Targets/BuiltIn/ShaderLibrary/ShaderVariablesFunctions.hlsl using Guid(9b185d0244daaf94894ec0689c057a42) (ShaderIncludeImporter) -> (artifact id: 'eb71e81c066192cc09d26b5191ca254c') in 0.0011246 seconds
Start importing Packages/com.unity.render-pipelines.universal/Editor/ShaderGraph/Includes/LightingMetaPass.hlsl using Guid(9b897418a23a04642a054cf9daa3bf54) (ShaderIncludeImporter) -> (artifact id: '7b147c10677afb4e4c3f65d440636eba') in 0.0011382 seconds
Start importing Packages/com.unity.render-pipelines.universal/Runtime/RendererFeatures/SurfaceCacheGI/SurfaceCacheCore/Common.hlsl using Guid(9bdf70d328f46724a8d2a29eacb6e8d7) (ShaderIncludeImporter) -> (artifact id: '12e3d072b256b2c9613a225f0a08822d') in 0.0010559 seconds
Start importing Packages/com.unity.ugui/Editor Resources/Shaders/TMP_SDF_SSD.cginc using Guid(abe6991365a27d341a10580f3b7c0f44) (ShaderIncludeImporter) -> (artifact id: '6210c9b75bcff879a66d3acd3c6dd96f') in 0.0010552 seconds
Start importing Packages/com.unity.render-pipelines.core/Runtime/UnifiedRayTracing/Compute/RadeonRays/kernels/trace_ray.hlsl using Guid(ab8d793352dffca4f9b91b50e2421b57) (ShaderIncludeImporter) -> (artifact id: 'caeae22ed9ff8274932cc2b49262ce0e') in 0.0010792 seconds
Start importing Packages/com.unity.shadergraph/ShaderGraphLibrary/Nature/SpeedTree9Wind.hlsl using Guid(dbd0aaccbcc575f468323e8991e68e98) (ShaderIncludeImporter) -> (artifact id: '2d751aec6b0ead0b483cd048f59b2991') in 0.0009973 seconds
Start importing Packages/com.unity.render-pipelines.universal/ShaderLibrary/GBufferOutput.hlsl using Guid(db51e39af1b3c01449a3e6b1ce782a48) (ShaderIncludeImporter) -> (artifact id: 'b14a8b4af31163ffd134d279fd9df06f') in 0.0012185 seconds
Start importing Packages/com.unity.render-pipelines.core/Runtime/Vrs/Shaders/VrsShadingRates.hlsl using Guid(dbb73cb4c1954036a32ce1ade17ac0fd) (ShaderIncludeImporter) -> (artifact id: 'd3a75696d03a5648a51816ce82f2729b') in 0.0014819 seconds
Start importing Packages/com.unity.shadergraph/GraphTemplates/Subgraphs/CanvasLinearSpaceConversion.hlsl using Guid(ebc2de0dabf4215478451d72641762ff) (ShaderIncludeImporter) -> (artifact id: 'c690503dede8f8c969a8324dd18eabc9') in 0.0013962 seconds
Start importing Packages/com.unity.render-pipelines.core/Runtime/Lighting/ProbeVolume/ProbeVolumeUploadDataCommon.hlsl using Guid(fb1453f13b855f444a8034b2db10ca61) (ShaderIncludeImporter) -> (artifact id: 'ef9bfe867865f568f9645c9290fa7ebb') in 0.001013 seconds
Start importing Packages/com.unity.render-pipelines.universal/Shaders/PostProcessing/SubpixelMorphologicalAntialiasingBridge.hlsl using Guid(0c5832a72145a5b49a1b64a21a609bb4) (ShaderIncludeImporter) -> (artifact id: 'a69cd26a5b71b0f5439ecd24543c3fe6') in 0.001073 seconds
Start importing Packages/com.unity.render-pipelines.core/Runtime/Debug/ProbeVolumeDebugBase.hlsl using Guid(0c0fc89bf58dc6d4590d0db55a62679e) (ShaderIncludeImporter) -> (artifact id: 'ce01fada4b1bcf355640e5d1e25fd789') in 0.0009816 seconds
Start importing Packages/com.unity.render-pipelines.universal/ShaderLibrary/AmbientOcclusion.hlsl using Guid(1c0cb2353d9a4debbc61e650002843f4) (ShaderIncludeImporter) -> (artifact id: 'd413f326bb01aaa85da7121a5c9b63b7') in 0.0009584 seconds
Start importing Packages/com.unity.shadergraph/Editor/Generation/Targets/BuiltIn/ShaderLibrary/UnityInput.hlsl using Guid(1c7ec01faf22529498d9ebac04dfafd4) (ShaderIncludeImporter) -> (artifact id: 'e78a0635bfeba66e0c5607532f0d02d8') in 0.0009206 seconds
Start importing Packages/com.unity.shadergraph/ShaderGraphLibrary/ShaderConfig.cs.hlsl using Guid(2c6472a689b6ae34e806881d3066cfb3) (ShaderIncludeImporter) -> (artifact id: '577cbf0a8465c76f07bb9fb420f351f4') in 0.0013241 seconds
Start importing Packages/com.unity.render-pipelines.universal/Editor/2D/ShaderGraph/Includes/SpriteLitPass.hlsl using Guid(3ce18356597793947bd0f671f7363559) (ShaderIncludeImporter) -> (artifact id: 'cb664f728743a81c9be68b9a8df97caf') in 0.0010185 seconds
Start importing Packages/com.unity.render-pipelines.core/Runtime/Vrs/Shaders/VrsImage.hlsl using Guid(3cc7957ff84646bbbb849b88919e2109) (ShaderIncludeImporter) -> (artifact id: '31e3be685c98ef196fbc7a43b81094be') in 0.0009796 seconds
Start importing Packages/com.unity.render-pipelines.universal/Editor/ShaderGraph/Includes/PBR2DPass.hlsl using Guid(3cb98c83fcab8434296397682201b369) (ShaderIncludeImporter) -> (artifact id: 'cb02bdb0d5cbad1bb00a99f44e84a55e') in 0.0009357 seconds
Start importing Packages/com.unity.ugui/Editor Resources/Shaders/TMP_Properties.cginc using Guid(3c6c403084eacec478a1129ce20061ea) (ShaderIncludeImporter) -> (artifact id: '0b6510a7584c4ccb00079dbc08b3b282') in 0.0010458 seconds
Start importing Packages/com.unity.render-pipelines.core/Runtime/UnifiedRayTracing/Compute/RayQuerySoftware.hlsl using Guid(3cae67c457a2ad24495f86529619c102) (ShaderIncludeImporter) -> (artifact id: '8378f0306c5a3b367052338f4cfb226a') in 0.0009114 seconds
Start importing Packages/com.unity.render-pipelines.universal/ShaderLibrary/Clustering.hlsl using Guid(5c52f3d26791c415b9e887442bfc817c) (ShaderIncludeImporter) -> (artifact id: '9203bacd6cc4ec754f0a6b52c2fbb18c') in 0.0008861 seconds
Start importing Packages/com.unity.render-pipelines.universal/ShaderLibrary/Shadows.hlsl using Guid(5cb845b7decdb4db6a7fcc676b127b6d) (ShaderIncludeImporter) -> (artifact id: 'f7d219d047f4515df2c6607adcccc848') in 0.0008219 seconds
Start importing Packages/com.unity.render-pipelines.universal/Shaders/2D/Include/ShapeLightVariables.hlsl using Guid(5ce9e51bf709e4e459da190b3cf4d110) (ShaderIncludeImporter) -> (artifact id: '6ba50cdd56895471936c0e993b1a772d') in 0.000868 seconds
Start importing Packages/com.unity.render-pipelines.core/Runtime/GPUDriven/OccluderDepthPyramidConstants.cs.hlsl using Guid(5cbc804d3cb252947a62ba74b9e72d08) (ShaderIncludeImporter) -> (artifact id: '0f0b371ae39df8b047fe7a9342120111') in 0.0010389 seconds
Start importing Packages/com.unity.render-pipelines.universal/ShaderLibrary/MetaInput.hlsl using Guid(6c9c9877e9a3dff4fbc73fd447c653d8) (ShaderIncludeImporter) -> (artifact id: 'd0706f5645459d4323d1b509cac6dc2b') in 0.0009455 seconds
Start importing Packages/com.unity.shadergraph/Editor/Generation/Targets/BuiltIn/ShaderLibrary/Shim/HLSLSupportShim.hlsl using Guid(7c33a2e733f9c2a4185a4a03d7ed39ca) (ShaderIncludeImporter) -> (artifact id: 'c82bde28cd3bee7807e574464d274913') in 0.0015739 seconds
Start importing Packages/com.unity.shadergraph/Editor/Generation/Targets/BuiltIn/Editor/ShaderGraph/Includes/SpriteUnlitPass.hlsl using Guid(7c499715fdb4d7c479dcd3fd13abe0d0) (ShaderIncludeImporter) -> (artifact id: '829b213e2193ce55dabfdce6a2381473') in 0.0015709 seconds
Start importing Packages/com.unity.render-pipelines.core/ShaderLibrary/API/D3D11.hlsl using Guid(9c7140d7b956a4547bb71f8ed0dd9049) (ShaderIncludeImporter) -> (artifact id: '4a1d4001e329db98d9cad022f0101c36') in 0.0010681 seconds
Start importing Packages/com.unity.render-pipelines.universal/Runtime/VFXGraph/Shaders/VFXLitPixelOutput.hlsl using Guid(ac160f8e04d8868418f09da1757e85ac) (ShaderIncludeImporter) -> (artifact id: 'e00b5aa4c6579fe41e53c674d77cd90e') in 0.0009373 seconds
Start importing Packages/com.unity.render-pipelines.universal/Editor/2D/ShaderGraph/Includes/MeshUnlitPass.hlsl using Guid(bce3f62f3aca0994599f5113432c9136) (ShaderIncludeImporter) -> (artifact id: '67f3fdc1d3c8e4ffb60172e7d9116874') in 0.0043674 seconds
Start importing Packages/com.unity.render-pipelines.universal/ShaderLibrary/RenderingLayers.hlsl using Guid(bcd650cf6823f4f7fb62fe0eccae07b0) (ShaderIncludeImporter) -> (artifact id: 'da114a899ba25ac3d7abb32701aa9097') in 0.0013016 seconds
Start importing Packages/com.unity.render-pipelines.universal/ShaderLibrary/GBufferCommon.hlsl using Guid(bc7fdf95b149455c88d444108d74601c) (ShaderIncludeImporter) -> (artifact id: 'd14f9fe412b934f40ba3d2dce3501691') in 0.001582 seconds
Start importing Packages/com.unity.render-pipelines.universal/Shaders/Particles/ParticlesLitGbufferPass.hlsl using Guid(cc421706a0b598946982fee0c0d4bf51) (ShaderIncludeImporter) -> (artifact id: '79e967ec0f327af7b3804122998e8767') in 0.0009194 seconds
Start importing Packages/com.unity.render-pipelines.core/ShaderLibrary/Threading.hlsl using Guid(cc0d8451b1d348689c76bbac2a797aaa) (ShaderIncludeImporter) -> (artifact id: '0dc3ce99f87669354bb9a6f078c69ad8') in 0.0009326 seconds
Start importing Packages/com.unity.render-pipelines.universal/Shaders/LitMetaPass.hlsl using Guid(dcf4e762d48204e33b575f8007e3d563) (ShaderIncludeImporter) -> (artifact id: '926298f223db4279249a6603084fdbbb') in 0.0010221 seconds
Start importing Packages/com.unity.render-pipelines.core/Runtime/Lighting/ProbeVolume/ShaderVariablesProbeVolumes.cs.hlsl using Guid(dcbd446e83bc87d40b82dd90f8814c3c) (ShaderIncludeImporter) -> (artifact id: 'c9f52fcb492cc37f5c3b11f0f14a99ba') in 0.0012539 seconds
Start importing Packages/com.unity.render-pipelines.core/Runtime/UnifiedRayTracing/Common/GeometryPool/GeometryPoolDefs.cs.hlsl using Guid(eca78e9f751408043bef5b9d52db9d39) (ShaderIncludeImporter) -> (artifact id: 'ce677dd2f022ab648ffd105b9e10292b') in 0.0015294 seconds
Start importing Packages/com.unity.shadergraph/ShaderGraphLibrary/ShaderVariablesMatrixDefsLegacyUnity.hlsl using Guid(0d85288be460c884bba7ec9ef5c6684d) (ShaderIncludeImporter) -> (artifact id: 'e606f14d3149e7eb8d4fc5bc52b2e67a') in 0.0014868 seconds
Start importing Packages/com.unity.shadergraph/ShaderGraphLibrary/PreviewPass.hlsl using Guid(0db5a27336918594d860a43da98f2b47) (ShaderIncludeImporter) -> (artifact id: '666813f87a1313739dd449b22fd488bd') in 0.0010227 seconds
Start importing Packages/com.unity.shadergraph/Editor/Generation/Targets/Fullscreen/Includes/CustomRenderTexture.hlsl using Guid(0de8792ff52727f44925b54be00b9f18) (ShaderIncludeImporter) -> (artifact id: 'c9becd7229e9d580bf422b49b0951d1f') in 0.0012505 seconds
Start importing Packages/com.unity.render-pipelines.universal/Shaders/Particles/ParticlesUnlitInput.hlsl using Guid(0ddf9719bc9ff43e1a017712e21bb5e6) (ShaderIncludeImporter) -> (artifact id: 'fd9bbe7623fc1ebd0d0bdbd9aa62420a') in 0.0017243 seconds
Start importing Packages/com.unity.render-pipelines.core/Runtime/UnifiedRayTracing/Compute/RadeonRays/kernels/intersector_common.hlsl using Guid(1d3d4991676b46b4dbcffa10bf77e786) (ShaderIncludeImporter) -> (artifact id: '115bea84610bbe23bca33a21a735a8c5') in 0.0013873 seconds
Start importing Packages/com.unity.render-pipelines.universal/Shaders/PostProcessing/TemporalAA.hlsl using Guid(2d9f6a569c0b340a388b3e7c0428548c) (ShaderIncludeImporter) -> (artifact id: 'ab6a049028f695d48487f12e4e22be70') in 0.0012732 seconds
Start importing Packages/com.unity.render-pipelines.universal/Editor/ShaderGraph/Includes/SelectionPickingPass.hlsl using Guid(3d28e6c5572c3d8479d70ecfdc954692) (ShaderIncludeImporter) -> (artifact id: '1650ec8386f0cbcabd59a15fd490ad62') in 0.0012864 seconds
Start importing Packages/com.unity.render-pipelines.universal/Runtime/RendererFeatures/SurfaceCacheGI/SurfaceCacheCore/TemporalFiltering.hlsl using Guid(3d6e9bbc38b5ff841a484d47af117c33) (ShaderIncludeImporter) -> (artifact id: '7c072168839235e9ea9ff591f82a42dc') in 0.0011807 seconds
Start importing Packages/com.unity.render-pipelines.universal/ShaderLibrary/ObjectMotionVectors.hlsl using Guid(6d239a0044031854a817ab72a66ce766) (ShaderIncludeImporter) -> (artifact id: '6f5569706893c51e611c88915967ba1a') in 0.0010519 seconds
Start importing Packages/com.unity.render-pipelines.universal/Runtime/RendererFeatures/SurfaceCacheGI/SurfaceCacheCore/Estimation.hlsl using Guid(6d141c681d76ebf4a954f3cbee57173c) (ShaderIncludeImporter) -> (artifact id: '2db5478c3261f60676cf80187b4aa9b2') in 0.0012189 seconds
Start importing Packages/com.unity.render-pipelines.core/Runtime/Sampling/QuasiRandom.hlsl using Guid(6dd45a9bd35347a45b6cb0047cab846f) (ShaderIncludeImporter) -> (artifact id: 'c194614d1c4f307244a06826c4c345d4') in 0.0012212 seconds
Start importing Packages/com.unity.render-pipelines.universal/ShaderLibrary/DeclareRenderingLayerTexture.hlsl using Guid(6db8433897838284fa5c7571f3088db8) (ShaderIncludeImporter) -> (artifact id: 'c1245cb58f23490f63f2734c405bf9e2') in 0.0014604 seconds
Start importing Packages/com.unity.render-pipelines.core/Runtime/UnifiedRayTracing/CommonStructs.hlsl using Guid(7d31f2834b1e0db45bc5e8596c3908cf) (ShaderIncludeImporter) -> (artifact id: '668c875b6a5f266ed9d69b7b95535e75') in 0.0011105 seconds
Start importing Packages/com.unity.render-pipelines.universal/ShaderLibrary/UnityTypes.hlsl using Guid(8d0dd75f99f9243d584a08489c8498b8) (ShaderIncludeImporter) -> (artifact id: '2111fc9206623c13384da65877920bf0') in 0.0009416 seconds
Start importing Packages/com.unity.render-pipelines.core/ShaderLibrary/Packing.hlsl using Guid(ad629edbad34c1c45afea3021c1553c8) (ShaderIncludeImporter) -> (artifact id: 'ba74eacbfa46763b1864dc2670841374') in 0.0009193 seconds
Start importing Packages/com.unity.render-pipelines.universal/Shaders/Terrain/TerrainLitPasses.hlsl using Guid(ad25529ea2516421ab5f1a2440bee139) (ShaderIncludeImporter) -> (artifact id: '2bff25c038a3d0c9ca0a091abcb381d4') in 0.0010149 seconds
Start importing Packages/com.unity.render-pipelines.universal/Shaders/SimpleLitInput.hlsl using Guid(ad863d097888f42c6bcf419efb2946c5) (ShaderIncludeImporter) -> (artifact id: '3d78ddef99e6d66556ef478252cedb7e') in 0.0010256 seconds
Start importing Packages/com.unity.render-pipelines.core/Runtime/Utilities/BlitColorAndDepth.hlsl using Guid(cdea49463de0449b48cacd6a3925dcf7) (ShaderIncludeImporter) -> (artifact id: '3440b8bba9098dd290535310ac52f8ef') in 0.0009555 seconds
Start importing Packages/com.unity.shadergraph/Editor/Generation/Targets/BuiltIn/Editor/ShaderGraph/Includes/DepthOnlyPass.hlsl using Guid(cd9e404a0c5b4bb4787c63d916f217a2) (ShaderIncludeImporter) -> (artifact id: '139727572911e86f9d9f9523ffea850e') in 0.0010151 seconds
Start importing Packages/com.unity.render-pipelines.universal/Editor/ShaderGraph/Templates/SharedCode.template.hlsl using Guid(ed33028ae86f863468162a7c6b0ae962) (ShaderIncludeImporter) -> (artifact id: 'c6caf7c418c1bf6f4fd3ca2cbccbf34d') in 0.0009769 seconds
Start importing Packages/com.unity.render-pipelines.core/Runtime/STP/Stp.hlsl using Guid(edf9bcadab79ea842850b55b8d3a60d4) (ShaderIncludeImporter) -> (artifact id: '9e8a361e81764add024bcfbb6f608386') in 0.0014549 seconds
Start importing Packages/com.unity.render-pipelines.universal/Shaders/XR/XRMirrorView.hlsl using Guid(0eac51a8dfc8fa341a5f8c6450bc0f84) (ShaderIncludeImporter) -> (artifact id: '64a05444781017beb0e464101d0cc97a') in 0.0010142 seconds
Start importing Packages/com.unity.render-pipelines.core/ShaderLibrary/Tessellation.hlsl using Guid(1ea56bc9911bbad4191075872a46cc89) (ShaderIncludeImporter) -> (artifact id: '463e34bdd171d46e93039ee18377df9d') in 0.0009165 seconds
Start importing Packages/com.unity.render-pipelines.core/Runtime/GPUDriven/OcclusionCullingCommon.cs.hlsl using Guid(1ed97a1fe4775544caa75b92f1d8e9ae) (ShaderIncludeImporter) -> (artifact id: '5fc5d4dee754c25d7975ff1126a0a676') in 0.0009302 seconds
Start importing Packages/com.unity.shadergraph/Editor/Generation/Targets/BuiltIn/Editor/ShaderGraph/Includes/PBRGBufferPass.hlsl using Guid(3ed09dfc4bb69694ca13ae03dbab44df) (ShaderIncludeImporter) -> (artifact id: '10e3c6010f277b6971a235b4c75db5f4') in 0.0009332 seconds
Start importing Packages/com.unity.render-pipelines.universal/ShaderLibrary/DecalInput.hlsl using Guid(3e4be2c2c37a850478a159473b68a63f) (ShaderIncludeImporter) -> (artifact id: '591e4ae08f291fc6e567152c688dc867') in 0.0009653 seconds
Start importing Packages/com.unity.render-pipelines.universal/ShaderLibrary/Debug/Debugging2D.hlsl using Guid(4ee4501622ea4008903e313980a6b1b2) (ShaderIncludeImporter) -> (artifact id: 'a76504b1508bfc7cda56b26d80e1d2dd') in 0.0011919 seconds
Start importing Packages/com.unity.render-pipelines.universal/ShaderLibrary/RealtimeLights.hlsl using Guid(4e8e2a4c57cb4eb6bf8653ab88069a9c) (ShaderIncludeImporter) -> (artifact id: '52adbd4a27b414f9db8430d17a772f8c') in 0.0014885 seconds
Start importing Packages/com.unity.shadergraph/Editor/Generation/Targets/BuiltIn/Editor/ShaderGraph/Includes/LegacyBuilding.hlsl using Guid(5ef47fafdf6082a4ca29b49f85810af3) (ShaderIncludeImporter) -> (artifact id: 'dd2fb6d762f121363759d2cc144ca8e5') in 0.0017973 seconds
Start importing Packages/com.unity.render-pipelines.core/ShaderLibrary/BSDF.hlsl using Guid(5eb5e8e99ae281342bae5c7b296b3ae3) (ShaderIncludeImporter) -> (artifact id: '66c4c4bd4eddb8d4a9af2fbd74af874c') in 0.0014008 seconds
Start importing Packages/com.unity.render-pipelines.universal/ShaderLibrary/ForwardPlusKeyword.deprecated.hlsl using Guid(7e363e809b854c74b30d5945820534d4) (ShaderIncludeImporter) -> (artifact id: 'd21c5b11ebdb9531968fb63b55a25b55') in 0.0014929 seconds
Start importing Packages/com.unity.shadergraph/Editor/Generation/Targets/BuiltIn/ShaderLibrary/DeclareNormalsTexture.hlsl using Guid(8e70e91938193854da65cb4c9d09b99b) (ShaderIncludeImporter) -> (artifact id: '388c93dae625480b0d20de2903579d09') in 0.0024606 seconds
Start importing Packages/com.unity.render-pipelines.core/Runtime/PostProcessing/LensFlareDataSRP.cs.hlsl using Guid(9ee7f7178a92d554fa636bc513594ded) (ShaderIncludeImporter) -> (artifact id: '358bd8e35b085dc5f1e025bf22d073ee') in 0.0018867 seconds
Start importing Packages/com.unity.render-pipelines.universal/Editor/ShaderGraph/Includes/DepthNormalsOnlyPass.hlsl using Guid(9ebb19659794b47c59986fcc45692a0d) (ShaderIncludeImporter) -> (artifact id: '49647c646324a853ef25fa01f8f11679') in 0.0019374 seconds
Start importing Packages/com.unity.render-pipelines.core/ShaderLibrary/ImageBasedLighting.hlsl using Guid(ae4dc0bfd9fc0b544a109513ba841d30) (ShaderIncludeImporter) -> (artifact id: 'ab57355ca60f4e28b7478d0354670d12') in 0.00223 seconds
Start importing Packages/com.unity.render-pipelines.universal/Shaders/UnlitDepthNormalsPass.hlsl using Guid(ce8b43269e26f4263ac0da53665264b9) (ShaderIncludeImporter) -> (artifact id: 'c884442c87502e1556e493687cb9736a') in 0.001433 seconds
Start importing Packages/com.unity.render-pipelines.universal/Shaders/XR/XRVisibilityMeshHelper.hlsl using Guid(ded32ce19f1afce42a36cb8e415e3aca) (ShaderIncludeImporter) -> (artifact id: '83bebadc84e361e33fde99ef765568b3') in 0.0014445 seconds
Start importing Packages/com.unity.render-pipelines.core/Runtime/PostProcessing/Shaders/FSRCommon.hlsl using Guid(ee30e890854422d4c85fb895d34e2a53) (ShaderIncludeImporter) -> (artifact id: 'aac571db7b2a8209a230c9a815ac1d71') in 0.0016553 seconds
Start importing Packages/com.unity.render-pipelines.universal/Shaders/SimpleLitForwardPass.hlsl using Guid(ee447e65526c7db45a978c16b28827a9) (ShaderIncludeImporter) -> (artifact id: 'b581cc848b5538b67c43230c620a2f30') in 0.0014956 seconds
Start importing Packages/com.unity.render-pipelines.core/ShaderLibrary/GeometricTools.hlsl using Guid(eebfba22df48acf4b978d98000cb10e6) (ShaderIncludeImporter) -> (artifact id: '123fa68d11c09a96704461d4ad995721') in 0.001537 seconds
Start importing Packages/com.unity.render-pipelines.universal/Runtime/RendererFeatures/SurfaceCacheGI/SurfaceCacheCore/RisEstimation.hlsl using Guid(3fdd957f94ad7874198e756569ec013e) (ShaderIncludeImporter) -> (artifact id: '564228b4a3a4bfbfeafb712bbd8324ab') in 0.0016251 seconds
Start importing Packages/com.unity.render-pipelines.universal/Shaders/PostProcessing/SubpixelMorphologicalAntialiasing.hlsl using Guid(3f1f7ec9e0c852a48826fe085f257d80) (ShaderIncludeImporter) -> (artifact id: '3425ed5456f8e24f5c42ebfbdc188aaa') in 0.001548 seconds
Start importing Packages/com.unity.render-pipelines.universal/Editor/ShaderGraph/Includes/UITKPass.hlsl using Guid(4f183ca0bce4b844b8b2b26d1a18159c) (ShaderIncludeImporter) -> (artifact id: '42ff260dc2e44034f96f7582843657f0') in 0.0016781 seconds
Start importing Packages/com.unity.render-pipelines.universal/Shaders/SimpleLitGBufferPass.hlsl using Guid(5f8cea4f4fce7414ab78bcbf51dca71c) (ShaderIncludeImporter) -> (artifact id: '0e956db20aa57587f9178d0475de9aa2') in 0.0013001 seconds
Start importing Packages/com.unity.render-pipelines.core/ShaderLibrary/VirtualTexturing.hlsl using Guid(6f22d4e29906d3c47892e0c92874b752) (ShaderIncludeImporter) -> (artifact id: 'bbdf0f499a8902c7e3722fc3d6e916f3') in 0.0012556 seconds
Start importing Packages/com.unity.render-pipelines.core/ShaderLibrary/Shadow/ShadowSamplingTent.hlsl using Guid(6ff912bb23fcd5b468dd2e5c37addac3) (ShaderIncludeImporter) -> (artifact id: 'c20981142c9a838cafb9adc000524ab4') in 0.0026972 seconds
Start importing Packages/com.unity.shadergraph/Editor/Generation/Targets/BuiltIn/Editor/ShaderGraph/Includes/PBRForwardPass.hlsl using Guid(6fca0a7fb5d1b8648a17c83915199f6e) (ShaderIncludeImporter) -> (artifact id: '90f450d0ff14f21e8349a6e9889eefa8') in 0.0015332 seconds
Start importing Packages/com.unity.shadergraph/Editor/Generation/Targets/CustomRenderTexture/CustomTexture.hlsl using Guid(8f43a880cf1819049aa196a7696ee562) (ShaderIncludeImporter) -> (artifact id: 'f5c19f283b7af0abed5f345a89662200') in 0.0013243 seconds
Start importing Packages/com.unity.shadergraph/Editor/Generation/Targets/BuiltIn/ShaderLibrary/DeclareOpaqueTexture.hlsl using Guid(8f04f9a51bb7cae408ba6b74194f84f7) (ShaderIncludeImporter) -> (artifact id: '27505b85b0b8124cc6b83db3e31cc56d') in 0.0011931 seconds
Start importing Packages/com.unity.render-pipelines.universal/Editor/ShaderGraph/Includes/DepthOnlyPass.hlsl using Guid(8f266648f26372548b2ae696d6db739e) (ShaderIncludeImporter) -> (artifact id: 'e8375760a8ee57584da7255018ca55e2') in 0.0010279 seconds
Start importing Packages/com.unity.shadergraph/Editor/Generation/Targets/BuiltIn/ShaderLibrary/Shim/UIShimPreview.hlsl using Guid(9f12249d09c77224c8a6d6fad6e252b5) (ShaderIncludeImporter) -> (artifact id: '1e07011e00233adc2722c4cf5882b78b') in 0.0012468 seconds
Start importing Packages/com.unity.render-pipelines.core/ShaderLibrary/Coverage.hlsl using Guid(9fede799a67b40b2a294892639a80b13) (ShaderIncludeImporter) -> (artifact id: 'b6011bf3dd5c5249b584dbeed1717413') in 0.0012649 seconds
Start importing Packages/com.unity.render-pipelines.core/Runtime/PostProcessing/Shaders/LensFlareScreenSpaceCommon.hlsl using Guid(afe55daff42455e4eb6a40e34678a418) (ShaderIncludeImporter) -> (artifact id: '9e328715ce2de1213ec2d37d3180a877') in 0.0014947 seconds
Start importing Packages/com.unity.render-pipelines.universal/Shaders/Utils/ClusterDeferred.hlsl using Guid(affb8a852369435f8e6a36bf7893715f) (ShaderIncludeImporter) -> (artifact id: 'c6f7c2626864e17cb207f0d356c95ab2') in 0.0015748 seconds
Start importing Packages/com.unity.shadergraph/Editor/Generation/Targets/BuiltIn/ShaderLibrary/ShaderVariablesFunctions.deprecated.hlsl using Guid(bfc4f24aa6eda10499234c714f82c6f2) (ShaderIncludeImporter) -> (artifact id: '6ae50d92a9fe223db2348f293f0ebfc9') in 0.0015392 seconds
Start importing Packages/com.unity.render-pipelines.universal/Editor/Terrain/BuildTerrainSurfaceDescriptionInputs.template.hlsl using Guid(ef136de7def056a4d8aa337fa0bcd989) (ShaderIncludeImporter) -> (artifact id: '206794abd3290ef4a16e1a2638c9c2f8') in 0.0013402 seconds
Start importing Packages/com.unity.render-pipelines.universal/ShaderLibrary/LODCrossFade.hlsl using Guid(ef46fb1e00bf67142ae3548411a562b6) (ShaderIncludeImporter) -> (artifact id: 'fc9a846299a81682cdd28d30b120c622') in 0.0013087 seconds
Start importing Packages/com.unity.render-pipelines.universal/ShaderLibrary/DeclareDepthTexture.hlsl using Guid(ff20ba0133cd2904ebf470aedb16e9a2) (ShaderIncludeImporter) -> (artifact id: 'b8c9d85732820ce1ed4df0cb85658a7c') in 0.0014012 seconds
Start importing Packages/com.unity.render-pipelines.core/Runtime/UnifiedRayTracing/TraceRayAndQueryHit.hlsl using Guid(ff541650e0d7c3146a62582a0bd48d30) (ShaderIncludeImporter) -> (artifact id: '70355ef265c56c1df4e6bb955c900cd3') in 0.0013993 seconds
Start importing Packages/com.unity.render-pipelines.universal/Shaders/SimpleLitMetaPass.hlsl using Guid(ffc632d1e38ef4682807a89afb2b966f) (ShaderIncludeImporter) -> (artifact id: '6a39cff5ca8a5321a087cb9a0121f7bb') in 0.0024932 seconds
Start importing Packages/com.unity.shadergraph/Editor/Resources/Shaders/BlitNoAlpha.shader using Guid(50b406436c6214c49aaaa6011b71dde8) (ShaderImporter)Launched and connected shader compiler UnityShaderCompiler.exe after 0.01 seconds
 -> (artifact id: '2557c53943f732786d43b8d8d048a60a') in 0.0350923 seconds
Start importing Packages/com.unity.render-pipelines.universal/Shaders/SpatialMappingOcclusion.shader using Guid(60e10855641b4d84da68ec72e6f6eeb8) (ShaderImporter) -> (artifact id: '7e1c2ec2bd932c66953f1a8c0843ab1b') in 0.0098792 seconds
Start importing Packages/com.unity.render-pipelines.universal/Tests/Editor/CustomDepthBlit.shader using Guid(7057bb795f794bc44a4e34ca79be6e54) (ShaderImporter) -> (artifact id: 'c65f7032a4fbaee24ac188f23c63e1ba') in 0.0082244 seconds
Start importing Packages/com.unity.render-pipelines.universal/Shaders/PostProcessing/LensFlareScreenSpace.shader using Guid(701880fecb344ea4c9cd0db3407ab287) (ShaderImporter) -> (artifact id: '66992e9c00ebcc6a5f290faab3696743') in 0.0124699 seconds
Start importing Assets/TextMesh Pro/Shaders/TMP_SDF-Mobile Overlay.shader using Guid(a02a7d8c237544f1962732b55a9aebf1) (ShaderImporter) -> (artifact id: 'e8b8cf1873c5660a09f7fc087a229fc8') in 0.0034849 seconds
Start importing Packages/com.unity.render-pipelines.universal/Runtime/Decal/DBuffer/DBufferClear.shader using Guid(f056d8bd2a1c7e44e9729144b4c70395) (ShaderImporter) -> (artifact id: 'f19b5e1820c492b916ff4d767e02fd2b') in 0.0063744 seconds
Start importing Assets/TextMesh Pro/Shaders/TMP_SDF-Mobile-2-Pass.shader using Guid(0178fcb869bafef4690d177d31d17db8) (ShaderImporter) -> (artifact id: 'b17251408463583d9a22bf61d0e9ea68') in 0.0036737 seconds
Start importing Packages/com.unity.render-pipelines.universal/Shaders/PostProcessing/StopNaN.shader using Guid(1121bb4e615ca3c48b214e79e841e823) (ShaderImporter) -> (artifact id: '588f1d7008f41a8ba1c769751bb85d76') in 0.0051683 seconds
Start importing Packages/com.unity.render-pipelines.universal/Shaders/Terrain/TerrainLitBase.shader using Guid(21322c8b137c66e49b86085d3c8161f6) (ShaderImporter)WARNING: Shader Unsupported: 'Hidden/Universal Render Pipeline/Terrain/Lit (Base Pass)' - All subshaders removed
WARNING: Shader Did you use #pragma only_renderers and omit this platform?
WARNING: Shader If subshaders removal was intentional, you may have forgotten turning Fallback off?
WARNING: Shader Unsupported: 'Hidden/Universal Render Pipeline/Terrain/Lit (Base Pass)' - All subshaders removed
WARNING: Shader Did you use #pragma only_renderers and omit this platform?
WARNING: Shader If subshaders removal was intentional, you may have forgotten turning Fallback off?
WARNING: Shader Unsupported: 'Hidden/Universal Render Pipeline/Terrain/Lit (Base Pass)' - All subshaders removed
WARNING: Shader Did you use #pragma only_renderers and omit this platform?
WARNING: Shader If subshaders removal was intentional, you may have forgotten turning Fallback off?
WARNING: Shader Unsupported: 'Hidden/Universal Render Pipeline/Terrain/Lit (Base Pass)' - All subshaders removed
WARNING: Shader Did you use #pragma only_renderers and omit this platform?
WARNING: Shader If subshaders removal was intentional, you may have forgotten turning Fallback off?
 -> (artifact id: 'dca46165dd0cdd3646285ccab6682090') in 0.029678 seconds
Start importing Packages/com.unity.render-pipelines.core/Tests/Editor/ShaderStripping/DummyPipelineShader.shader using Guid(61e53729ad706d049b12a441f328fe34) (ShaderImporter) -> (artifact id: '058dec09781e065373a9530c60a3e460') in 0.003324 seconds
Start importing Packages/com.unity.render-pipelines.core/Runtime/Lighting/ProbeVolume/ProbeVolumeUploadDataL2.compute using Guid(6196f34ed825db14b81fb3eb0ea8d931) (ComputeShaderImporter) -> (artifact id: '7f9bef6ca87210c206f67ab7e923f3bf') in 0.0039873 seconds
Start importing Packages/com.unity.render-pipelines.core/Editor/LookDev/CubeToLatlong.shader using Guid(a16365e8c873daa4c94919438490b905) (ShaderImporter) -> (artifact id: 'c878b0543a9f1d6d395ce7347f464557') in 0.003591 seconds
Start importing Packages/com.unity.render-pipelines.universal/Runtime/RendererFeatures/SurfaceCacheGI/SurfaceCacheCore/Defrag.compute using Guid(a183a2d0b1da4904fb3bd71c6111ebb1) (ComputeShaderImporter) -> (artifact id: '64ae4070e3013bd9c36782a0fb08c789') in 0.0036864 seconds
Start importing Packages/com.unity.render-pipelines.universal/Tests/Editor/PostProcessDataTests/1.shader using Guid(a176945d0e562084691bce8e11084c6a) (ShaderImporter) -> (artifact id: 'ae798474ea53903d570dfc8f42c07d9c') in 0.1217188 seconds
Start importing Packages/com.unity.render-pipelines.universal/Shaders/PostProcessing/PaniniProjection.shader using Guid(a15b78cf8ca26ca4fb2090293153c62c) (ShaderImporter) -> (artifact id: 'c71f2b800aad926506f16eadd88cd8cc') in 0.0050866 seconds
Start importing Packages/com.unity.render-pipelines.universal/Shaders/Utils/Blit.shader using Guid(c17132b1f77d20942aa75f8429c0f8bc) (ShaderImporter) -> (artifact id: 'e42501ee10050b461a433e3320eb0cf2') in 0.0061938 seconds
Start importing Packages/com.unity.render-pipelines.universal/Shaders/Utils/CoreBlitColorAndDepth.shader using Guid(d104b2fc1ca6445babb8e90b0758136b) (ShaderImporter) -> (artifact id: '4d75c56ba2ba9516ebfca41f05281481') in 0.0044327 seconds
Start importing Packages/com.unity.render-pipelines.core/Shaders/CoreCopy.shader using Guid(12dc59547ea167a4ab435097dd0f9add) (ShaderImporter) -> (artifact id: 'b1b87e23ab33efc85ec2c64c09af9d4d') in 0.003511 seconds
Start importing Packages/com.unity.render-pipelines.core/Tests/Editor/SimpleDots.shader using Guid(120ea264a7bdc294f86074ea0303c88f) (ShaderImporter) -> (artifact id: 'b9d5557994e710c354e66ca7fcdbd155') in 0.0029711 seconds
Start importing Assets/TextMesh Pro/Shaders/TMP_Bitmap.shader using Guid(128e987d567d4e2c824d754223b3f3b0) (ShaderImporter) -> (artifact id: '10e89b58ed57a40e0ed78f9b2879049c') in 0.0025928 seconds
Start importing Packages/com.unity.render-pipelines.universal/Shaders/Utils/ClusterDeferred.shader using Guid(222cce62363a44a380c36bf03b392608) (ShaderImporter) -> (artifact id: 'f4a95e8b3fa14ea5c4a483029c195233') in 0.0119232 seconds
Start importing Packages/com.unity.render-pipelines.universal/Runtime/RendererFeatures/SurfaceCacheGI/FallbackMaterial.shader using Guid(421501d8e4bd2014dbd1dbe80ec2bb5a) (ShaderImporter) -> (artifact id: '5553d759154bb50cdb2d9a904111d097') in 0.0036722 seconds
Start importing Packages/com.unity.render-pipelines.core/Runtime/Vrs/Shaders/VrsVisualization.shader using Guid(620b55b8040a88d468e94abe55bed5ba) (ShaderImporter) -> (artifact id: '95dec820eb4decd2fd211a70fa3ebb4d') in 0.0039602 seconds
Start importing Packages/com.unity.render-pipelines.core/Runtime/UnifiedRayTracing/Compute/RadeonRays/kernels/scatter.compute using Guid(a2eaeefdac4637a44b734e85b7be9186) (ComputeShaderImporter) -> (artifact id: 'c6e33d5e5d3d9de99f74bc2b36d8e623') in 0.0014425 seconds
Start importing Packages/com.unity.render-pipelines.core/Runtime/RenderPipelineResources/GPUDriven/OcclusionCullingDebug.compute using Guid(b23e766bcf50ca4438ef186b174557df) (ComputeShaderImporter) -> (artifact id: '548c094c63c2d9c31c6b3885be540768') in 0.0032433 seconds
Start importing Packages/com.unity.render-pipelines.universal/Runtime/RendererFeatures/SurfaceCacheGI/SurfaceCacheCore/TemporalFiltering.compute using Guid(c23523f04780d754f927b9daf4f975b9) (ComputeShaderImporter) -> (artifact id: '25fc5bfb0dbc317cbfd4704ac8ba29c6') in 0.0018367 seconds
Start importing Packages/com.unity.render-pipelines.universal/Shaders/2D/Sprite-Lit-Default.shader using Guid(e260cfa7296ee7642b167f1eb5be5023) (ShaderImporter) -> (artifact id: 'e4b59437a6b50d563cc0651854c27d81') in 0.0105769 seconds
Start importing Packages/com.unity.render-pipelines.universal/Shaders/2D/Sprite-Unlit-Default.shader using Guid(13c02b14c4d048fa9653293d54f6e0e1) (ShaderImporter) -> (artifact id: 'e8b7014b779f8cfa4169fb4a86fa6a6e') in 0.005231 seconds
Start importing Packages/com.unity.render-pipelines.universal/Runtime/RendererFeatures/SurfaceCacheGI/FlatNormalResolution.compute using Guid(134e9451a58aaba43ba713adbd103d92) (ComputeShaderImporter) -> (artifact id: '79c0fdc26a6e1ee7f1e2e2525626863a') in 0.0044806 seconds
Start importing Packages/com.unity.render-pipelines.core/Runtime/STP/StpSetup.compute using Guid(33be2e9a5506b2843bdb2bdff9cad5e1) (ComputeShaderImporter) -> (artifact id: '15f51c7081c9bcd4fed654681a539fe9') in 0.0068063 seconds
Start importing Packages/com.unity.render-pipelines.core/Editor/LookDev/Compositor.shader using Guid(4386e57b23a56004c93e1d57d2bbcb4f) (ShaderImporter) -> (artifact id: '664ad816857be9b58a2e9fe8a4ae431e') in 0.0047775 seconds
Start importing Packages/com.unity.render-pipelines.universal/Shaders/Debug/ProbeVolumeSamplingDebugPositionNormal.compute using Guid(53626a513ea68ce47b59dc1299fe3959) (ComputeShaderImporter) -> (artifact id: 'fe48ab6bb3adb72f7c7df50728bd001d') in 0.0058218 seconds
Start importing Packages/com.unity.render-pipelines.core/Runtime/RenderPipelineResources/GPUDriven/InstanceDataBufferUploadKernels.compute using Guid(53864816eb00f2343b60e1a2c5a262ef) (ComputeShaderImporter) -> (artifact id: '57d857473857404fb78b529ac54f53b9') in 0.0015718 seconds
Start importing Packages/com.unity.render-pipelines.universal/Runtime/RendererFeatures/SurfaceCacheGI/SurfaceCacheCore/SpatialFiltering.compute using Guid(63e59de460463bb4c9d64bc58051d12c) (ComputeShaderImporter) -> (artifact id: '3113a125afe6924a5edfabbdd6e2cd22') in 0.0033199 seconds
Start importing Packages/com.unity.render-pipelines.universal/Shaders/PostProcessing/SubpixelMorphologicalAntialiasing.shader using Guid(63eaba0ebfb82cc43bde059b4a8c65f6) (ShaderImporter) -> (artifact id: 'e2531124e0556cf1cf511f86ea0abd36') in 0.0082922 seconds
Start importing Packages/com.unity.render-pipelines.universal/Shaders/Utils/CoreBlit.shader using Guid(93446b5c5339d4f00b85c159e1159b7c) (ShaderImporter) -> (artifact id: 'f16a9a62d26ee9e18b5424cf2fea34d1') in 0.0294972 seconds
Start importing Packages/com.unity.render-pipelines.universal/Shaders/Lit.shader using Guid(933532a4fcc9baf4fa0491de14d08ed7) (ShaderImporter) -> (artifact id: '3ce5850db57efa9140f08284015e507d') in 0.0253658 seconds
Start importing Packages/com.unity.render-pipelines.core/Runtime/Lighting/ProbeVolume/ProbeVolumeBlendStates.compute using Guid(a3f7b8c99de28a94684cb1daebeccf5d) (ComputeShaderImporter) -> (artifact id: '560d97a5f8b6126c9981368947a660f5') in 0.0029963 seconds
Start importing Packages/com.unity.render-pipelines.core/Runtime/RenderPipelineResources/GPUDriven/DebugOccluder.shader using Guid(b3c92426a88625841ab15ca6a7917248) (ShaderImporter) -> (artifact id: '218ff41fa7a35a4d3f2301c64386ab57') in 0.0025286 seconds
Start importing Packages/com.unity.render-pipelines.core/Runtime/RenderPipelineResources/GPUDriven/DebugOcclusionTest.shader using Guid(d3f0849180c2d0944bc71060693df100) (ShaderImporter) -> (artifact id: 'b05e67e36d0f16edba8d7af381249f28') in 0.0036511 seconds
Start importing Packages/com.unity.render-pipelines.universal/Shaders/2D/Sprite-Mask.shader using Guid(e39bd598ce13f44ba8af997d3e42cd18) (ShaderImporter) -> (artifact id: '86e4c351657259a74df3ee70c9c9fece') in 0.0054381 seconds
Start importing Packages/com.unity.render-pipelines.universal/Shaders/Utils/Sampling.shader using Guid(04c410c9937594faa893a11dceb85f7e) (ShaderImporter) -> (artifact id: 'c01a3a3a82d05f3c30c7e734a2a7a4c4') in 0.0052778 seconds
Start importing Packages/com.unity.render-pipelines.universal/Shaders/Particles/ParticlesUnlit.shader using Guid(0406db5a14f94604a8c57ccfbc9f3b46) (ShaderImporter) -> (artifact id: '76df75d553e3f1a2e4066cb6ed7647f8') in 0.0210245 seconds
Start importing Assets/TextMesh Pro/Shaders/TMP_SDF SSD.shader using Guid(14eb328de4b8eb245bb7cea29e4ac00b) (ShaderImporter) -> (artifact id: 'abae9fa6693f402eba0b4b7d0814655d') in 0.0030546 seconds
Start importing Packages/com.unity.render-pipelines.universal/Shaders/XR/XROcclusionMesh.shader using Guid(4431b1f1f743fbf4eb310a967890cbea) (ShaderImporter) -> (artifact id: '8a738bf2256aab251303792015f8c4dd') in 0.0047199 seconds
Start importing Packages/com.unity.render-pipelines.universal/Shaders/2D/Shadow2D-Shadow-Sprite.shader using Guid(44fc62292b65ab04eabcf310e799ccf6) (ShaderImporter) -> (artifact id: 'acc97523cc79c760b0c9c792a1d43f51') in 0.0040929 seconds
Start importing Packages/com.unity.render-pipelines.universal/Shaders/BRGPicking.shader using Guid(74b1585886a85614aa34e2c8e303c77a) (ShaderImporter) -> (artifact id: 'f2f76f8b48c0206ed284c4864fcc4df6') in 0.0058842 seconds
Start importing Packages/com.unity.render-pipelines.universal/Shaders/2D/RenderAs2D-Flattening.shader using Guid(74659692f6350ba46b88180d9c826630) (ShaderImporter) -> (artifact id: '907d00148550bb6566f9f2aa6c36ce0c') in 0.0058419 seconds
Start importing Packages/com.unity.render-pipelines.universal/Shaders/PostProcessing/FinalPost.shader using Guid(c49e63ed1bbcb334780a3bd19dfed403) (ShaderImporter) -> (artifact id: '40983c71eeff9ec9c36fca45f11bd789') in 0.016136 seconds
Start importing Packages/com.unity.render-pipelines.universal/Shaders/Unlit.shader using Guid(650dd9526735d5b46b79224bc6e94025) (ShaderImporter) -> (artifact id: '2aa01ee2bdd23ff5e210503f3ad607b3') in 0.0194727 seconds
Start importing Packages/com.unity.render-pipelines.universal/Shaders/PostProcessing/LutBuilderLdr.shader using Guid(65df88701913c224d95fc554db28381a) (ShaderImporter) -> (artifact id: '467ec69fb6187a39ca365ebdfd400e90') in 0.0057071 seconds
Start importing Packages/com.unity.render-pipelines.universal/Shaders/Particles/ParticlesSimpleLit.shader using Guid(8516d7a69675844a7a0b7095af7c46af) (ShaderImporter) -> (artifact id: '8fd3c16a15ff6fc03e788530fdf109b1') in 0.026056 seconds
Start importing Assets/TextMesh Pro/Shaders/TMP_SDF-Surface-Mobile.shader using Guid(85187c2149c549c5b33f0cdb02836b17) (ShaderImporter) -> (artifact id: 'baa1f7027b059ac01a5e965570fad9c2') in 0.0970114 seconds
Start importing Packages/com.unity.render-pipelines.universal/Editor/Overrides/Shaders/ShadowsMidtonesHighlightsCurves.shader using Guid(95e15a77195eb574ab82aaac18b1c796) (ShaderImporter) -> (artifact id: '4229cc5e5c2a4f766838e8af12708ebe') in 0.0032028 seconds
Start importing Packages/com.unity.render-pipelines.universal/Runtime/RendererFeatures/SurfaceCacheGI/SurfaceCacheCore/RestirEstimation.compute using Guid(b5dbdcea251f42c4a9b8721877f436bf) (ComputeShaderImporter) -> (artifact id: 'c6b40dd724c82b795e2afbc202ba8e10') in 0.0020612 seconds
Start importing Packages/com.unity.render-pipelines.universal/Shaders/CameraMotionVectors.shader using Guid(c56b7e0d4c7cb484e959caeeedae9bbf) (ShaderImporter) -> (artifact id: '672d61f1e599c54ed2509aa2fd2bf6df') in 0.0047535 seconds
Start importing Packages/com.unity.render-pipelines.universal/Shaders/XR/XRMirrorView.shader using Guid(d5a307c014552314b9f560906d708772) (ShaderImporter) -> (artifact id: '4e22ac4c9da1f18bdb850424595dfc52') in 0.0052459 seconds
Start importing Packages/com.unity.render-pipelines.universal/Shaders/Terrain/WavingGrass.shader using Guid(e507fdfead5ca47e8b9a768b51c291a1) (ShaderImporter) -> (artifact id: 'eced8e1d3439ac87dec6c1d2662ab5b7') in 0.015834 seconds
Start importing Packages/com.unity.render-pipelines.core/Runtime/RenderPipelineResources/FallbackShader.shader using Guid(36e335017ad71d54fbb10842863188ae) (ShaderImporter) -> (artifact id: 'a8f254e71c2e00124ff29f3b945a2015') in 0.0029031 seconds
Start importing Packages/com.unity.render-pipelines.core/Runtime/UnifiedRayTracing/Compute/RadeonRays/kernels/restructure_bvh.compute using Guid(56641cb88dcb31a4398a4997ef7a7a8c) (ComputeShaderImporter) -> (artifact id: 'ab3ef81313f7f3e7fb0b6db174a9ff53') in 0.0024614 seconds
Start importing Packages/com.unity.render-pipelines.universal/Shaders/PostProcessing/EdgeAdaptiveSpatialUpsampling.shader using Guid(562b7ae4f629f144aa97780546fce7c6) (ShaderImporter) -> (artifact id: '07ac42034505b8133cc096f6cd45d264') in 0.0056248 seconds
Start importing Packages/com.unity.render-pipelines.core/Tests/Editor/CopyDepthToBuffer.compute using Guid(6666e5f03ff07054dbb7a7ac6e6aaee0) (ComputeShaderImporter) -> (artifact id: '3992ea6f152ca3b89dd2cfdfe4506c4f') in 0.0017586 seconds
Start importing Packages/com.unity.render-pipelines.core/Runtime/UnifiedRayTracing/Compute/RadeonRays/kernels/bit_histogram.compute using Guid(8670f7ce4b60cef43bed36148aa1b0a2) (ComputeShaderImporter) -> (artifact id: '9d620961aa6f7c3de130148964ad07ba') in 0.0014339 seconds
Start importing Packages/com.unity.render-pipelines.core/Runtime/STP/StpPreTaa.compute using Guid(a679dba8ec4d9ce45884a270b0e22dda) (ComputeShaderImporter) -> (artifact id: 'a641ac0fdd8ba50c8cbaadb024facd50') in 0.0038664 seconds
Start importing Packages/com.unity.render-pipelines.universal/Shaders/Utils/CopyDepth.shader using Guid(d6dae50ee9e1bfa4db75f19f99355220) (ShaderImporter) -> (artifact id: 'fd2a6181417b5ed640f3aef36d75818b') in 0.005503 seconds
Start importing Packages/com.unity.render-pipelines.universal/Shaders/Utils/FallbackError.shader using Guid(e6e9a19c3678ded42a3bc431ebef7dbd) (ShaderImporter) -> (artifact id: 'f1fe585033d64a3526b1827ff0021ba4') in 0.0049082 seconds
Start importing Packages/com.unity.render-pipelines.core/Runtime/RenderPipelineResources/GPUDriven/InstanceOcclusionCullingKernels.compute using Guid(f6d223acabc2f974795a5a7864b50e6c) (ComputeShaderImporter) -> (artifact id: 'a3251868b01cc09618652970222c5220') in 0.0039231 seconds
Start importing Packages/com.unity.render-pipelines.universal/Shaders/Terrain/TerrainDetailLit.shader using Guid(f6783ab646d374f94b199774402a5144) (ShaderImporter) -> (artifact id: 'd1109139a25a0230adb0e39b1f54d310') in 0.017989 seconds
Start importing Packages/com.unity.render-pipelines.universal/Runtime/RendererFeatures/SurfaceCacheGI/SurfaceCacheCore/Scrolling.compute using Guid(47bbc3edf61978b498603cc2a1b87eea) (ComputeShaderImporter) -> (artifact id: '78e5ecb428ed9e95afba0b0a2b12ebc3') in 0.0020724 seconds
Start importing Packages/com.unity.render-pipelines.universal/Shaders/Debug/HDRDebugView.shader using Guid(573620ae32aec764abd4d728906d2587) (ShaderImporter) -> (artifact id: '1142392536a70968d9a4dd325b8a27ca') in 0.0091561 seconds
Start importing Packages/com.unity.render-pipelines.core/Tests/Runtime/Threading/FunctionTestsGroup.compute using Guid(77f6c3e00d2daf84ba7b57e205d5dd64) (ComputeShaderImporter) -> (artifact id: '2742bee2fec911ca934bd0a7b1de8af2') in 0.004789 seconds
Start importing Packages/com.unity.render-pipelines.universal/Shaders/2D/Shadow2D-Unshadow-Geometry.shader using Guid(77774d9009bb81447b048c907d4c6273) (ShaderImporter) -> (artifact id: '1a81aac9fb7767cea015d6035c9a505a') in 0.0050237 seconds
Start importing Packages/com.unity.render-pipelines.universal/Editor/Overrides/Shaders/TrackballEditor.shader using Guid(77cfa04f893eb8745b6a454a3d51b43c) (ShaderImporter) -> (artifact id: '69923c6b1a5d2eaed653c6500d110421') in 0.0033645 seconds
Start importing Packages/com.unity.render-pipelines.core/Editor/PostProcessing/LensFlareResource/LensFlareDataDriven.shader using Guid(a796fe586e0ddba4cae031b0ab585286) (ShaderImporter) -> (artifact id: '8fc27128a246fd20f6b3585c6a00e79c') in 0.005994 seconds
Start importing Packages/com.unity.render-pipelines.universal/Shaders/Particles/ParticlesLit.shader using Guid(b7839dad95683814aa64166edc107ae2) (ShaderImporter) -> (artifact id: '56548648fb6c8b5802f6489cf27ca992') in 0.0252448 seconds
Start importing Packages/com.unity.test-framework.performance/Editor/TestReportGraph/TestReportShader.shader using Guid(c7715b638c6f5c849a6ec12234ae264c) (ShaderImporter) -> (artifact id: 'ec2edf9f672d0c0fcebb61034f01323a') in 0.0027769 seconds
Start importing Packages/com.unity.render-pipelines.universal/Shaders/PostProcessing/UberPost.shader using Guid(e7857e9d0c934dc4f83f270f8447b006) (ShaderImporter) -> (artifact id: 'f582f92821e75bea335687b4c3f8de2b') in 0.0098991 seconds
Start importing Assets/TextMesh Pro/Shaders/TMP_SDF-Surface.shader using Guid(f7ada0af4f174f0694ca6a487b8f543d) (ShaderImporter) -> (artifact id: '3e10d3c6485ccf04f3bf6e3d42b09255') in 0.2110915 seconds
Start importing Packages/com.unity.render-pipelines.core/Runtime/RenderPipelineResources/GPUDriven/OccluderDepthPyramidKernels.compute using Guid(08b2b5fb307b0d249860612774a987da) (ComputeShaderImporter) -> (artifact id: '8de323651b676c8bfaa0e01a18768669') in 0.0026123 seconds
Start importing Packages/com.unity.render-pipelines.universal/Shaders/Utils/ScreenSpaceAmbientOcclusion.shader using Guid(0849e84e3d62649e8882e9d6f056a017) (ShaderImporter) -> (artifact id: 'd1f295d3602b6dc37e45dd703bc2bbb6') in 0.0177958 seconds
Start importing Assets/TextMesh Pro/Shaders/TMP_Bitmap-Custom-Atlas.shader using Guid(48bb5f55d8670e349b6e614913f9d910) (ShaderImporter) -> (artifact id: 'a279094d91430ffecff23d1b2b3ab4cb') in 0.0027539 seconds
Start importing Assets/TextMesh Pro/Shaders/TMP_SDF.shader using Guid(68e6db2ebdc24f95958faec2be5558d6) (ShaderImporter) -> (artifact id: 'ddfe6389b296a43882d136e385b653b5') in 0.0028993 seconds
Start importing Packages/com.unity.render-pipelines.core/Runtime/UnifiedRayTracing/Common/GeometryPool/GeometryPoolKernels.compute using Guid(98e3d58cae7210c4786f67f504c9e899) (ComputeShaderImporter) -> (artifact id: 'ce77c917aa6f5a0dcc2435d6d7961eca') in 0.0017974 seconds
Start importing Packages/com.unity.render-pipelines.universal/Shaders/Utils/BlitHDROverlay.shader using Guid(a89bee29cffa951418fc1e2da94d1959) (ShaderImporter) -> (artifact id: 'e25628f675da887e25ba0a4fedc61047') in 0.0070642 seconds
Start importing Assets/TextMesh Pro/Shaders/TMP_SDF-Mobile SSD.shader using Guid(c8d12adcee749c344b8117cf7c7eb912) (ShaderImporter) -> (artifact id: '16221110c175ffc765623a93eb0dddc2') in 0.0028083 seconds
Start importing Packages/com.unity.render-pipelines.core/Editor/Lighting/ProbeVolume/VoxelizeScene.shader using Guid(c8b6a681c7b4e2e4785ffab093907f9e) (ShaderImporter) -> (artifact id: 'a670c9112ba6bce6f9a50c5e59ca3e66') in 0.0039557 seconds
Start importing Packages/com.unity.render-pipelines.universal/Shaders/SpatialMappingWireframe.shader using Guid(e8b802ac01d87144b91f12f40c1f2659) (ShaderImporter) -> (artifact id: 'e3f425137a58a0eebf7659cec84cd25c') in 0.0047121 seconds
Start importing Packages/com.unity.render-pipelines.universal/Shaders/PostProcessing/ScalingSetup.shader using Guid(e8ee25143a34b8c4388709ea947055d1) (ShaderImporter) -> (artifact id: '7785ab3205b3b6ee6c3525d374f235ad') in 0.0052242 seconds
Start importing Packages/com.unity.render-pipelines.universal/Shaders/XR/XRMotionVector.shader using Guid(f89aac1e4f84468418fe30e611dff395) (ShaderImporter) -> (artifact id: 'badac3fd3682a6dd5e28c9c05b6c3c8d') in 0.0039277 seconds
Start importing Packages/com.unity.render-pipelines.core/Runtime/Lighting/ProbeVolume/ProbeVolumeUploadData.compute using Guid(0951de5992461754fa73650732c4954c) (ComputeShaderImporter) -> (artifact id: 'b52aae26903b14b696d553aaf8935ffe') in 0.003107 seconds
Start importing Packages/com.unity.render-pipelines.universal/Shaders/2D/Shadow2D-Shadow-Geometry.shader using Guid(19349a0f9a7ed4c48a27445bcf92e5e1) (ShaderImporter) -> (artifact id: 'e9375e7faaa7c52bbe974c4f007c13c5') in 0.003981 seconds
Start importing Packages/com.unity.render-pipelines.core/Editor/PostProcessing/LensFlareResource/LensFlareDataDrivenPreview.shader using Guid(19dfbb09098c9584a83c956fbd6c5d79) (ShaderImporter) -> (artifact id: '027dfa0e5a53b9ccc8132b6aa763e0ac') in 0.0037722 seconds
Start importing Packages/com.unity.render-pipelines.universal/Shaders/Terrain/WavingGrassBillboard.shader using Guid(29868e73b638e48ca99a19ea58c48d90) (ShaderImporter) -> (artifact id: '126772bac17c7498d6d7d727fd7a1ba8') in 0.0145337 seconds
Start importing Packages/com.unity.render-pipelines.core/Runtime/STP/StpTaa.compute using Guid(3923900e2b41b5e47bc25bfdcbcdc9e6) (ComputeShaderImporter) -> (artifact id: 'b7bf6d2772efcd41a1d96b1472d98374') in 0.0035249 seconds
Start importing Packages/com.unity.render-pipelines.universal/Shaders/Terrain/TerrainLit.shader using Guid(69c1f799e772cb6438f56c23efccb782) (ShaderImporter)Shader 'Universal Render Pipeline/Terrain/Lit': dependency 'AddPassShader' shader 'Hidden/Universal Render Pipeline/Terrain/Lit (Add Pass)' not found
Shader 'Universal Render Pipeline/Terrain/Lit': dependency 'BaseMapShader' shader 'Hidden/Universal Render Pipeline/Terrain/Lit (Base Pass)' not found
Shader 'Universal Render Pipeline/Terrain/Lit': dependency 'BaseMapGenShader' shader 'Hidden/Universal Render Pipeline/Terrain/Lit (Basemap Gen)' not found
WARNING: Shader Unsupported: 'Universal Render Pipeline/Terrain/Lit' - All subshaders removed
WARNING: Shader Did you use #pragma only_renderers and omit this platform?
WARNING: Shader If subshaders removal was intentional, you may have forgotten turning Fallback off?
WARNING: Shader Unsupported: 'Universal Render Pipeline/Terrain/Lit' - All subshaders removed
WARNING: Shader Did you use #pragma only_renderers and omit this platform?
WARNING: Shader If subshaders removal was intentional, you may have forgotten turning Fallback off?
Shader 'Universal Render Pipeline/Terrain/Lit': dependency 'AddPassShader' shader 'Hidden/Universal Render Pipeline/Terrain/Lit (Add Pass)' not found
Shader 'Universal Render Pipeline/Terrain/Lit': dependency 'BaseMapShader' shader 'Hidden/Universal Render Pipeline/Terrain/Lit (Base Pass)' not found
Shader 'Universal Render Pipeline/Terrain/Lit': dependency 'BaseMapGenShader' shader 'Hidden/Universal Render Pipeline/Terrain/Lit (Basemap Gen)' not found
WARNING: Shader Unsupported: 'Universal Render Pipeline/Terrain/Lit' - All subshaders removed
WARNING: Shader Did you use #pragma only_renderers and omit this platform?
WARNING: Shader If subshaders removal was intentional, you may have forgotten turning Fallback off?
WARNING: Shader Unsupported: 'Universal Render Pipeline/Terrain/Lit' - All subshaders removed
WARNING: Shader Did you use #pragma only_renderers and omit this platform?
WARNING: Shader If subshaders removal was intentional, you may have forgotten turning Fallback off?
 -> (artifact id: '32259e61e28e9a1b01e31e29e7c3cc46') in 0.0226914 seconds
Start importing Packages/com.unity.render-pipelines.universal/Shaders/Nature/SpeedTree8.shader using Guid(99134b1f0c27d54469a840832a28fadf) (ShaderImporter) -> (artifact id: '6bfb9b0e9c3b933936bba8cdb9f032ea') in 0.0250644 seconds
Start importing Packages/com.unity.render-pipelines.universal/Runtime/RendererFeatures/SurfaceCacheGI/SurfaceCacheCore/Eviction.compute using Guid(c9f2aeed6ef396f4d9134e4da1edfe19) (ComputeShaderImporter) -> (artifact id: 'c233af2ac2183b14ef538e9856291507') in 0.0018136 seconds
Start importing Packages/com.unity.render-pipelines.universal/Shaders/Utils/StencilDeferred.shader using Guid(e9155b26e1bc55942a41e518703fe304) (ShaderImporter) -> (artifact id: 'da39f057d082bd4acf4e9278ac524663') in 0.0186517 seconds
Start importing Packages/com.unity.render-pipelines.core/Runtime/RenderPipelineResources/GPUDriven/InstanceDataBufferCopyKernels.compute using Guid(f984aeb540ded8b4fbb8a2047ab5b2e2) (ComputeShaderImporter) -> (artifact id: '1ae4456875cc97a313087e230680ea4c') in 0.0014192 seconds
Start importing Packages/com.unity.render-pipelines.universal/Shaders/Terrain/TerrainLitAdd.shader using Guid(0a7e590f3cf1d4ee8a8fab5b6eff09ef) (ShaderImporter) -> (artifact id: '23b37b01ebf4e85acae51df431f73448') in 0.0122083 seconds
Start importing Packages/com.unity.render-pipelines.core/Runtime/UnifiedRayTracing/Compute/RadeonRays/kernels/CopyPositions.compute using Guid(1ad53a96b58d3c3488dde4f14db1aaeb) (ComputeShaderImporter) -> (artifact id: 'f10747e0ecd03deff2450fe40e780fdb') in 0.0014366 seconds
Start importing Packages/com.unity.render-pipelines.core/Runtime/RenderPipelineResources/GPUDriven/InstanceTransformUpdateKernels.compute using Guid(2a567b9b2733f8d47a700c3c85bed75b) (ComputeShaderImporter) -> (artifact id: '5c7e2867695b4955eb7c46c34470b31f') in 0.0026004 seconds
Start importing Packages/com.unity.render-pipelines.universal/Shaders/PostProcessing/BokehDepthOfField.shader using Guid(2aed67ad60045d54ba3a00c91e2d2631) (ShaderImporter) -> (artifact id: '327a81fc4be16b89de7a77e492a68ead') in 0.0161944 seconds
Start importing Packages/com.unity.render-pipelines.core/Runtime/Debug/ProbeVolumeFragmentationDebug.shader using Guid(3a80877c579b9144ebdcc6d923bca303) (ShaderImporter) -> (artifact id: '2173e18bd29bf19c044877f4cf106ce1') in 0.0048803 seconds
Start importing Packages/com.unity.render-pipelines.core/Runtime/Vrs/Shaders/VrsTexture.compute using Guid(cacb30de6c40c7444bbc78cb0a81fd2a) (ComputeShaderImporter) -> (artifact id: '5271cc9fd31997632984c6262f4219fb') in 0.0032611 seconds
Start importing Packages/com.unity.shadergraph/Editor/Resources/Shaders/FallbackError.shader using Guid(da07703fcc09f8d4799221050659bd55) (ShaderImporter) -> (artifact id: '25a231f4748abcbf3dae4f4ea27facf9') in 0.0023304 seconds
Start importing Packages/com.unity.render-pipelines.core/Runtime/UnifiedRayTracing/Common/Utilities/CopyBuffer.compute using Guid(1b95b5dcf48d1914c9e1e7405c7660e3) (ComputeShaderImporter) -> (artifact id: '279c8f5a95034c3b7c4e2a7f3d5064c6') in 0.0013862 seconds
Start importing Packages/com.unity.render-pipelines.core/Tests/Editor/SimpleSpeedTreeDots.shader using Guid(2b06b6233ca86cd4886e99d0e9d1124e) (ShaderImporter) -> (artifact id: '574585b6f0721171482beaa8003a799f') in 0.002916 seconds
Start importing Packages/com.unity.render-pipelines.core/Runtime/Debug/ProbeVolumeDebug.shader using Guid(3b21275fd12d65f49babb5286f040f2d) (ShaderImporter) -> (artifact id: 'aefa8c89efd614a350d49b0934df9f75') in 0.0043744 seconds
Start importing Packages/com.unity.render-pipelines.core/Editor/Lighting/ProbeVolume/ProbeVolumeCellDilation.compute using Guid(6bb382f7de370af41b775f54182e491d) (ComputeShaderImporter) -> (artifact id: '50a42826b4a355a1488aa93f3e2b4728') in 0.0034193 seconds
Start importing Packages/com.unity.render-pipelines.universal/Shaders/ObjectMotionVectorFallback.shader using Guid(7b3ede40266cd49a395def176e1bc486) (ShaderImporter) -> (artifact id: 'dfa72a0c0c6110ab00ac8157a36933cf') in 0.0056996 seconds
Start importing Packages/com.unity.render-pipelines.core/Tests/Editor/BufferCopyTest.compute using Guid(8ba6ac699baf35242857feaf27c9cc2a) (ComputeShaderImporter) -> (artifact id: 'b2dbca9aced9fab97db80c60c0bdcf4d') in 0.0015586 seconds
Start importing Packages/com.unity.render-pipelines.universal/Runtime/RendererFeatures/SurfaceCacheGI/SurfaceCacheCore/RestirSpatial.compute using Guid(8bf708594b6a9224b9a0915f3db08c5d) (ComputeShaderImporter) -> (artifact id: '0bc24bd1139ad289fa42152c963b785b') in 0.0019095 seconds
Start importing Packages/com.unity.render-pipelines.core/Editor/Lighting/ProbeVolume/ProbeVolumeSubdivide.compute using Guid(bb86f1f0af829fd45b2ebddda1245c22) (ComputeShaderImporter) -> (artifact id: '9a9f566714c28f3e0d5a6fc36ec99915') in 0.0026208 seconds
Start importing Packages/com.unity.render-pipelines.core/Runtime/Debug/ProbeVolumeOffsetDebug.shader using Guid(db8bd7436dc2c5f4c92655307d198381) (ShaderImporter) -> (artifact id: '5f895bf50c9c920dfdba138d29c2a49c') in 0.0040356 seconds
Start importing Packages/com.unity.render-pipelines.universal/Shaders/BakedLit.shader using Guid(0ca6dca7396eb48e5849247ffd444914) (ShaderImporter) -> (artifact id: 'd3df84d49c75a26efb4ee758ad7bd61b') in 0.0194869 seconds
Start importing Packages/com.unity.shadergraph/Editor/Resources/Shaders/Checkerboard.shader using Guid(5caf62d8bd7c44596ace77ef9eb8ea31) (ShaderImporter) -> (artifact id: '3f046e410924ece290a5c548340a798a') in 0.0029506 seconds
Start importing Packages/com.unity.render-pipelines.universal/Shaders/PostProcessing/LensFlareDataDriven.shader using Guid(6cda457ac28612740adb23da5d39ea92) (ShaderImporter) -> (artifact id: '726acd56348ec43dc8a6c55ef8f51976') in 0.0102947 seconds
Start importing Packages/com.unity.render-pipelines.universal/Runtime/RendererFeatures/SurfaceCacheGI/ScreenResolveUpsampling.compute using Guid(7c302ee1d7410a6458981a5f329520b4) (ComputeShaderImporter) -> (artifact id: '62fa357561dd8e620ec8cac17b093b7e') in 0.0046508 seconds
Start importing Packages/com.unity.render-pipelines.core/Tests/Runtime/Threading/FunctionTestsWave.compute using Guid(7cce01e3b2c07a34b8a6cfa8dcd99d0b) (ComputeShaderImporter) -> (artifact id: '648a3051551087a0858bcf2c200f05fb') in 0.0046604 seconds
Start importing Packages/com.unity.render-pipelines.universal/Shaders/2D/Mesh2D-Unlit-Default.shader using Guid(8c3bb6de0c0e7c047b65c077249507e5) (ShaderImporter) -> (artifact id: '58381d7d7e99932ea56616af26c86272') in 0.0044895 seconds
Start importing Packages/com.unity.render-pipelines.universal/Shaders/Utils/StencilDitherMaskSeed.shader using Guid(8c3ee818f2efa514c889881ccb2e95a2) (ShaderImporter) -> (artifact id: '8fb93a01406d6680e7da452595cfcb5b') in 0.0050955 seconds
Start importing Packages/com.unity.render-pipelines.universal/Shaders/PostProcessing/TemporalAA.shader using Guid(9c70c1a35ff15f340b38ea84842358bf) (ShaderImporter) -> (artifact id: 'b8dd1d2f300e7f204027fb59205f8ccd') in 0.0106727 seconds
Start importing Packages/com.unity.ugui/Editor Resources/Shaders/TMP_SDF Internal Editor.shader using Guid(9c442dc870b456e48b615cd8add0e9ef) (ShaderImporter) -> (artifact id: '1d84de99b17eddc779fc1f69810430fa') in 0.0030239 seconds
Start importing Packages/com.unity.render-pipelines.universal/Tests/Editor/PostProcessDataTests/2.shader using Guid(ace59f7f124432f4f923bd3bfa93e0ad) (ShaderImporter) -> (artifact id: 'eb4f3a53f24a1a841c2b8c0a7c33c69b') in 0.1123708 seconds
Start importing Assets/TextMesh Pro/Shaders/TMP_SDF-Mobile Masking.shader using Guid(bc1ede39bf3643ee8e493720e4259791) (ShaderImporter) -> (artifact id: '6edc1a9f3b9a455b57dc40a096ad4e40') in 0.0026058 seconds
Start importing Packages/com.unity.render-pipelines.universal/Shaders/PostProcessing/LutBuilderHdr.shader using Guid(ec9fec698a3456d4fb18cf8bacb7a2bc) (ShaderImporter) -> (artifact id: 'acec76313012ce4742728ba2353442e8') in 0.0054998 seconds
Start importing Packages/com.unity.render-pipelines.universal/Editor/Overrides/Shaders/CurveBackground.shader using Guid(0d0f817524897904ba47a6a1d55e7668) (ShaderImporter) -> (artifact id: 'ba7197557037013178d63ef1d6ca9aee') in 0.0027509 seconds
Start importing Packages/com.unity.render-pipelines.core/Runtime/UnifiedRayTracing/Compute/RadeonRays/kernels/build_hlbvh.compute using Guid(2d70cd6be91bd7843a39a54b51c15b13) (ComputeShaderImporter) -> (artifact id: 'eb5aa9c6e9d2e86d07896525a36d696e') in 0.0019179 seconds
Start importing Packages/com.unity.render-pipelines.core/Editor/Gizmo/UnlitGizmo.shader using Guid(2df96b66b5510f94b98df2ac6f926ef4) (ShaderImporter) -> (artifact id: '4620019507508561fcefbdd259605290') in 0.0016323 seconds
Start importing Packages/com.unity.render-pipelines.universal/Runtime/RendererFeatures/SurfaceCacheGI/PatchAllocation.compute using Guid(3d9fc4c0ae8e22f49a8ebefad82718d9) (ComputeShaderImporter) -> (artifact id: '5ac889498197085a95ab8ecc71a2814c') in 0.0040367 seconds
Start importing Packages/com.unity.render-pipelines.universal/Runtime/RendererFeatures/SurfaceCacheGI/Debug.compute using Guid(4d40202dfa5473d44bcdc97e00d74703) (ComputeShaderImporter) -> (artifact id: '171531c466d3941b2e67ede484b5a663') in 0.0041771 seconds
Start importing Packages/com.unity.render-pipelines.universal/Runtime/RendererFeatures/SurfaceCacheGI/ScreenResolveLookup.compute using Guid(4d271c06564c6784392d81f949558e5c) (ComputeShaderImporter) -> (artifact id: 'e8306ef67fe8586b75331341884b5b8d') in 0.0041673 seconds
Start importing Packages/com.unity.render-pipelines.core/Runtime/UnifiedRayTracing/Compute/RadeonRays/kernels/block_scan.compute using Guid(4d6d5de35fa45ef4a92119397a045cc9) (ComputeShaderImporter) -> (artifact id: '0434d32f03cbc996b7a50cd04e34d3c0') in 0.0014919 seconds
Start importing Packages/com.unity.render-pipelines.universal/Shaders/SimpleLit.shader using Guid(8d2bb70cbf9db8d4da26e15b26e74248) (ShaderImporter) -> (artifact id: '41663acd4c275df0d133cef051ee86d2') in 0.0223597 seconds
Start importing Assets/TextMesh Pro/Shaders/TMP_SDF Overlay.shader using Guid(dd89cf5b9246416f84610a006f916af7) (ShaderImporter) -> (artifact id: 'e76b93c369f4a81d0e81c7d217f57145') in 0.0028712 seconds
Start importing Packages/com.unity.render-pipelines.core/Runtime/RenderPipelineResources/GPUDriven/InstanceWindDataUpdateKernels.compute using Guid(fde76746e4fd0ed418c224f6b4084114) (ComputeShaderImporter) -> (artifact id: 'a459d73b74d62cb0f4e6c215e7991e4a') in 0.0024685 seconds
Start importing Assets/TextMesh Pro/Shaders/TMP_Bitmap-Mobile.shader using Guid(1e3b057af24249748ff873be7fafee47) (ShaderImporter) -> (artifact id: '50fb9a06d6657ddb22411f589475593d') in 0.0025013 seconds
Start importing Packages/com.unity.render-pipelines.universal/Shaders/PostProcessing/CameraMotionBlur.shader using Guid(1edcd131364091c46a17cbff0b1de97a) (ShaderImporter) -> (artifact id: '104151a4eb64c95cdd375a864d0bc10d') in 0.0104799 seconds
Start importing Packages/com.unity.render-pipelines.universal/Shaders/2D/Mesh2D-Lit-Default.shader using Guid(4e90a8289da1f3943885176e4f83e35c) (ShaderImporter) -> (artifact id: '64a50d3c9ff4b444dc5eec9ac564b55b') in 0.0074727 seconds
Start importing Packages/com.unity.render-pipelines.core/Runtime/UnifiedRayTracing/Compute/RadeonRays/kernels/block_reduce_part.compute using Guid(4e034cc8ea2635c4e9f063e5ddc7ea7a) (ComputeShaderImporter) -> (artifact id: '3b24ba4e3ea41b6cf04fc331a0c34e53') in 0.0016819 seconds
Start importing Packages/com.unity.render-pipelines.universal/Shaders/PostProcessing/GaussianDepthOfField.shader using Guid(5e7134d6e63e0bc47a1dd2669cedb379) (ShaderImporter) -> (artifact id: '7dc76ae8d6193036e7e89f405fc78fbc') in 0.0102546 seconds
Start importing Packages/com.unity.render-pipelines.universal/Shaders/Nature/SpeedTree7Billboard.shader using Guid(5ec81c81908db34429b4f6ddecadd3bd) (ShaderImporter) -> (artifact id: 'e60922dc528909d262f0ca191a6a7018') in 0.0181659 seconds
Start importing Packages/com.unity.render-pipelines.universal/Shaders/2D/Shadow2D-Projected.shader using Guid(ce09d4a80b88c5a4eb9768fab4f1ee00) (ShaderImporter) -> (artifact id: '747efb30a68177c2f6f2c04b244e12ef') in 0.0050119 seconds
Start importing Packages/com.unity.render-pipelines.universal/Shaders/2D/Shadow2D-Unshadow-Sprite.shader using Guid(de02b375720b5c445afe83cd483bedf3) (ShaderImporter) -> (artifact id: '1fcdedeed70b720ffa46d33d4f71342d') in 0.004707 seconds
Start importing Packages/com.unity.render-pipelines.universal/Shaders/ComplexLit.shader using Guid(ee7e4c9a5f6364b688a332c67fc32cca) (ShaderImporter) -> (artifact id: '338a4b197f5f9d5442a4f53459688663') in 0.0226969 seconds
Start importing Assets/TextMesh Pro/Shaders/TMP_SDF-Mobile.shader using Guid(fe393ace9b354375a9cb14cdbbc28be4) (ShaderImporter) -> (artifact id: '91c6b7e572339cd79acd5c95be38c8bf') in 0.0027073 seconds
Start importing Packages/com.unity.render-pipelines.universal/Runtime/RendererFeatures/OnTileUberPost.shader using Guid(fe4f13c1004a07d4ea1e30bfd0326d9e) (ShaderImporter) -> (artifact id: '04bd91b95a8b7ae70fa401355b085e4b') in 0.0131431 seconds
Start importing Packages/com.unity.render-pipelines.universal/Shaders/Nature/SpeedTree7.shader using Guid(0f4122b9a743b744abe2fb6a0a88868b) (ShaderImporter)Shader 'Universal Render Pipeline/Nature/SpeedTree7': dependency 'BillboardShader' shader 'Universal Render Pipeline/Nature/SpeedTree7 Billboard' not found
Shader 'Universal Render Pipeline/Nature/SpeedTree7': dependency 'BillboardShader' shader 'Universal Render Pipeline/Nature/SpeedTree7 Billboard' not found
 -> (artifact id: 'e336d69d897902ff38b5cbff5530b6c4') in 0.0192443 seconds
Start importing Packages/com.unity.render-pipelines.universal/Shaders/Utils/ScreenSpaceShadows.shader using Guid(0f854b35a0cf61a429bd5dcfea30eddd) (ShaderImporter) -> (artifact id: '72d382f618a7109b79b361a2f9145237') in 0.006157 seconds
Start importing Packages/com.unity.render-pipelines.universal/Shaders/2D/Light2D.shader using Guid(3f6c848ca3d7bca4bbe846546ac701a1) (ShaderImporter) -> (artifact id: 'c060eefd4b47b6cffab112418ff04dc1') in 0.004573 seconds
Start importing Packages/com.unity.render-pipelines.universal/Shaders/PostProcessing/Bloom.shader using Guid(5f1864addb451f54bae8c86d230f736e) (ShaderImporter) -> (artifact id: '155f925420275c042ae04bb9c465638e') in 0.012831 seconds
Start importing Packages/com.unity.render-pipelines.universal/Shaders/Utils/MaterialError.shader using Guid(5fd9a8feb75a4b5894c241777f519d4e) (ShaderImporter) -> (artifact id: 'e20ae66d95d6185b20c506d0598bf04c') in 0.003443 seconds
Start importing Packages/com.unity.render-pipelines.universal/Shaders/Utils/FallbackLoading.shader using Guid(7f888aff2ac86494babad1c2c5daeee2) (ShaderImporter) -> (artifact id: 'f877d9916482a24869b13bdde8b786e4') in 0.0034846 seconds
Start importing Packages/com.unity.render-pipelines.universal/Shaders/Terrain/TerrainLitBasemapGen.shader using Guid(8fbe92a9edfe6074e841d6dd1509bc59) (ShaderImporter) -> (artifact id: '1133ea1c5f5b6b27b949c46f10fae534') in 0.0092536 seconds
Start importing Packages/com.unity.render-pipelines.core/Runtime/Debug/ProbeVolumeSamplingDebug.shader using Guid(bf54e6528c79a224e96346799064c393) (ShaderImporter) -> (artifact id: 'b3dbfff061c6a6ebbbe1416d204b0d78') in 0.00377 seconds
Start importing Assets/TextMesh Pro/Shaders/TMP_Sprite.shader using Guid(cf81c85f95fe47e1a27f6ae460cf182c) (ShaderImporter) -> (artifact id: 'd6b7a9a2fc4e0cb0a1df5886307e143c') in 0.002335 seconds
Start importing Packages/com.unity.render-pipelines.universal/Shaders/Debug/DebugReplacement.shader using Guid(cf852408f2e174538bcd9b7fda1c5ae7) (ShaderImporter) -> (artifact id: 'adc8b87334148af2493652d7f499aced') in 0.0075849 seconds
Start importing Packages/com.unity.render-pipelines.universal/Runtime/Materials/Decal.mat using Guid(31d0dcc6f2dd4e4408d18036a2c93862) (NativeFormatImporter) -> (artifact id: '8f3d32c29394a79b41f28a25b53defe8') in 0.0013861 seconds
Start importing Packages/com.unity.render-pipelines.universal/Runtime/Materials/Lit.mat using Guid(31321ba15b8f8eb4c954353edc038b1d) (NativeFormatImporter) -> (artifact id: '960643f9fe6857c5d72b0d2fd2085c0e') in 0.0010035 seconds
Start importing Packages/com.unity.render-pipelines.universal/Runtime/Materials/Mesh2D-Unlit-Default.mat using Guid(71942363c5608a64bb62421349d39c9c) (NativeFormatImporter) -> (artifact id: 'ef7311a66811940111367c78fa0cdd5d') in 0.0023649 seconds
Start importing Packages/com.unity.render-pipelines.universal/Editor/SceneTemplates/Materials/Emissive.mat using Guid(92f845725428c954b878da352f657fe5) (NativeFormatImporter) -> (artifact id: 'b1f26f5eeb8ffbff6a8f6611506c4115') in 0.0017594 seconds
Start importing Packages/com.unity.render-pipelines.universal/Editor/SceneTemplates/Materials/Gold.mat using Guid(c2e40fa84d53ccd428f640eac126b1fb) (NativeFormatImporter) -> (artifact id: '9f9661d44e363023702c87ca4956e3f6') in 0.0009998 seconds
Start importing Packages/com.unity.render-pipelines.universal/Editor/SceneTemplates/Materials/Metal_Black.mat using Guid(b34b07a45ba63ce47896c9e674f3a7a7) (NativeFormatImporter) -> (artifact id: '2e543c70b0a48798291a154a0176c0e2') in 0.0008895 seconds
Start importing Packages/com.unity.render-pipelines.universal/Runtime/Materials/Mesh2D-Lit-Default.mat using Guid(9452ae1262a74094f8a68013fbcd1834) (NativeFormatImporter) -> (artifact id: 'a9f6a1c64081483a70fbc1be53f18baa') in 0.0007588 seconds
Start importing Packages/com.unity.render-pipelines.universal/Runtime/Materials/SpriteMask-Default.mat using Guid(15d0c3709176029428a0da2f8cecf0b5) (NativeFormatImporter) -> (artifact id: '9b9123c1145efbdb38e316f85cad951e') in 0.0007748 seconds
Start importing Packages/com.unity.render-pipelines.universal/Runtime/Materials/SpatialMappingOcclusion.mat using Guid(b51db210fe78df745a372851b3db949e) (NativeFormatImporter) -> (artifact id: 'e725b235a682e6bf286c10ab07552b74') in 0.0012397 seconds
Start importing Packages/com.unity.render-pipelines.universal/Editor/SceneTemplates/Materials/Ground.mat using Guid(761d8e1f988ed2345a28312145c79c6e) (NativeFormatImporter) -> (artifact id: '27ce923cbd5bcc4047b0e855e6fb0af9') in 0.0008967 seconds
Start importing Packages/com.unity.render-pipelines.universal/Runtime/Materials/RenderAs2D-Flattening.mat using Guid(b697f6a938056384e968ccf6527dac83) (NativeFormatImporter) -> (artifact id: '5ecfe90ca8080262222ed764ee85060b') in 0.0011283 seconds
Start importing Assets/Resources/GameFoundation/anim_clips/hit.anim using Guid(375c93faf8e2d5a48a87fa1c911c656b) (NativeFormatImporter) -> (artifact id: '57d28b9d254fe432e98b44d1639d90d8') in 0.0010488 seconds
Start importing Assets/TextMesh Pro/Resources/Fonts & Materials/LiberationSans SDF - Drop Shadow.mat using Guid(e73a58f6e2794ae7b1b7e50b7fb811b0) (NativeFormatImporter) -> (artifact id: '53cd7411e8ddcc0d67023915d3374914') in 0.0012241 seconds
Start importing Assets/Resources/GameFoundation/anim_clips/idle.anim using Guid(f7686ea41d2ead14a99469535e27cd37) (NativeFormatImporter) -> (artifact id: 'aefdc80b15e0143a05df9aa0821fb8e8') in 0.0007799 seconds
Start importing Packages/com.unity.render-pipelines.universal/Runtime/Materials/FullscreenInvertColors.mat using Guid(78a08787ca30045abb69f6f7dd878e09) (NativeFormatImporter) -> (artifact id: 'ee24d1240c4d3093a35a8ce9cd6a6123') in 0.0008935 seconds
Start importing Packages/com.unity.render-pipelines.universal/Runtime/Materials/SpatialMappingWireframe.mat using Guid(9875a245ac49007498213638a307faa1) (NativeFormatImporter) -> (artifact id: '40a3a03ad30c23572795ee7951b74454') in 0.0012256 seconds
Start importing Packages/com.unity.render-pipelines.universal/Runtime/Materials/ParticlesUnlit.mat using Guid(e823cd5b5d27c0f4b8256e7c12ee3e6d) (NativeFormatImporter) -> (artifact id: 'aa862bff269d59d834f13819255630e6') in 0.000805 seconds
Start importing Packages/com.unity.render-pipelines.universal/Runtime/Materials/TerrainLit.mat using Guid(594ea882c5a793440b60ff72d896021e) (NativeFormatImporter) -> (artifact id: '32c0756065a4c99773d8b19abfdb7370') in 0.0007702 seconds
Start importing Assets/TextMesh Pro/Resources/Fonts & Materials/LiberationSans SDF - Outline.mat using Guid(79459efec17a4d00a321bdcc27bbc385) (NativeFormatImporter) -> (artifact id: 'b4a32ea08af8e5f658044d3fd454ceeb') in 0.0007823 seconds
Start importing Packages/com.unity.render-pipelines.universal/Editor/SceneTemplates/Indoors.scenetemplate using Guid(89b1eb68090237240966320a7a94784d) (NativeFormatImporter) -> (artifact id: '8ca52a63375871e742f0bd6adc0ab7de') in 0.0075425 seconds
Start importing Packages/com.unity.render-pipelines.universal/Runtime/Materials/Sprite-Lit-Default.mat using Guid(a97c105638bdf8b4a8650670310a4cd3) (NativeFormatImporter) -> (artifact id: '6b65b378b739cf40c13c1e455b16dff7') in 0.0009926 seconds
Start importing Packages/com.unity.render-pipelines.universal/Editor/SceneTemplates/Materials/White.mat using Guid(f96821bbefeea864b9b418af4b8615ac) (NativeFormatImporter) -> (artifact id: 'b0a10ce88eba78cadb227317064359ad') in 0.001232 seconds
Start importing Packages/com.unity.render-pipelines.universal/Runtime/Materials/SimpleLit.mat using Guid(6a1143ee683302f4aa628c052723efc1) (NativeFormatImporter) -> (artifact id: '4e947c4ad6c49ec8c3dbccd89f2ba9c5') in 0.0017329 seconds
Start importing Packages/com.unity.render-pipelines.universal/Runtime/RendererFeatures/SurfaceCacheGI/FallbackMaterial.mat using Guid(8a239b3da89050c4e89ac06b168fc684) (NativeFormatImporter) -> (artifact id: '365f287f19db505f8da5f5a7aa1bdbca') in 0.0014274 seconds
Start importing Assets/Resources/GameFoundation/anim_clips/attack.anim using Guid(9c2e141a8a8b5564fbfe6f64d3258e66) (NativeFormatImporter) -> (artifact id: 'a6d781ae42314e6f860b664a45bfa610') in 0.0009229 seconds
Start importing Assets/Resources/GameFoundation/anim_clips/test_autoexit.anim using Guid(cc33c494d4c44a947b93f486f1b5eb87) (NativeFormatImporter) -> (artifact id: 'fbc299b8e494870b189eb84c1de966bf') in 0.0008726 seconds
Start importing Packages/com.unity.render-pipelines.universal/Editor/SceneTemplates/Standard.scenetemplate using Guid(9d187c8728d2b4c398f45befcacc2827) (NativeFormatImporter) -> (artifact id: '07073d9b0154803a34ceafbe0c05fae5') in 0.0066584 seconds
Start importing Packages/com.unity.render-pipelines.universal/Runtime/Materials/Sprite-Unlit-Default.mat using Guid(9dfc825aed78fcd4ba02077103263b40) (NativeFormatImporter) -> (artifact id: '3535407266e63a704ebed07394e8e29d') in 0.0009501 seconds
Start importing Packages/com.unity.render-pipelines.universal/Editor/SceneTemplates/Basic.scenetemplate using Guid(3f9cc3f14b0454fa7b997b33a99d539f) (NativeFormatImporter) -> (artifact id: 'fa10ce461e7017805c61926a11c21995') in 0.0056662 seconds
Start importing Packages/com.unity.render-pipelines.universal/Editor/SceneTemplates/Materials/Black.mat using Guid(4f1ef37ae953c484bbc5d5e4049147e5) (NativeFormatImporter) -> (artifact id: 'c073248664ba5268b69bc9cf80293393') in 0.0014136 seconds
Start importing Assets/Resources/GameFoundation/anim_clips/cast.anim using Guid(efa6a3026e005e24396a22af4096a75a) (NativeFormatImporter) -> (artifact id: 'e6b6bc138766158e8c7b4916f237fe07') in 0.0012635 seconds
Start importing Packages/com.unity.searcher/Editor/Resources/FlatSkin/Font/Roboto-Black.ttf using Guid(1062c701058745940ae5dca6219c64c8) (TrueTypeFontImporter) -> (artifact id: 'fcfd246391a0ea71ca2a779a06bcb3ac') in 0.0059637 seconds
Start importing Packages/com.unity.searcher/Editor/Resources/FlatSkin/Font/Roboto-Regular.ttf using Guid(30dc370b164eefc43b95744fc796dad0) (TrueTypeFontImporter) -> (artifact id: 'e88265dec696838b96bfa89259eca3ee') in 0.0032801 seconds
Start importing Packages/com.unity.searcher/Editor/Resources/FlatSkin/Font/Roboto-ThinItalic.ttf using Guid(b2ea3b3f1765e544b9eb5bd1a93a91ce) (TrueTypeFontImporter) -> (artifact id: 'ebed3587f31469b7ed1f215111200e64') in 0.002273 seconds
Start importing Assets/TextMesh Pro/Fonts/LiberationSans.ttf using Guid(e3265ab4bf004d28a9537516768c1c75) (TrueTypeFontImporter) -> (artifact id: 'f6eeb5eb2da53984d52eb47713930cc6') in 0.2477174 seconds
Start importing Packages/com.unity.render-pipelines.core/Runtime/Debugging/Prefabs/Fonts/PerfectDOSVGA437.ttf using Guid(74a5091d8707f334b9a5c31ef71a64ba) (TrueTypeFontImporter) -> (artifact id: '17baae82c87969a57920915e78c06aca') in 0.0017283 seconds
Start importing Packages/com.unity.searcher/Editor/Resources/FlatSkin/Font/Roboto-Medium.ttf using Guid(a51a3aebb43ac044989270407476b208) (TrueTypeFontImporter) -> (artifact id: 'c7ced244834c79c4d9a56b36e5ad331e') in 0.0015625 seconds
Start importing Packages/com.unity.searcher/Editor/Resources/FlatSkin/Font/Roboto-Bold.ttf using Guid(3750c318f40cab44a97d3a81beaefeb3) (TrueTypeFontImporter) -> (artifact id: '77cfd2f7ac0b12233821a3de72324c7e') in 0.0017288 seconds
Start importing Packages/com.unity.searcher/Editor/Resources/FlatSkin/Font/Roboto-Italic.ttf using Guid(c839255fc8f6b4b4d90bf8c1af9f9bd1) (TrueTypeFontImporter) -> (artifact id: '34aea38e6f5ad75c669903fb2eec0ef8') in 0.0014593 seconds
Start importing Packages/com.unity.searcher/Editor/Resources/FlatSkin/Font/Roboto-Thin.ttf using Guid(19a9abb883540be48b75b951a927ae03) (TrueTypeFontImporter) -> (artifact id: 'e8d19da7ff636d3206784d80f5127fa1') in 0.0014786 seconds
Start importing Packages/com.unity.searcher/Editor/Resources/FlatSkin/Font/Roboto-MediumItalic.ttf using Guid(d93c1bc57fdf1ac4dad1bf04fac05464) (TrueTypeFontImporter) -> (artifact id: 'ab2288725cdc36cc9451e88898f02f8a') in 0.0014772 seconds
Start importing Packages/com.unity.searcher/Editor/Resources/FlatSkin/Font/Roboto-BlackItalic.ttf using Guid(f95147a9bab9fe649b8070170fa7ebd2) (TrueTypeFontImporter) -> (artifact id: '9c0c207a65eaebb5461a5bd9b6761002') in 0.0015264 seconds
Start importing Packages/com.unity.searcher/Editor/Resources/FlatSkin/Font/Roboto-Light.ttf using Guid(2a29e27936eb547458f646f71125b264) (TrueTypeFontImporter) -> (artifact id: '8f695168e63791c8e295a36a555f03a5') in 0.0017451 seconds
Start importing Assets/Framework/Resources/Fonts/noto_sans_cjk_sc.otf using Guid(db21497e60977de40bde9f2b5101b334) (TrueTypeFontImporter) -> (artifact id: '159a17a70e60302b5647a99e0760f3e9') in 0.0218694 seconds
Start importing Packages/com.unity.searcher/Editor/Resources/FlatSkin/Font/Roboto-LightItalic.ttf using Guid(5e63515167650a541b309ba3bfd4db3d) (TrueTypeFontImporter) -> (artifact id: '06e9040f082a33cb064bc66f23766c41') in 0.0018809 seconds
Start importing Packages/com.unity.searcher/Editor/Resources/FlatSkin/Font/Roboto-BoldItalic.ttf using Guid(dfb97a9307a577a41bcacba34b9a7e32) (TrueTypeFontImporter) -> (artifact id: 'd506485d512ee8ab5f45626384ac7773') in 0.001478 seconds
Start importing Packages/com.unity.shadergraph/GraphTemplates/Subgraphs/Terrain/Pack Material.shadersubgraph using Guid(3039d6867ed141b44b3463a76cabd45c) (ScriptedImporter) -> (artifact id: '22f2020132128533d26c65cef4fe299e') in 0.0945787 seconds
Start importing Packages/com.unity.shadergraph/GraphTemplates/Subgraphs/UV Scale.shadersubgraph using Guid(60f6b7b276d03134e9b565b19546e94c) (ScriptedImporter) -> (artifact id: '54eee0d42b51d90d8a886018a39abbfc') in 0.0204232 seconds
Start importing Packages/com.unity.shadergraph/ShaderGraphLibrary/Nature/SpeedTree8InterpolatedNormals.shadersubgraph using Guid(b04441f4a83ad224d92d547d170c366b) (ScriptedImporter) -> (artifact id: '9a58ec6a8a74342430a5dfc5eb13fcea') in 0.0199151 seconds
Start importing Packages/com.unity.shadergraph/GraphTemplates/Subgraphs/SoftParticles.shadersubgraph using Guid(d0f40856fc355224fab6453746e0507a) (ScriptedImporter) -> (artifact id: '41690afe39fb1f5781d52de02680beaf') in 0.0081258 seconds
Start importing Packages/com.unity.shadergraph/GraphTemplates/Subgraphs/Switch6.shadersubgraph using Guid(b19f392a4817e1340bbaf1045b6e5051) (ScriptedImporter) -> (artifact id: 'e99a755e1601ae324b47c468812d71c1') in 0.007523 seconds
Start importing Packages/com.unity.shadergraph/GraphTemplates/Subgraphs/Face Normal.shadersubgraph using Guid(e1024532a1a801f41a6f45f93c8da7a8) (ScriptedImporter) -> (artifact id: '172cd76c3863750b311b81e7b46cb9f7') in 0.0155715 seconds
Start importing Packages/com.unity.shadergraph/GraphTemplates/Subgraphs/Particle Distortion.shadersubgraph using Guid(e1ea40df0c5f7d14a96e0bac1ae79489) (ScriptedImporter) -> (artifact id: '421087a0a13a34af0df65a70ace4d7b6') in 0.0098911 seconds
Start importing Packages/com.unity.shadergraph/GraphTemplates/Subgraphs/Normal Bending.shadersubgraph using Guid(62a4ab9c203a85c43a5d0847b25fd2a8) (ScriptedImporter) -> (artifact id: '596427577b4a9c5ec8204c1f7be3cc56') in 0.0078976 seconds
Start importing Packages/com.unity.shadergraph/GraphTemplates/Subgraphs/Terrain/Unpack Material.shadersubgraph using Guid(62cd44aa2d94fa442942547943d2b24a) (ScriptedImporter) -> (artifact id: '040ab9c60983432326be981607ebcf28') in 0.0086815 seconds
Start importing Packages/com.unity.shadergraph/ShaderGraphLibrary/Nature/SpeedTree8CameraFacingLeafEffect.shadersubgraph using Guid(8258ab4a37f447c48ac3c26cbdb4c032) (ScriptedImporter) -> (artifact id: 'ed13292224f57330fd1459761d24cfde') in 0.0058614 seconds
Start importing Packages/com.unity.shadergraph/GraphTemplates/Subgraphs/Circle.shadersubgraph using Guid(f20330646a5d9ab4ba73ed235396a7a6) (ScriptedImporter) -> (artifact id: 'e3eb6154e7119f242ec3edc67ab150e4') in 0.0114539 seconds
Start importing Packages/com.unity.shadergraph/GraphTemplates/Subgraphs/Particle Vertex Color.shadersubgraph using Guid(73f7a6a1a6335484ba02a0b8f80fe10c) (ScriptedImporter) -> (artifact id: '36091696c7a1b39cdf887b25b40c082d') in 0.0055846 seconds
Start importing Packages/com.unity.shadergraph/GraphTemplates/Subgraphs/CameraDistanceMask.shadersubgraph using Guid(556dff229d0982b43b52bc3ce1019148) (ScriptedImporter) -> (artifact id: '92d6acfb064d36fb37535434feb2933e') in 0.0059475 seconds
Start importing Packages/com.unity.shadergraph/GraphTemplates/Subgraphs/Terrain/Distance Fade.shadersubgraph using Guid(b374ab41cedfcce4d85380817ce9de7d) (ScriptedImporter) -> (artifact id: 'a5cc66194b57f07069370a534e70e3ea') in 0.0190768 seconds
Start importing Packages/com.unity.shadergraph/GraphTemplates/Subgraphs/FlowMap Time.shadersubgraph using Guid(d3a5ed15ae8578b448a8756ea0b97162) (ScriptedImporter) -> (artifact id: '7192325c0d570ccdba2470836398a3d3') in 0.0105531 seconds
Start importing Packages/com.unity.shadergraph/GraphTemplates/Subgraphs/Terrain/Layer Standard.shadersubgraph using Guid(14f7847555748494e8b3e5cbc8afd15e) (ScriptedImporter) -> (artifact id: '8b8a5841dc9df014937eb7943e6e5f9f') in 0.0170459 seconds
Start importing Packages/com.unity.shadergraph/GraphTemplates/Subgraphs/Particle Camera Fade.shadersubgraph using Guid(648107f3fecbb0f4bb5b8f8476fbb48a) (ScriptedImporter) -> (artifact id: 'cbd281c6af7d49566d02fc57d061fee4') in 0.0057403 seconds
Start importing Packages/com.unity.shadergraph/GraphTemplates/Subgraphs/Canvas Color.shadersubgraph using Guid(74f647076bca3d442bc4a6ace5daf59f) (ScriptedImporter) -> (artifact id: '87b52d14756b193e19d13ea86f563e72') in 0.007445 seconds
Start importing Packages/com.unity.shadergraph/ShaderGraphLibrary/Nature/SpeedTree8LODTransition.shadersubgraph using Guid(74ce720b09dcad14690aca1cb7b6f2dc) (ScriptedImporter) -> (artifact id: '99580bcb4bab3f3098174fe9333bee7a') in 0.0046357 seconds
Start importing Packages/com.unity.shadergraph/ShaderGraphLibrary/Nature/SpeedTree9CameraFacingLeafEffect.shadersubgraph using Guid(153b138ddd88e7b42a0c29bde1e7142c) (ScriptedImporter) -> (artifact id: '1e3876627152b5e31680d2865b295315') in 0.0048559 seconds
Start importing Packages/com.unity.shadergraph/GraphTemplates/Subgraphs/Sample Flipbook.shadersubgraph using Guid(658423db13944174c95e6a25bde1eb66) (ScriptedImporter) -> (artifact id: '81a79afa2c60b3f0d0a17c52df761d59') in 0.0072392 seconds
Start importing Packages/com.unity.shadergraph/GraphTemplates/Subgraphs/FlowMap Sample Normal.shadersubgraph using Guid(7794dc8c6277cb649804d7253e567322) (ScriptedImporter) -> (artifact id: 'ff8dac22d6abf850e40f3fad5ccfbc96') in 0.0085229 seconds
Start importing Packages/com.unity.shadergraph/GraphTemplates/Subgraphs/UV FlowMap.shadersubgraph using Guid(c76da6dceef150547b7030daa98eeda6) (ScriptedImporter) -> (artifact id: 'b174dbe776a747f3ee86b26ef74f6a6e') in 0.0105546 seconds
Start importing Packages/com.unity.shadergraph/GraphTemplates/Subgraphs/Switch4.shadersubgraph using Guid(38026d07e949e0043a9daa90b1917d90) (ScriptedImporter) -> (artifact id: '32d1b708eb1c4690a65003ecc6f803b2') in 0.0074072 seconds
Start importing Packages/com.unity.shadergraph/GraphTemplates/Subgraphs/Terrain/Blend Layers Add.shadersubgraph using Guid(b893f303ffd21324988969130704e4bc) (ScriptedImporter) -> (artifact id: '4b26d626819f0214fe74d4e4da105cb9') in 0.0077988 seconds
Start importing Packages/com.unity.shadergraph/GraphTemplates/Subgraphs/Terrain/Premultiply Layer.shadersubgraph using Guid(d8d596b309d3eaa48bd57234e7567aee) (ScriptedImporter) -> (artifact id: 'f7e8163c53adf376df5ab24d14097343') in 0.0071346 seconds
Start importing Packages/com.unity.shadergraph/ShaderGraphLibrary/Nature/SpeedTree9Wind.shadersubgraph using Guid(e8af7a3452f45f542a042fef4a52065a) (ScriptedImporter) -> (artifact id: 'c8a41df6c617fd91ec9c3174b869e8e8') in 0.0062617 seconds
Start importing Packages/com.unity.shadergraph/ShaderGraphLibrary/Nature/SpeedTree8Billboard.shadersubgraph using Guid(89c32740b629abb41bf9b65e3a64c373) (ScriptedImporter) -> (artifact id: '09dfe287e5e26cf6a61c74d434e23ea9') in 0.014855 seconds
Start importing Packages/com.unity.shadergraph/GraphTemplates/Subgraphs/Terrain/Blend Layers Alpha.shadersubgraph using Guid(990a2f951c73f0449a8596028e51c11e) (ScriptedImporter) -> (artifact id: 'fd2faf7cb9526c2f11a21cbf7f464dfc') in 0.009408 seconds
Start importing Packages/com.unity.shadergraph/GraphTemplates/Subgraphs/UV Halftone.shadersubgraph using Guid(a925de7ea1f0ed04a8b35c2c10fcc1c1) (ScriptedImporter) -> (artifact id: 'e3f58340de59c56b803441e0a6a53993') in 0.0121836 seconds
Start importing Packages/com.unity.shadergraph/GraphTemplates/Subgraphs/UV Distortion.shadersubgraph using Guid(d9fc86ddc060cc44988e8835a3192cb0) (ScriptedImporter) -> (artifact id: '3bd1489afd8c5cc81fadff45db106f22') in 0.008035 seconds
Start importing Packages/com.unity.shadergraph/ShaderGraphLibrary/Nature/SpeedTree8Wind.shadersubgraph using Guid(e9398b7940890a74eafc240b5a593541) (ScriptedImporter) -> (artifact id: 'a9ffc27dfb1ed691eebf24133872e62e') in 0.0064968 seconds
Start importing Packages/com.unity.shadergraph/GraphTemplates/Subgraphs/Sample Flipbook Motion Vector.shadersubgraph using Guid(e98ef91f2346c4c57a3cfbb4347ff978) (ScriptedImporter) -> (artifact id: '9804a7a55c251f081084bbfe35891d3b') in 0.0139878 seconds
Start importing Packages/com.unity.shadergraph/GraphTemplates/Subgraphs/Value Range Remap.shadersubgraph using Guid(3a82744b38735a84fb29cc43c4b41c7d) (ScriptedImporter) -> (artifact id: 'e9edde51104c10a54e06f6e298c074a9') in 0.0086752 seconds
Start importing Packages/com.unity.shadergraph/GraphTemplates/Subgraphs/Decal Edge Mask.shadersubgraph using Guid(ea046900739fbcc4498f7b47f45545c9) (ScriptedImporter) -> (artifact id: '06bf6ef917219a94c708dd4dbda25e67') in 0.0063409 seconds
Start importing Packages/com.unity.shadergraph/GraphTemplates/Subgraphs/ParticleFlipbookBlending.shadersubgraph using Guid(ea87914f38f4183408f6ec6cb547ed94) (ScriptedImporter) -> (artifact id: 'ebfa6389093997c9928fa83a8913ac8f') in 0.006632 seconds
Start importing Packages/com.unity.shadergraph/ShaderGraphLibrary/Nature/SpeedTree8ColorAlpha.shadersubgraph using Guid(1b4ecad27a9bc714e8d3af3ffb8a368c) (ScriptedImporter) -> (artifact id: 'f5d9d38d52f8f0ba35b296c42bd81e20') in 0.0143282 seconds
Start importing Packages/com.unity.shadergraph/GraphTemplates/Subgraphs/Sample Flipbook Blending.shadersubgraph using Guid(3ba4047e0734f2944a3d9b7b015af0ca) (ScriptedImporter) -> (artifact id: 'c7999f0522a6968d08109d0a2989c445') in 0.0081683 seconds
Start importing Packages/com.unity.shadergraph/GraphTemplates/Subgraphs/Terrain/Height Based Splat Modify.shadersubgraph using Guid(3b5d8d8dca1de7240983df8e315a8a01) (ScriptedImporter) -> (artifact id: 'a9fb105b818098ddc2e4c02481e798f9') in 0.0181025 seconds
Start importing Packages/com.unity.shadergraph/GraphTemplates/Subgraphs/Depth Fade.shadersubgraph using Guid(8bbfe621c0368244b80a10cdd14cd70e) (ScriptedImporter) -> (artifact id: '2bb21f98bcffa88ca3f884e5f9e7e5a3') in 0.0085521 seconds
Start importing Packages/com.unity.shadergraph/GraphTemplates/Subgraphs/HeightMask.shadersubgraph using Guid(bb515ce764324b444b925949646460fe) (ScriptedImporter) -> (artifact id: '57ebf81b0f9240e95e6f3160b87a16cd') in 0.0060521 seconds
Start importing Packages/com.unity.shadergraph/GraphTemplates/Subgraphs/FlowMap Sample Texture.shadersubgraph using Guid(dd4e180f1d31c4c4e9d4909d27e6761c) (ScriptedImporter) -> (artifact id: '0b300c4fce65190e22cb27bb51a307df') in 0.0112588 seconds
Start importing Packages/com.unity.shadergraph/GraphTemplates/BuiltIn/BuiltIn Lit Basic.shadergraph using Guid(2019d78ad3d1c5c4a8d309a857ca449f) (ScriptedImporter) -> (artifact id: 'f9c1be7082f2beb3559fa852b5bf16dc') in 0.2317787 seconds
Start importing Packages/com.unity.render-pipelines.universal/Runtime/Materials/ArnoldStandardSurface/ArnoldStandardSurfaceTransparent.shadergraph using Guid(30fa68ce467463643a86b839ca0eb195) (ScriptedImporter) -> (artifact id: 'b4103a586a19897dbc93017517d837b3') in 0.0779202 seconds
Start importing Packages/com.unity.render-pipelines.universal/Shaders/AutodeskInteractive/AutodeskInteractiveMasked.shadergraph using Guid(80aa867ac363ac043847b06ad71604cd) (ScriptedImporter) -> (artifact id: '8e9560b36dd7b3ddf2c280f3137fe60c') in 0.0582781 seconds
Start importing Assets/TextMesh Pro/Shaders/TMP_SDF-URP Unlit.shadergraph using Guid(124c112a6e8f1a54e8b0870e881b56d8) (ScriptedImporter) -> (artifact id: '107ec4dcc91fa6de55966f244e716fa5') in 0.0721535 seconds
Start importing Packages/com.unity.shadergraph/GraphTemplates/Cross Pipeline/0_Lit Basic.shadergraph using Guid(a2407126e3372f64cacb75ed466a5621) (ScriptedImporter) -> (artifact id: '6f8a8f78de5e12a68c01967fe2e5e672') in 0.0551653 seconds
Start importing Assets/TextMesh Pro/Shaders/TMP_SDF-URP Lit.shadergraph using Guid(a3d800b099a06e0478fb790c5e79057a) (ScriptedImporter) -> (artifact id: '702f17de2fa650612983d402a91ab0d0') in 0.0750674 seconds
Start importing Packages/com.unity.shadergraph/GraphTemplates/Cross Pipeline/Unlit Simple.shadergraph using Guid(2476a2d151e824143af40dce1fc93a12) (ScriptedImporter) -> (artifact id: '3cf26812789f3a636735c727ec1d4392') in 0.0435146 seconds
Start importing Packages/com.unity.render-pipelines.universal/Shaders/2D/VFXSpriteLit.shadergraph using Guid(24a73dccd7b6fad4798be282f96a21f4) (ScriptedImporter) -> (artifact id: '8a2bb1e07208bac04e155befe99ff722') in 0.0388788 seconds
Start importing Packages/com.unity.render-pipelines.universal/Runtime/Materials/PhysicalMaterial3DsMax/PhysicalMaterial3DsMax.shadergraph using Guid(44245ab89240f51459a5077d7145c452) (ScriptedImporter) -> (artifact id: 'afa362d825ea462d51e627a255f58ce6') in 0.0869876 seconds
Start importing Packages/com.unity.render-pipelines.universal/Editor/ShaderGraph/GraphTemplates/2D/1_2D Sprite Unlit.shadergraph using Guid(25a0ebb4827f3cc47a1af2c79005f65b) (ScriptedImporter) -> (artifact id: '2367b3ebed6db92ebd9141c9a834c53d') in 0.0470155 seconds
Start importing Packages/com.unity.shadergraph/GraphTemplates/BuiltIn/BuiltIn Unlit Basic.shadergraph using Guid(9618d41bb71f74048bb6cace8785b93d) (ScriptedImporter) -> (artifact id: 'b31bfd44ff15e990a7083285858ac5e2') in 0.158163 seconds
Start importing Packages/com.unity.shadergraph/GraphTemplates/Cross Pipeline/2_Particle Lit.shadergraph using Guid(a680d9a9f8b66514abbfd3ae1c8f77f7) (ScriptedImporter) -> (artifact id: 'e1a234c41a76f0a8b72c9189a0289cfb') in 0.0632426 seconds
Start importing Assets/TextMesh Pro/Shaders/TMP_SDF-HDRP UNLIT.shadergraph using Guid(f63d574838ccfb44f84acc05fed0af48) (ScriptedImporter)WARNING: Shader Unsupported: 'TextMeshPro/SRP/TMP_SDF-HDRP UNLIT' - All subshaders removed
WARNING: Shader Did you use #pragma only_renderers and omit this platform?
WARNING: Shader If subshaders removal was intentional, you may have forgotten turning Fallback off?
WARNING: Shader Unsupported: 'TextMeshPro/SRP/TMP_SDF-HDRP UNLIT' - All subshaders removed
WARNING: Shader Did you use #pragma only_renderers and omit this platform?
WARNING: Shader If subshaders removal was intentional, you may have forgotten turning Fallback off?
WARNING: Shader Unsupported: 'TextMeshPro/SRP/TMP_SDF-HDRP UNLIT' - All subshaders removed
WARNING: Shader Did you use #pragma only_renderers and omit this platform?
WARNING: Shader If subshaders removal was intentional, you may have forgotten turning Fallback off?
WARNING: Shader Unsupported: 'TextMeshPro/SRP/TMP_SDF-HDRP UNLIT' - All subshaders removed
WARNING: Shader Did you use #pragma only_renderers and omit this platform?
WARNING: Shader If subshaders removal was intentional, you may have forgotten turning Fallback off?
 -> (artifact id: '1752d3e688d7873a86f10213e0838fee') in 0.0163757 seconds
Start importing Packages/com.unity.render-pipelines.universal/Editor/ShaderGraph/GraphTemplates/UITKBasicTemplate.shadergraph using Guid(0738648e2f2f84b489a2f0076b69e30a) (ScriptedImporter) -> (artifact id: '1e1bcc1b4e917a92cac3e778164845e2') in 0.0281375 seconds
Start importing Packages/com.unity.shadergraph/GraphTemplates/Cross Pipeline/1_Decal Material Volume.shadergraph using Guid(1716ff8c1e51af14280cc97fbcba3b11) (ScriptedImporter) -> (artifact id: 'a6a9c754a133f641b809dcad17520162') in 0.076894 seconds
Start importing Packages/com.unity.render-pipelines.universal/Runtime/Materials/ArnoldStandardSurface/ArnoldStandardSurface.shadergraph using Guid(3739e562a03fc0b4982d8aa66cc50865) (ScriptedImporter) -> (artifact id: '732d7dfd941d9727c022147b0a595bdf') in 0.0587882 seconds
Start importing Packages/com.unity.render-pipelines.universal/Shaders/2D/VFXSpriteUnlit.shadergraph using Guid(d7288f66e4fb0634c9afef98c31b722a) (ScriptedImporter) -> (artifact id: '7cad7483ec60a25c6444a2237077d9dd') in 0.0382078 seconds
Start importing Packages/com.unity.shadergraph/GraphTemplates/Cross Pipeline/0_Decal Simple.shadergraph using Guid(39144937a5efe954dac51acbbe54157e) (ScriptedImporter) -> (artifact id: 'cfd1c20a9264a33977f631000a46d604') in 0.0574709 seconds
Start importing Packages/com.unity.render-pipelines.universal/Shaders/Nature/SpeedTree8_PBRLit.shadergraph using Guid(9920c1f1781549a46ba081a2a15a16ec) (ScriptedImporter) -> (artifact id: 'dfb74f1a06163b40a908933ab68f47db') in 0.1453006 seconds
Start importing Packages/com.unity.render-pipelines.universal/Runtime/Materials/PhysicalMaterial3DsMax/PhysicalMaterial3DsMaxTransparent.shadergraph using Guid(1a207e3bee00db44b940e6f362a8e148) (ScriptedImporter) -> (artifact id: 'f33a4fb1d399782df7daa5e537828ed1') in 0.0702166 seconds
Start importing Packages/com.unity.shadergraph/GraphTemplates/Cross Pipeline/UGUI Canvas Basic.shadergraph using Guid(5a4a765e921b8554eb959f7cf697b3be) (ScriptedImporter) -> (artifact id: '121dbd91af37347cab32ffde890b9591') in 0.0321661 seconds
Start importing Assets/TextMesh Pro/Shaders/TMP_SDF-HDRP LIT.shadergraph using Guid(ca2ed216f98028c4dae6c5224a952b3c) (ScriptedImporter)WARNING: Shader Unsupported: 'TextMeshPro/SRP/TMP_SDF-HDRP LIT' - All subshaders removed
WARNING: Shader Did you use #pragma only_renderers and omit this platform?
WARNING: Shader If subshaders removal was intentional, you may have forgotten turning Fallback off?
WARNING: Shader Unsupported: 'TextMeshPro/SRP/TMP_SDF-HDRP LIT' - All subshaders removed
WARNING: Shader Did you use #pragma only_renderers and omit this platform?
WARNING: Shader If subshaders removal was intentional, you may have forgotten turning Fallback off?
WARNING: Shader Unsupported: 'TextMeshPro/SRP/TMP_SDF-HDRP LIT' - All subshaders removed
WARNING: Shader Did you use #pragma only_renderers and omit this platform?
WARNING: Shader If subshaders removal was intentional, you may have forgotten turning Fallback off?
WARNING: Shader Unsupported: 'TextMeshPro/SRP/TMP_SDF-HDRP LIT' - All subshaders removed
WARNING: Shader Did you use #pragma only_renderers and omit this platform?
WARNING: Shader If subshaders removal was intentional, you may have forgotten turning Fallback off?
 -> (artifact id: 'b113aac12bfd436117790d8e9dcd8504') in 0.038593 seconds
Start importing Packages/com.unity.render-pipelines.universal/Shaders/Decal.shadergraph using Guid(9b4e681081e2b4c469111bb649e2f7ee) (ScriptedImporter) -> (artifact id: 'a7606a859af868e1472f722a313d3939') in 0.0566064 seconds
Start importing Packages/com.unity.render-pipelines.universal/Shaders/Nature/SpeedTree9_URP.shadergraph using Guid(cbd3e1cc4ae141c42a30e33b4d666a61) (ScriptedImporter) -> (artifact id: '2711708c30ffa585ce2ae6de0f331cab') in 0.0894719 seconds
Start importing Packages/com.unity.render-pipelines.universal/Shaders/FullscreenInvertColors.shadergraph using Guid(fb6390f650ca44a5ba3246d8dda47927) (ScriptedImporter) -> (artifact id: 'c7b1ddeb1bfc9eb6c6000c4efa09a150') in 0.0239276 seconds
Start importing Packages/com.unity.render-pipelines.universal/Shaders/AutodeskInteractive/AutodeskInteractiveTransparent.shadergraph using Guid(5c81372d981403744adbdda4433c9c11) (ScriptedImporter) -> (artifact id: '7614ee40ab1b43bb5f7058694cb1e8ac') in 0.0632422 seconds
Start importing Packages/com.unity.render-pipelines.universal/Editor/ShaderGraph/GraphTemplates/Terrain Standard 4 Layers URP.shadergraph using Guid(bc3def193b270c649b041063a70a1a1f) (ScriptedImporter)Shader 'Hidden/Terrain/Terrain Standard 4 Layers URP': dependency 'AddPassShader' shader 'Hidden/Hidden/Terrain/Terrain Standard 4 Layers URP_AddPass' not found
Shader 'Hidden/Terrain/Terrain Standard 4 Layers URP': dependency 'BaseMapGenShader' shader 'Hidden/Hidden/Terrain/Terrain Standard 4 Layers URP_BaseMapGen' not found
Shader 'Hidden/Terrain/Terrain Standard 4 Layers URP': dependency 'BaseMapShader' shader 'Hidden/Universal Render Pipeline/Terrain/Lit (Base Pass)' not found
Shader 'Hidden/Terrain/Terrain Standard 4 Layers URP': dependency 'AddPassShader' shader 'Hidden/Hidden/Terrain/Terrain Standard 4 Layers URP_AddPass' not found
Shader 'Hidden/Terrain/Terrain Standard 4 Layers URP': dependency 'BaseMapGenShader' shader 'Hidden/Hidden/Terrain/Terrain Standard 4 Layers URP_BaseMapGen' not found
Shader 'Hidden/Terrain/Terrain Standard 4 Layers URP': dependency 'BaseMapShader' shader 'Hidden/Universal Render Pipeline/Terrain/Lit (Base Pass)' not found
 -> (artifact id: '1faf0acbe1b5576b00b6782fb19adad6') in 0.1774877 seconds
Start importing Packages/com.unity.shadergraph/GraphTemplates/Cross Pipeline/UGUI Canvas Meter.shadergraph using Guid(9d4e8ca8c5046914c87ca6ccef140dac) (ScriptedImporter) -> (artifact id: 'c1af70415521a5d6d71088e1f213f4a2') in 0.0269755 seconds
Start importing Packages/com.unity.render-pipelines.universal/Editor/ShaderGraph/GraphTemplates/2D/0_2D Sprite Lit.shadergraph using Guid(bde135b320597544b9ac325092409f8b) (ScriptedImporter) -> (artifact id: 'a6807364465b8915d570dad98e454703') in 0.0366142 seconds
Start importing Packages/com.unity.render-pipelines.universal/Shaders/AutodeskInteractive/AutodeskInteractive.shadergraph using Guid(0e9d5a909a1f7e84882a534d0d11e49f) (ScriptedImporter) -> (artifact id: '9d418e49fd2174f57b1baf7c12242bb2') in 0.0854254 seconds
Start importing Packages/com.unity.render-pipelines.universal/Editor/ShaderGraph/GraphTemplates/UITKFullTemplate.shadergraph using Guid(3e01bbae25716b24ea9da11102b44902) (ScriptedImporter) -> (artifact id: 'b19d9205b6a4d7124465a60ce13ecf68') in 0.0211212 seconds
Start importing Packages/com.unity.shadergraph/GraphTemplates/Custom Render Texture.shadergraph using Guid(7ef2cf71ad164fe479662ae612dff99e) (ScriptedImporter) -> (artifact id: '1bec025da4b8c728cce6f11cb32c0017') in 0.0106621 seconds
Start importing Packages/com.unity.shadergraph/GraphTemplates/Cross Pipeline/1_Lit Full.shadergraph using Guid(aee84ce0dab81b049bb88017d78a63cd) (ScriptedImporter) -> (artifact id: '3f72c7507fb25c3a9d27ce361e7588cc') in 0.1030032 seconds
Start importing Packages/com.unity.shadergraph/GraphTemplates/Cross Pipeline/Terrain Simple.shadergraph using Guid(def488a52add6574d9f295a507032cb8) (ScriptedImporter)Shader 'Hidden/Terrain/Terrain Simple': dependency 'AddPassShader' shader 'Hidden/Hidden/Terrain/Terrain Simple_AddPass' not found
Shader 'Hidden/Terrain/Terrain Simple': dependency 'BaseMapGenShader' shader 'Hidden/Hidden/Terrain/Terrain Simple_BaseMapGen' not found
Shader 'Hidden/Terrain/Terrain Simple': dependency 'BaseMapShader' shader 'Hidden/Universal Render Pipeline/Terrain/Lit (Base Pass)' not found
Shader 'Hidden/Terrain/Terrain Simple': dependency 'AddPassShader' shader 'Hidden/Hidden/Terrain/Terrain Simple_AddPass' not found
Shader 'Hidden/Terrain/Terrain Simple': dependency 'BaseMapGenShader' shader 'Hidden/Hidden/Terrain/Terrain Simple_BaseMapGen' not found
Shader 'Hidden/Terrain/Terrain Simple': dependency 'BaseMapShader' shader 'Hidden/Universal Render Pipeline/Terrain/Lit (Base Pass)' not found
 -> (artifact id: '09fc3d4cefb9c48d83f5d257a10e873f') in 0.1411019 seconds
Start importing Packages/com.unity.shadergraph/GraphTemplates/Cross Pipeline/0_Particle Unlit.shadergraph using Guid(af66091e0eca0c04a9c3584ae867418a) (ScriptedImporter) -> (artifact id: '82f79024b396af2c9c9252521351f8dc') in 0.0412342 seconds
Start importing Packages/com.unity.render-pipelines.universal/Editor/ShaderGraph/GraphTemplates/2D/2_2D Sprite Custom Lit.shadergraph using Guid(bfad0aba0faa90547b68abd10bb6be86) (ScriptedImporter) -> (artifact id: '7020184c1c4e72f5ec09dba96f983765') in 0.0421622 seconds
Start importing Packages/com.unity.render-pipelines.universal/Editor/ShaderGraph/GraphTemplates/Fullscreen Basic URP.shadergraph using Guid(df41eefe8c13d444ca890dddbbc61f8d) (ScriptedImporter) -> (artifact id: 'd53dfa04293dbdecc4537cb6338a4478') in 0.0239074 seconds
Start importing Packages/com.unity.render-pipelines.core/Runtime/Debug/ProbeSamplingDebugMesh.fbx using Guid(20be25aac4e22ee49a7db76fb3df6de2) (FBXImporter) -> (artifact id: '070d409d6c05634f807de24cfe81d438') in 0.0164919 seconds
Start importing Packages/com.unity.render-pipelines.core/Runtime/RenderPipelineResources/Mesh/SamplesFixture.fbx using Guid(b28fa67a0ff82c5478f27368dc627683) (FBXImporter) -> (artifact id: 'a0f2bfb54cf8f81ebb1826b1b3f553b5') in 0.0431086 seconds
Start importing Packages/com.unity.render-pipelines.core/Runtime/RenderPipelineResources/Mesh/UnityMaterialBall.fbx using Guid(39857cfad1651644682ff5b772e6e697) (FBXImporter) -> (artifact id: 'a8b34834223acd6d4e22e0a1d76b53c4') in 0.0389753 seconds
Start importing Packages/com.unity.render-pipelines.core/Runtime/RenderPipelineResources/Mesh/BackgroundMesh.fbx using Guid(b9ae429aca254fa41966db24b9e53232) (FBXImporter) -> (artifact id: '0d359e3b0203a849bd2a4595c21e6560') in 0.0115267 seconds
Start importing Packages/com.unity.render-pipelines.core/Runtime/RenderPipelineResources/Mesh/SamplesFloorSpotlight.fbx using Guid(1dbf28c1bb322474d981b2dc555e28b0) (FBXImporter) -> (artifact id: '45478e9e8914bf97dcf51a84c34e895f') in 0.0109726 seconds
Start importing Packages/com.unity.render-pipelines.core/Runtime/RenderPipelineResources/Mesh/SamplesSpotlightModel.fbx using Guid(4e8732d4875cc0647b52b55a218072b6) (FBXImporter) -> (artifact id: '7d48402043a63cb5286a9aa2e41dd794') in 0.0159677 seconds
Start importing Packages/com.unity.render-pipelines.core/Editor/Resources/DebugProbe.fbx using Guid(9e1c97fc44f9a8744b61b58f72c56de4) (FBXImporter) -> (artifact id: '32470fec15c74da940e96d51fd9b0e86') in 0.0099069 seconds
Start importing Assets/Resources/GameFoundation/models/placeholder_biped.controller using Guid(ef55db826896f5f4cadc22f5493ff2fd) (NativeFormatImporter) -> (artifact id: '4412a40b7f0cd50711897cd1f54cf494') in 0.0022098 seconds
Start importing Packages/com.unity.render-pipelines.universal/Editor/SceneTemplates/Standard/GlobalVolumeProfile.asset using Guid(103b0616690034ca1a309e958ed431fc) (NativeFormatImporter) -> (artifact id: 'ae47e29d22d99c727ee8075492dd13c4') in 0.0009324 seconds
Start importing Packages/com.unity.render-pipelines.core/Editor/Icons/Processed/PassInspector Icon.asset using Guid(f07c8ecc9e9de7842ab9c99a9256ff7d) (NativeFormatImporter) -> (artifact id: '8e5ad2632b106e26212037a1b9f6fcd1') in 0.0011396 seconds
Start importing Packages/com.unity.render-pipelines.universal/Runtime/Data/PostProcessData.asset using Guid(41439944d30ece34e96484bdb6645b55) (NativeFormatImporter) -> (artifact id: '773dd7a50e62e00d2090db9f310907fb') in 0.0133834 seconds
Start importing Assets/Settings/URP-2D-Pipeline.asset using Guid(62cac23a01ff6a8409efab1f6eca46b4) (NativeFormatImporter) -> (artifact id: '90adde7591f3766391b1463e001da96f') in 0.0010342 seconds
Start importing Packages/com.unity.render-pipelines.core/Editor/Icons/Processed/d_DecalProjector Icon.asset using Guid(340b2e8f8761e254d8ee52bc663cedbd) (NativeFormatImporter) -> (artifact id: 'a9926f4c8cebc2707ad671d8912be8af') in 0.0026667 seconds
Start importing Assets/TextMesh Pro/Resources/Sprite Assets/EmojiOne.asset using Guid(c41005c129ba4d66911b75229fd70b45) (NativeFormatImporter) -> (artifact id: '8df7cf665830f22ab29d1c7b38a9e98a') in 0.0033563 seconds
Start importing Packages/com.unity.render-pipelines.core/Editor/Icons/Processed/d_VolumeProfile Icon.asset using Guid(150de12d7eed3a2429509ab2146f6345) (NativeFormatImporter) -> (artifact id: '1ec4983a1e76a61eb1ce5f922ddfe738') in 0.003078 seconds
Start importing Packages/com.unity.render-pipelines.universal/Tests/Editor/PostProcessDataTests/PostProcessData BloomPS Different 1.asset using Guid(350a709cf1218764c94f752764b6ab69) (NativeFormatImporter) -> (artifact id: 'f1ce8f5e2f0f402639b2a45f42c70339') in 0.001667 seconds
Start importing Packages/com.unity.render-pipelines.core/Editor/Icons/Processed/Volume Icon.asset using Guid(65d673f04ea8f2f49919cf67d18aaf54) (NativeFormatImporter) -> (artifact id: '3e82559381d3f7626fa9f48fd1a71592') in 0.0025903 seconds
Start importing Packages/com.unity.render-pipelines.core/Editor/Icons/Processed/RenderPipelineResources Icon.asset using Guid(9577fdc34c3b03242bf439342d37043b) (NativeFormatImporter) -> (artifact id: '55271f66f3d64265aa4c4e207ce5fae4') in 0.0024727 seconds
Start importing Packages/com.unity.render-pipelines.core/Editor/Icons/Processed/d_LocalVolumetricFog Icon.asset using Guid(a51c08ea4f8a47641a38f14eff7be3db) (NativeFormatImporter) -> (artifact id: 'bec642be8c78ae3254c83990c8a0ac16') in 0.0029582 seconds
Start importing Packages/com.unity.render-pipelines.core/Editor/Icons/Processed/DecalProjector Icon.asset using Guid(9603ab9e0ac90754298d959374a0ec29) (NativeFormatImporter) -> (artifact id: '038af9788dce138047675b79317e255e') in 0.0029117 seconds
Start importing Packages/com.unity.render-pipelines.core/Editor/Icons/Processed/d_RenderPipelineResources Icon.asset using Guid(f6437d4e6a2f10345a40803d33f489bf) (NativeFormatImporter) -> (artifact id: '3ce1aa6a0a9b9f8ee9ba1baa9ce6154a') in 0.002556 seconds
Start importing Packages/com.unity.render-pipelines.core/Editor/Icons/Processed/d_Volume Icon.asset using Guid(177b2538515c71b4a86aa1cad939807a) (NativeFormatImporter) -> (artifact id: '6270493438bfcb47713762428d420ac0') in 0.0024862 seconds
Start importing Packages/com.unity.render-pipelines.universal/Tests/Editor/PostProcessDataTests/PostProcessData BloomPS Different.asset using Guid(e7b20d8e594294f4380ea14212e1b042) (NativeFormatImporter) -> (artifact id: '478c6487015b56bc0580cc3e78e0e26d') in 0.0018 seconds
Start importing Packages/com.unity.shadergraph/Editor/Resources/DefaultHeatmapValues.asset using Guid(089885f17bac7464a80c68e81d8538a1) (NativeFormatImporter) -> (artifact id: 'e7c7e627f3b4bb910b40efeaffb4210f') in 0.0014612 seconds
Start importing Packages/com.unity.render-pipelines.universal/Editor/SceneTemplates/Indoors/LightingData.asset using Guid(695c65e91172db945bf049e595adcc66) (NativeFormatImporter) -> (artifact id: '9a6b898057d23c1388d901b8dbb8f1f2') in 0.0010159 seconds
Start importing Assets/Settings/Renderer2DData.asset using Guid(793c4fcb4c64cbb4fab173b780f84349) (NativeFormatImporter) -> (artifact id: '4c99bafd575fe81ee910e44ddd4681f1') in 0.0007089 seconds
Start importing Assets/TextMesh Pro/Resources/Style Sheets/Default Style Sheet.asset using Guid(f952c082cb03451daed3ee968ac6c63e) (NativeFormatImporter) -> (artifact id: 'a3363971b5e466e626144f73934a1458') in 0.0010926 seconds
Start importing Packages/com.unity.render-pipelines.universal/Runtime/Data/UniversalRendererData.asset using Guid(ba6e69114eba6af4585b7b850051b2d9) (NativeFormatImporter) -> (artifact id: 'e9ad2070959e90d9af222fdfd170ce9f') in 0.0032149 seconds
Start importing Packages/com.unity.render-pipelines.core/Editor/Icons/Processed/VolumeProfile Icon.asset using Guid(faa56264e2faf674c8be98efbfd8e2a4) (NativeFormatImporter) -> (artifact id: 'ad099e67b3cdc8fadeb0df39ee69d1e5') in 0.002504 seconds
Start importing Packages/com.unity.render-pipelines.universal/Editor/SceneTemplates/Standard/LightingData.asset using Guid(bbf92febd37eec24fa8da21f59ace918) (NativeFormatImporter) -> (artifact id: 'f941e067d7e2884bba64631b6c9234a0') in 0.0009747 seconds
Start importing Packages/com.unity.render-pipelines.core/Editor/Icons/Processed/Resources Icon.asset using Guid(0c718439afc500a47899efc9499bc9f5) (NativeFormatImporter) -> (artifact id: '90537c1511ac064686a07af92b30bf95') in 0.0012956 seconds
Start importing Packages/com.unity.render-pipelines.core/Editor/Icons/Processed/LocalVolumetricFog Icon.asset using Guid(acb29b12f9f806e4086dd007d41e47e2) (NativeFormatImporter) -> (artifact id: 'a0967288c54c5ce33cc52718fcc28802') in 0.0024635 seconds
Start importing Packages/com.unity.render-pipelines.core/Runtime/RenderPipelineResources/Default Lens Flare (SRP).asset using Guid(bd7eaf3bd49c39f4cb77bd809459aa72) (NativeFormatImporter) -> (artifact id: 'b78676d3d65c61a83272c7a98fe81c1a') in 0.0038008 seconds
Start importing Packages/com.unity.render-pipelines.universal/Editor/Volume/DefaultVolumeProfile.asset using Guid(eda47df5b85f4f249abf7abd73db2cb2) (NativeFormatImporter) -> (artifact id: '799151250d50a362ab2c8b44051ca144') in 0.0014921 seconds
Start importing Assets/TextMesh Pro/Resources/Fonts & Materials/LiberationSans SDF - Fallback.asset using Guid(2e498d1c8094910479dc3e1b768306a4) (NativeFormatImporter) -> (artifact id: '904ebae6ee4474c266c74cd8e9f372b7') in 0.0045137 seconds
Start importing Assets/DefaultVolumeProfile.asset using Guid(de2649e09f6b7db459f84269a40a0779) (NativeFormatImporter) -> (artifact id: 'a8ab7aa7acb24efa9c4399a68a81b25b') in 0.0008828 seconds
Start importing Packages/com.unity.render-pipelines.core/Editor/Icons/Processed/d_PassInspector Icon.asset using Guid(de46f443cc7a01d4a86b2535f132a51d) (NativeFormatImporter) -> (artifact id: '03f8a53c285e696ca189b20762810774') in 0.001046 seconds
Start importing Assets/UniversalRenderPipelineGlobalSettings.asset using Guid(fe8e61f0af00adb48be411887a82a6c0) (NativeFormatImporter) -> (artifact id: '41f000e624a6d45373e6b8bc60b135ed') in 0.0009085 seconds
Start importing Assets/TextMesh Pro/Resources/TMP Settings.asset using Guid(3f5b5dff67a942289a9defa416b206f3) (NativeFormatImporter) -> (artifact id: '9c34c12a95bbf274e19b5e126261cf93') in 0.0049339 seconds
Start importing Packages/com.unity.render-pipelines.core/Editor/Icons/Processed/d_Resources Icon.asset using Guid(5f91283c363fa3943844c7b87c3ce64d) (NativeFormatImporter) -> (artifact id: '2962c33c15b15bc48304cd673b3f6d6e') in 0.001064 seconds
Start importing Packages/com.unity.render-pipelines.universal/Editor/SceneTemplates/Indoors/Indoors Baking Set.asset using Guid(6f5f3e944558b294093fde8026e4d36e) (NativeFormatImporter) -> (artifact id: '1f357de00def547ebd6b5c747feeaf18') in 0.0059673 seconds
Start importing Assets/TextMesh Pro/Resources/Fonts & Materials/LiberationSans SDF.asset using Guid(8f586378b4e144a9851e7b34d9b748ee) (NativeFormatImporter) -> (artifact id: '7055972fc60a7912ea5976ba5c66435a') in 0.0012817 seconds
Start importing Packages/com.unity.render-pipelines.universal/Editor/SceneTemplates/Indoors/GlobalVolumeProfile.asset using Guid(afa2d039a61b9a44ab0eb7f1c138af34) (NativeFormatImporter) -> (artifact id: '4af27586657552fd846d090a7b91dd12') in 0.0008204 seconds
Start importing Packages/com.unity.render-pipelines.core/CHANGELOG.md using Guid(20456a2cc8a214f9d9846725cff9fea4) (TextScriptImporter) -> (artifact id: '1c67d578f2770f309f0a5d2ac26fadc5') in 0.0009392 seconds
Start importing Packages/com.unity.searcher/LICENSE.md using Guid(200891d0445794843bffcc351163c84c) (TextScriptImporter) -> (artifact id: 'c8c10680516b2de672292fb19e50cee5') in 0.0008006 seconds
Start importing Packages/com.unity.2d.sprite/LICENSE.md using Guid(20ef7441e2dc7954c9ba3a12ffbac4d9) (TextScriptImporter) -> (artifact id: '4e01aae592bdfc098dcd6f5114308079') in 0.000832 seconds
Start importing Packages/com.gamefoundation.game-template/data/game/combat/combat.resist_curve.json using Guid(3012ca746c2a0ad4fb8bb7c9daefdaf2) (TextScriptImporter) -> (artifact id: '0373ea47e01a4a13cfb42a4fb71c0650') in 0.0007676 seconds
Start importing Packages/com.unity.modules.subsystems/package.json using Guid(30b312a167534621b316172253b08723) (PackageManifestImporter) -> (artifact id: '5fddaf95e1048f20ba7f7820d94a41a8') in 0.0008445 seconds
Start importing Packages/com.unity.render-pipelines.universal/package.json using Guid(30648b8d550465f4bb77f1e1afd0b37d) (PackageManifestImporter) -> (artifact id: '13b4e648cd994ccfeb0387246cf3e3d2') in 0.0008532 seconds
Start importing Packages/com.unity.modules.jsonserialize/package.json using Guid(40bf3cec17fa0b49fe04443c8332d638) (PackageManifestImporter) -> (artifact id: '4c54406cdf6f27a0dfd74653ac191550') in 0.0007782 seconds
Start importing Packages/com.unity.burst/package.json using Guid(60714b3a36613ab2918a1439869a826f) (PackageManifestImporter) -> (artifact id: '0b87196a3ec47d3aed6daae301f57984') in 0.0007379 seconds
Start importing Packages/com.unity.ide.visualstudio/CHANGELOG.md using Guid(6022bdd5b2896a54f94123b812705321) (TextScriptImporter) -> (artifact id: '4ad22eaff22f6baba59706f9fad01585') in 0.000704 seconds
Start importing Packages/com.unity.modules.screencapture/package.json using Guid(80beef77cb19e713c7c2d481b65ed485) (PackageManifestImporter) -> (artifact id: '2f4796478e898a299d67d69a4e932b6a') in 0.0007354 seconds
Start importing Packages/com.unity.modules.cloth/package.json using Guid(906c12bc9cd95d3963c6d58f62522c78) (PackageManifestImporter) -> (artifact id: '3d693bca45ffae6fac5cd7db888ef115') in 0.000826 seconds
Start importing Packages/com.gamefoundation.conformance/README.md using Guid(90ccd34a8eea1d74d8a62f863a7756cd) (TextScriptImporter) -> (artifact id: '9d88ed6c40aba10c56bf71178352689b') in 0.0008076 seconds
Start importing Packages/com.gamefoundation.game-template/data/game/shell/shell_menu_definition.json using Guid(a0abba8dcb0ee7c4c9c80132459be27c) (TextScriptImporter) -> (artifact id: '7e5067e657d6a0d1e7d4cbc19faca31e') in 0.0007899 seconds
Start importing Packages/com.unity.test-framework.performance/package.json using Guid(b030b7e8a4c531241b496403efc884ab) (PackageManifestImporter) -> (artifact id: '600eed6c640081ce0f5bf982d73379fb') in 0.0007848 seconds
Start importing Packages/com.unity.modules.unitywebrequesttexture/package.json using Guid(d0e3ad91972c66f5238f5b9b7d5ae58a) (PackageManifestImporter) -> (artifact id: 'e55c9ecf8b6cd2df41ad2d48f83627ef') in 0.000854 seconds
Start importing Packages/com.gamefoundation.game-template/data/game/found/found.time_model.json using Guid(e041c13947c349a4ab1b79a0bc0ba8e7) (TextScriptImporter) -> (artifact id: '40a0a3dcbfa3eea9cacce51a801d0fc1') in 0.0008404 seconds
Start importing Packages/com.unity.ugui/README.md using Guid(e0ae6629cc70b514889df37fccb76832) (TextScriptImporter) -> (artifact id: '44afeb028f510a9f4544ce88fd1cf112') in 0.0007848 seconds
Start importing Packages/com.unity.inputsystem/package.json using Guid(f0e14ea80f96b445f97b1c83650d5733) (PackageManifestImporter) -> (artifact id: '48fddf01744c77e60c7b6d6bc632dfa7') in 0.000852 seconds
Start importing Packages/com.unity.modules.ai/package.json using Guid(f0f13f2ab3d6d13cfc6e4656824bfca8) (PackageManifestImporter) -> (artifact id: '993ffce69848b7fc2884f536f4e72d66') in 0.0008905 seconds
Start importing Packages/com.unity.render-pipelines.core/Tests/Editor/UnifiedRayTracing/TraceRays.urtshader using Guid(1142bbad8b9e8c44c83a9775ff120d37) (ScriptedImporter)
Compiling Ray Tracing Shader "TraceRays.urtshader", keywords = <no keywords>
    finished in 0.02 seconds. Local cache hits 0, remote cache hits 0, compiled 1 platform variants
 -> (artifact id: '574b2a3440ed9f63948b03c02137d9eb') in 0.0276406 seconds
Start importing Packages/com.unity.collections/Unity.Collections.LowLevel.ILSupport/README.txt using Guid(11246cfa909f81542b920bd109592bf5) (TextScriptImporter) -> (artifact id: '1b58fb7926fe33e24c66b8ab16c29834') in 0.0009717 seconds
Start importing Packages/com.unity.render-pipelines.core/Tests/Editor/RenderPipeline/SettingsStrippingResults/no_strippers_active_A_B_C.json using Guid(11f45568281574f48aee9ddbe7e80112) (TextScriptImporter) -> (artifact id: '427bbbd7106043ae80798d303b5f408f') in 0.0008457 seconds
Start importing Packages/com.unity.inputsystem/ValidationConfig.json using Guid(21e367e100361604f9ad6287fd367d4a) (TextScriptImporter) -> (artifact id: '2aa64b6b60eec07240cac3f4d5e04718') in 0.0008391 seconds
Start importing Packages/com.unity.ugui/package.json using Guid(319b8889f363f5947acf209c17a94149) (PackageManifestImporter) -> (artifact id: 'b8649e2e616e661dd09ce4c051e6241c') in 0.0008576 seconds
Start importing Packages/com.unity.render-pipelines.universal/Editor/ScriptTemplates/ScriptableRendererFeature.txt using Guid(51493ed8d97d3c24b94c6cffe834630b) (TextScriptImporter) -> (artifact id: 'de536b94159dd269ec9412f04ed502c6') in 0.0009721 seconds
Start importing Packages/com.unity.render-pipelines.universal/Runtime/RendererFeatures/SurfaceCacheGI/SurfaceCacheCore/RisEstimation.urtshader using Guid(713f6141bd66a134383b787f2eaa7c11) (ScriptedImporter)
Compiling Ray Tracing Shader "RisEstimation.urtshader", keywords = <no keywords>
    finished in 0.07 seconds. Local cache hits 0, remote cache hits 0, compiled 1 platform variants
 -> (artifact id: '36b26084a16797c2096c7f18c4fa1ad1') in 0.0728264 seconds
Start importing Packages/com.unity.ext.nunit/package.json using Guid(8143d3a8390f2c64685e3bc272bd9e90) (PackageManifestImporter) -> (artifact id: 'b3b8f0f121831b39f23fd68d5d301926') in 0.0009322 seconds
Start importing Packages/com.unity.inputsystem/LICENSE.md using Guid(9166eed4756114bdaa498aca2df93e19) (TextScriptImporter) -> (artifact id: '7c9d36dfdaa6173e588e0793b0d80d1c') in 0.0009202 seconds
Start importing Packages/com.unity.render-pipelines.universal-config/package.json using Guid(b13c5df96839b924b85df50f9659b9e4) (PackageManifestImporter) -> (artifact id: '3ae81c29170bca1bc39cf1b7573af8c1') in 0.0009898 seconds
Start importing Packages/com.gamefoundation.game-template/data/game/item/item.budget_curve.json using Guid(c16c371c436a83845a02ccbb88b1d785) (TextScriptImporter) -> (artifact id: '580c08f4a29fd329463025882857a597') in 0.0008057 seconds
Start importing Packages/com.unity.render-pipelines.core/Tests/Editor/ShaderStripping/Results/UI_Default_0_0.json using Guid(d18eadffb612a2f4a995f89ad69c62c3) (TextScriptImporter) -> (artifact id: 'c9822bc28d5917466ed41e5b98996790') in 0.000756 seconds
Start importing Packages/com.unity.modules.assetbundle/package.json using Guid(e1ef8466c8fd01a549f10baa4d51fa17) (PackageManifestImporter) -> (artifact id: 'bd1378d04a55ff92f406f64b548a4dfc') in 0.0007913 seconds
Start importing Packages/com.unity.modules.imgui/package.json using Guid(42fe78c8fe682715a2cb531422e6ccb3) (PackageManifestImporter) -> (artifact id: 'b643c636c8e55776455f8adce1983951') in 0.0007586 seconds
Start importing Packages/com.unity.modules.tilemap/package.json using Guid(92a378669877c05c6071d0fed687bb95) (PackageManifestImporter) -> (artifact id: '4056b6dbe265f7ea644917ceb3d938ad') in 0.0007259 seconds
Start importing Packages/com.unity.test-framework.performance/ValidationExceptions.json using Guid(a23a55c69f9544b56a85639e7258ea1d) (TextScriptImporter) -> (artifact id: '0de6bb025ea649b84fc90771cdd733ed') in 0.0008434 seconds
Start importing Packages/com.unity.render-pipelines.universal/Editor/RendererFeatures/NewPostProcessRendererFeature.cs.txt using Guid(03e97e85a392e23469cd704039e21501) (TextScriptImporter) -> (artifact id: '0b9e20e5364904ecf821c16a39959cd5') in 0.0008619 seconds
Start importing Packages/com.unity.modules.accessibility/package.json using Guid(43674d438e19b89d7fe6af07234f3252) (PackageManifestImporter) -> (artifact id: '9a98f0a4a23cfb2780f9ebc86419c8bb') in 0.0008786 seconds
Start importing Packages/com.gamefoundation.game-template/data/game/prog/prog.level_curve.json using Guid(43770cd380b129b47b069e86008ec04a) (TextScriptImporter) -> (artifact id: '9015016e3ff9bc6829f826d72d55ba7a') in 0.0007848 seconds
Start importing Packages/com.unity.inputsystem/CHANGELOG.md using Guid(a3e12f7b92d6e49c0b430ae7813c2398) (TextScriptImporter) -> (artifact id: '292d49c19d7401b83d6af63408270690') in 0.0009947 seconds
Start importing Packages/com.unity.searcher/README.md using Guid(a363ef2608aa3684794c3db0480fcd81) (TextScriptImporter) -> (artifact id: '09cc471bb4702455150c85c1d2362135') in 0.0008138 seconds
Start importing Packages/com.unity.ide.visualstudio/ValidationConfig.json using Guid(a3f71b076c36a204a864f8c44142b3a9) (TextScriptImporter) -> (artifact id: '24357cb0c47577b7373223c2476cd21b') in 0.0008802 seconds
Start importing Packages/com.unity.modules.terrainphysics/package.json using Guid(d3cbe921f7b3d9a3257e7c61a5761796) (PackageManifestImporter) -> (artifact id: 'f5e2c961ee3d9c345b9cfb0721893363') in 0.0007388 seconds
Start importing Packages/com.unity.mathematics/package.json using Guid(d34d0af25c21141a98c0cf3c0066444f) (PackageManifestImporter) -> (artifact id: '4f8aaef6e675f0d139584cd98f31bbcf') in 0.0008377 seconds
Start importing Packages/com.unity.2d.sprite/README.md using Guid(e31c136ab48c1194184380e435f3936d) (TextScriptImporter) -> (artifact id: 'f6370a54792b9c6aa3c5139106c1ef5c') in 0.0007063 seconds
Start importing Packages/com.unity.burst/ValidationExceptions.json using Guid(f383c015504b380698ba4a8681b1223e) (TextScriptImporter) -> (artifact id: 'd7164317e9bba999a6db22150e9b8517') in 0.0007702 seconds
Start importing Packages/com.gamefoundation.game-template/data/game/world/world.map.json using Guid(245176ee4437bbd40ae886c79da4658a) (TextScriptImporter) -> (artifact id: 'b98d34dd4e01fcdbc81dd797250bfb16') in 0.0007024 seconds
Start importing Packages/com.unity.render-pipelines.core/Tests/Editor/RenderPipeline/SettingsStrippingResults/KeepAStripper_RemoveAStripper_A_B_C.json using Guid(241278b82c9201f40817c73e0e86a393) (TextScriptImporter) -> (artifact id: '5e0e84a9b756327a62047ff3fc8b40ae') in 0.0007747 seconds
Start importing Packages/com.unity.burst/CHANGELOG.md using Guid(544e4fbf839e39e1b693958db86e8cc8) (TextScriptImporter) -> (artifact id: 'de9546e1d48680b09a90b17bb7644c67') in 0.000851 seconds
Start importing Packages/com.unity.render-pipelines.core/Editor/Lighting/ProbeVolume/RenderingLayerMask/TraceRenderingLayerMask.urtshader using Guid(94a070d33e408384bafc1dea4a565df9) (ScriptedImporter)
Compiling Ray Tracing Shader "TraceRenderingLayerMask.urtshader", keywords = <no keywords>
    finished in 0.07 seconds. Local cache hits 0, remote cache hits 0, compiled 1 platform variants
 -> (artifact id: 'e5c893398d1ba7cf036c85fb8e99e535') in 0.0725872 seconds
Start importing Packages/com.gamefoundation.game-template/data/game/l10n/l10n.text.json using Guid(94138da309e85f44c9b16bf988c278d9) (TextScriptImporter) -> (artifact id: '38517bfb4d685b1e7fbd5601df1722e3') in 0.0009226 seconds
Start importing Packages/com.unity.render-pipelines.universal/Runtime/RendererFeatures/SurfaceCacheGI/SurfaceCacheCore/UniformEstimation.urtshader using Guid(94a39d12848d8d64ca962a72b74e7c50) (ScriptedImporter)
Compiling Ray Tracing Shader "UniformEstimation.urtshader", keywords = <no keywords>
    finished in 0.06 seconds. Local cache hits 0, remote cache hits 0, compiled 1 platform variants
 -> (artifact id: 'f2fe5a23dd995f0db396db9e30926a22') in 0.0650175 seconds
Start importing Packages/com.unity.ext.nunit/CHANGELOG.md using Guid(f49bbe06ffa5ae24abe32abdab430c24) (TextScriptImporter) -> (artifact id: 'fceecea86d3291d57dee7acd6734d35a') in 0.0009733 seconds
Start importing Packages/com.unity.ugui/PackageConversionData.json using Guid(05f5bfd584002f948982a1498890f9a9) (TextScriptImporter) -> (artifact id: 'd9e43e27959cd399247c69832ab9dc4f') in 0.0008716 seconds
Start importing Packages/com.unity.modules.unitywebrequestassetbundle/package.json using Guid(05f7f519769978b79b31d063a7fc6fa1) (PackageManifestImporter) -> (artifact id: '4f2160dda0ab469cf2df5b0cd4f92db7') in 0.0007834 seconds
Start importing Packages/com.unity.render-pipelines.core/Tests/Editor/UnifiedRayTracing/TraceTransparentRays.urtshader using Guid(6513c3b892e933c4f8d00c19d5c47532) (ScriptedImporter)
Compiling Ray Tracing Shader "TraceTransparentRays.urtshader", keywords = <no keywords>
    finished in 0.01 seconds. Local cache hits 0, remote cache hits 0, compiled 1 platform variants
 -> (artifact id: '1cb4857666a285198e0eaadd3c708668') in 0.0145447 seconds
Start importing Packages/com.unity.ide.visualstudio/package.json using Guid(656f74f6edaa396458412b9e3903d8cd) (PackageManifestImporter) -> (artifact id: 'd34c98134e27ad73091c6d3a1014086e') in 0.0010115 seconds
Start importing Packages/com.unity.render-pipelines.core/ValidationConfig.json using Guid(75497c58fb28415a98098a98e7133272) (TextScriptImporter) -> (artifact id: 'a7e1c03fe37934ac9434255e3e62d48e') in 0.0008178 seconds
Start importing Packages/com.unity.render-pipelines.core/package.json using Guid(753d1ac2429a21a44ac5f937cbbb409f) (PackageManifestImporter) -> (artifact id: 'cc0c44bb6bc6afd903e4e115d107c0c1') in 0.0008198 seconds
Start importing Packages/com.unity.modules.imageconversion/package.json using Guid(953fab16d15d5885b3600fcd6388b2ad) (PackageManifestImporter) -> (artifact id: '4914195fadd462954a635b65250787ed') in 0.0007502 seconds
Start importing Packages/com.unity.render-pipelines.core/Tests/Editor/RenderPipeline/SettingsStrippingResults/PrivateCtorAStripper_A_B_C.json using Guid(a50296725d3e4cf4aa43416a9a85b52c) (TextScriptImporter) -> (artifact id: '0399baf6faff2dd78ebbad007ed7d043') in 0.0009716 seconds
Start importing Packages/com.unity.collections/CHANGELOG.md using Guid(a5d815866ec304e56b03ec5cfc5f8b0a) (TextScriptImporter) -> (artifact id: '76ad7a7954281251f6c793308562447a') in 0.0010022 seconds
Start importing Packages/com.gamefoundation.game-template/data/game/fac/fac.faction.json using Guid(d58aef0362e288949bce985dd5538c91) (TextScriptImporter) -> (artifact id: 'd7ec70d345f5ed38238891a266b34ef4') in 0.0010065 seconds
Start importing Packages/com.unity.shadergraph/package.json using Guid(d5ac453c34e359d439de9d724772ed3d) (PackageManifestImporter) -> (artifact id: '8a4a23de73bf1cfe66cd073fc3b44c53') in 0.0008805 seconds
Start importing Packages/com.gamefoundation.game-template/package.json using Guid(e58983b82686a2b40aeff237fdc3462c) (PackageManifestImporter) -> (artifact id: '4818de3bd6bd8330e023768606a9a5d6') in 0.0012557 seconds
Start importing Packages/com.unity.render-pipelines.universal/CHANGELOG.md using Guid(16b5d2a7d862f49ffb9453600e8ee776) (TextScriptImporter) -> (artifact id: 'b3eda0f0c5143132cbe0c98990434081') in 0.0009469 seconds
Start importing Packages/com.unity.modules.unityanalytics/package.json using Guid(26a4f29db434fd79025c91f6126382cc) (PackageManifestImporter) -> (artifact id: '4f55ed6c07c9d593d430c69b12caecd5') in 0.0008966 seconds
Start importing Packages/com.unity.shadergraph/LICENSE.md using Guid(3627da0ec84594020b79e02cec8d0b41) (TextScriptImporter) -> (artifact id: '72b4fa774d99603f0009b0150b6b09bb') in 0.0009748 seconds
Start importing Packages/com.unity.mathematics/CHANGELOG.md using Guid(56de866d5032f461baa43decd9ce3bd8) (TextScriptImporter) -> (artifact id: 'c915c18a00b5a08c993883945607100d') in 0.0008767 seconds
Start importing Packages/com.unity.collections/LICENSE.md using Guid(568f02fe7676e4d659782d6038df91de) (TextScriptImporter) -> (artifact id: 'd65e4ff8f611b581202afa9dfb67221e') in 0.0007518 seconds
Start importing Packages/com.unity.searcher/package.json using Guid(86b0e09d2fd75564f90fbc601e1eec6b) (PackageManifestImporter) -> (artifact id: '16c4a2d68405b228e1a3e964d50a9b85') in 0.0007993 seconds
Start importing Packages/com.unity.collections/Unity.Collections.PerformanceTests/README.md using Guid(86abcf43c46cd3743bb775a4682f2d1d) (TextScriptImporter) -> (artifact id: '313554527ad309fd74494e9fa26f1882') in 0.0008264 seconds
Start importing Packages/com.unity.modules.video/package.json using Guid(96d14b71b907bb52333b2886e665aba6) (PackageManifestImporter) -> (artifact id: '5663ce496606d4af708204c817adcf41') in 0.0006984 seconds
Start importing Packages/com.unity.shadergraph/ValidationConfig.json using Guid(a65122cb60c266746acf35e0e5c8ac96) (TextScriptImporter) -> (artifact id: 'eb979cab433de53d88e96e5acd74567d') in 0.0009926 seconds
Start importing Packages/com.gamefoundation.adapter.unity/Tests/Runtime/TestDataQuestDayProvider/l10n/l10n.text.json using Guid(a6b87a01797e4a05954fe7a310cd9bad) (TextScriptImporter) -> (artifact id: 'c8be87cbdc8b179fa4ad93b54acf3c63') in 0.0011756 seconds
Start importing Packages/com.unity.test-framework/CHANGELOG.md using Guid(d691174143fd3774ba63d7c493633b99) (TextScriptImporter) -> (artifact id: '042e5d077a319e13cd83b80ccc9d2b2b') in 0.0008591 seconds
Start importing Packages/com.unity.shadergraph/CHANGELOG.md using Guid(d652dd37e32b64cc9b4e36a1e7ddf1b8) (TextScriptImporter) -> (artifact id: '1c03ab1d464a97c854abc24fe7d59fd7') in 0.0008888 seconds
Start importing Packages/com.unity.test-framework/package.json using Guid(d6a2e6e4803de7b43baacdc355fc144d) (PackageManifestImporter) -> (artifact id: 'b4c291a7b646fefb4f0c6f571829a42c') in 0.0011677 seconds
Start importing Packages/com.unity.nuget.mono-cecil/package.json using Guid(17a4fd582bf2d47479cf5c1508ca82c6) (PackageManifestImporter) -> (artifact id: '7d8277172f9172650445d26e2efb1263') in 0.0013513 seconds
Start importing Packages/com.unity.render-pipelines.universal/Editor/ScriptTemplates/UnlitURP.txt using Guid(4796721ff66d641078403679f98f5dbb) (TextScriptImporter) -> (artifact id: 'e7f6a81a8a5c6b9aa1c38136158ef920') in 0.0008683 seconds
Start importing Packages/com.gamefoundation.game-template/data/game/arch/arch.class.json using Guid(87477de36b4eb964d88b54fd66b4b246) (TextScriptImporter) -> (artifact id: 'f625d0d14ce4e1048ab98dd5650c19b4') in 0.0009825 seconds
Start importing Packages/com.unity.modules.particlesystem/package.json using Guid(87d720faa37005c08600090e04d8c739) (PackageManifestImporter) -> (artifact id: 'd6aa8c20d84b997ec285a739a17be19d') in 0.0007961 seconds
Start importing Packages/com.unity.mathematics/LICENSE.md using Guid(a7f87992cd1d44040ae42b05e5fbdaa5) (TextScriptImporter) -> (artifact id: 'dcb480f55b9e03877084c202f58984ab') in 0.0012002 seconds
Start importing Packages/com.unity.2d.sprite/CHANGELOG.md using Guid(b7007d815829e7644bb81d1f8004a340) (TextScriptImporter) -> (artifact id: 'e0d296e5887392c86686326100524cf6') in 0.0009233 seconds
Start importing Packages/com.unity.render-pipelines.core/Tests/Editor/ShaderStripping/Results/UI_Default_Sprites_Default_5_0.5.json using Guid(b7530f054ac4b4b4183bef9efddcb60f) (TextScriptImporter) -> (artifact id: '5ee249e49f6cf93e7a5b11d303f86232') in 0.0008163 seconds
Start importing Packages/com.unity.inputsystem/README.md using Guid(f747a892239fb40f9a9b9e2acf9929ee) (TextScriptImporter) -> (artifact id: '3ae4f911971c56e7f716f83b8485fc56') in 0.0007511 seconds
Start importing Packages/com.unity.modules.physics2d/package.json using Guid(f7a8357347c80dc69c08d0b1a05e2122) (PackageManifestImporter) -> (artifact id: 'e2187f6cfb7435ccc7f0487e9567b857') in 0.000767 seconds
Start importing Packages/com.unity.shadergraph/README.md using Guid(08534868baca5cc4092711da8c94e981) (TextScriptImporter) -> (artifact id: '07c637b5701b48568373dfe81f8fdc21') in 0.0008057 seconds
Start importing Packages/com.unity.modules.vr/package.json using Guid(18a4fadfef534684d5af39ca8dc48fe9) (PackageManifestImporter) -> (artifact id: '84052aabb171f6ab790f35d596f62a3c') in 0.000761 seconds
Start importing Packages/com.unity.burst/Third Party Notices.md using Guid(28c762070e0d3359b18a59f9402d5013) (TextScriptImporter) -> (artifact id: '0594e0b44a72c47bdccb3985fe019f76') in 0.0008257 seconds
Start importing Assets/TextMesh Pro/Sprites/EmojiOne Attribution.txt using Guid(381dcb09d5029d14897e55f98031fca5) (TextScriptImporter) -> (artifact id: '2c0255cc5fad2caf6023c999258bc595') in 0.0008023 seconds
Start importing Packages/com.unity.test-framework.performance/Third Party Notices.md using Guid(682cbcd3b2e7545e2bbc6306016e7bb7) (TextScriptImporter) -> (artifact id: '56427e1b4ac5622fb901fa78006ce993') in 0.0009885 seconds
Start importing Packages/com.unity.modules.vectorgraphics/package.json using Guid(78e5667e52329c3ceef41288763404ae) (PackageManifestImporter) -> (artifact id: '8bda5c963352e20d9c07831179d6adc4') in 0.0009782 seconds
Start importing Packages/com.unity.ide.visualstudio/ThirdPartyNotices.md using Guid(7809f42f64c877f4b90ac233e5ec2372) (TextScriptImporter) -> (artifact id: 'd241ed5bb98769970512d80e17245a44') in 0.0008577 seconds
Start importing Packages/com.unity.ide.visualstudio/ValidationExceptions.json using Guid(788fbcfc0abc6c54b9504cfee3176c22) (TextScriptImporter) -> (artifact id: '62bec716e48d532d324c1ebb235c671c') in 0.000762 seconds
Start importing Packages/com.unity.shadergraph/Editor/Resources/GraphView/Nodes/UITKShaderPreview-Vector.svg using Guid(a8d7d25cc14c27f4e9257da19b888497) (ScriptedImporter) -> (artifact id: '9cf1d8d05236b57de9425ad81a091325') in 0.2927763 seconds
Start importing Packages/com.unity.modules.wind/package.json using Guid(b83f06ac0c0696e9563230865ca72b81) (PackageManifestImporter) -> (artifact id: '48870b0fad529c24ec23948838d08134') in 0.0010402 seconds
Start importing Packages/com.unity.ugui/CHANGELOG.md using Guid(c851bee4305bddf438cc6ffc515991ce) (TextScriptImporter) -> (artifact id: '80aa7e1c8215b9d3824af55dd65c9c21') in 0.0008747 seconds
Start importing Assets/TextMesh Pro/Resources/LineBreaking Leading Characters.txt using Guid(d82c1b31c7e74239bff1220585707d2b) (TextScriptImporter) -> (artifact id: '585e0226f7f9b94bdc8d28dde0973cb7') in 0.0008507 seconds
Start importing Packages/com.unity.modules.umbra/package.json using Guid(d85e5eeaf8f135aeaaebdc8aa3cff6c3) (PackageManifestImporter) -> (artifact id: '6d849251c9e4cdd9848460d7e0ea0550') in 0.0009499 seconds
Start importing Packages/com.unity.nuget.mono-cecil/Third Party Notices.md using Guid(192a998b912484856a34120268cfbfc9) (TextScriptImporter) -> (artifact id: 'e07d49955e23fcc39e799189a37025ad') in 0.0011188 seconds
Start importing Packages/com.unity.inputsystem/ValidationExceptions.json using Guid(d9fe79419851eee4e8c90f7d0f934859) (TextScriptImporter) -> (artifact id: 'bfce1f595f8b5aa26eac5d040d1745c2') in 0.0009779 seconds
Start importing Packages/com.unity.modules.audio/package.json using Guid(e9df95f53f1c1d0c9199e235d6c42b50) (PackageManifestImporter) -> (artifact id: '14bdb854ae6daae762f5873a0a889a4a') in 0.0008765 seconds
Start importing Packages/com.unity.ext.nunit/LICENSE.md using Guid(f91a00d2dca52b843b2d50ccf750737d) (TextScriptImporter) -> (artifact id: '55298590a2352299e08e2ff1f27aa1b0') in 0.0007672 seconds
Start importing Packages/com.unity.modules.physics/package.json using Guid(1a4266815e998967becf686f9c71f0a6) (PackageManifestImporter) -> (artifact id: '4fbeefd29956a8cb2b920ec02d72eda6') in 0.0007359 seconds
Start importing Packages/com.unity.burst/LICENSE.md using Guid(3adebabc9c53348aab08029333dba930) (TextScriptImporter) -> (artifact id: 'd264b669ea15005bcef2308f8066e86e') in 0.0012217 seconds
Start importing Packages/com.unity.render-pipelines.universal/ValidationExceptions.json using Guid(3afe581e949e3cc489c978bd8e000c4b) (TextScriptImporter) -> (artifact id: '8676c928f375d84056c4d7aea32a74f8') in 0.0009199 seconds
Start importing Packages/com.unity.render-pipelines.core/Editor/Lighting/ProbeVolume/DynamicGI/DynamicGISkyOcclusion.urtshader using Guid(5a2a534753fbdb44e96c3c78b5a6999d) (ScriptedImporter)
Compiling Ray Tracing Shader "DynamicGISkyOcclusion.urtshader", keywords = <no keywords>
    finished in 0.07 seconds. Local cache hits 0, remote cache hits 0, compiled 1 platform variants
 -> (artifact id: 'f238f754aecf42a3c750d49720a67c23') in 0.0781375 seconds
Start importing Packages/com.gamefoundation.game-template/data/game/stat/stat.definition.json using Guid(6a63e02c635809a47b6e20d6b3f4536c) (TextScriptImporter) -> (artifact id: '91e549f86dc347adb94f0e2b7ca41241') in 0.0008972 seconds
Start importing Packages/com.unity.render-pipelines.core/Runtime/UnifiedRayTracing/Compute/RadeonRays/README.txt using Guid(6ab740f51f5df0244bb3510f143c74ef) (TextScriptImporter) -> (artifact id: '3dc7127f9d581fb0ecd6ec8a6bf10b5d') in 0.0008566 seconds
Start importing Packages/com.unity.modules.vehicles/package.json using Guid(6afb166a156df2d20433d981f4bb2832) (PackageManifestImporter) -> (artifact id: '16ef665dac3746b447ea167f980da255') in 0.0008683 seconds
Start importing Packages/com.unity.inputsystem/InputSystem/Editor/ProjectWideActions/ProjectWideActionsTemplate.json using Guid(8a190d472354bb845973412ac9c5c477) (TextScriptImporter) -> (artifact id: '8830f73ccf807181142a7ab64bea514c') in 0.0008644 seconds
Start importing Packages/com.unity.render-pipelines.universal-config/LICENSE.md using Guid(8a8d9e4408d3f1247884b71451a0abcf) (TextScriptImporter) -> (artifact id: '5f6be654156818ac684fb127434d5dc4') in 0.0008852 seconds
Start importing Packages/com.unity.searcher/ValidationExceptions.json using Guid(8a0fd4a8e3885488e9afc7e5e7ead9c6) (TextScriptImporter) -> (artifact id: '217c3114d5f41579590338b584649c06') in 0.0008314 seconds
Start importing Packages/com.unity.render-pipelines.core/LICENSE.md using Guid(ba4b5cdf8466e485ab792e0e4e45af25) (TextScriptImporter) -> (artifact id: 'cbf749fc26b67c615ba097e8d084c4a3') in 0.0007661 seconds
Start importing Packages/com.unity.inputsystem/InputSystem/Runtime/Plugins/PlayerInput/DefaultInputActions.inputactions using Guid(ca9f5fa95ffab41fb9a615ab714db018) (ScriptedImporter) -> (artifact id: '78cd38d0f328058c1e3c5cbacd790220') in 0.0146584 seconds
Start importing Packages/com.unity.modules.unitywebrequestwww/package.json using Guid(fa27413e9edb06a6058d6c894eca0338) (PackageManifestImporter) -> (artifact id: '544e02c2e4fff416b5755915f1fd3dbb') in 0.001091 seconds
Start importing Assets/TextMesh Pro/Resources/LineBreaking Following Characters.txt using Guid(fade42e8bc714b018fac513c043d323b) (TextScriptImporter) -> (artifact id: '77f9cecdb60ef9d63271c01a62cc879f') in 0.0008625 seconds
Start importing Packages/com.unity.modules.unitywebrequestaudio/package.json using Guid(4b518b37798c97b0f860962cbf615533) (PackageManifestImporter) -> (artifact id: 'ef897d7e225c33dae9315c5417c1634d') in 0.0008068 seconds
Start importing Packages/com.gamefoundation.conformance/package.json using Guid(8be2a577976f3204bbbebd6d78ba50af) (PackageManifestImporter) -> (artifact id: '0495a5cf18a61b99517935a5fd24358c') in 0.0008184 seconds
Start importing Packages/com.unity.modules.hierarchycore/package.json using Guid(9b1a5759726ef9d39a0ab82047b615f1) (PackageManifestImporter) -> (artifact id: '2c156e03cb13bcc2a06b8c9b0a7a8ac4') in 0.0007864 seconds
Start importing Packages/com.unity.render-pipelines.core/Tests/Editor/RenderPipeline/SettingsStrippingResults/no_strippers_active_no_settings.json using Guid(dbc864b8cdd37be4e8900a8efad3efc5) (TextScriptImporter) -> (artifact id: '7c395ed94f17782f9d6d2e2bc430e142') in 0.0007211 seconds
Start importing Packages/com.unity.render-pipelines.core/Tests/Editor/UnifiedRayTracing/TraceRaysAndFetchAttributes.urtshader using Guid(fbc59f55df2416344b008dc23753cae2) (ScriptedImporter)
Compiling Ray Tracing Shader "TraceRaysAndFetchAttributes.urtshader", keywords = <no keywords>
    finished in 0.02 seconds. Local cache hits 0, remote cache hits 0, compiled 1 platform variants
 -> (artifact id: 'a17c1ef9137528ddb34edb686d7f17ec') in 0.0280127 seconds
Start importing Packages/com.unity.searcher/CHANGELOG.md using Guid(0ce03cb7950ade54ab84650691ce7a38) (TextScriptImporter) -> (artifact id: 'c0bda8e45c65ab46da260c3dbddf89ee') in 0.0010283 seconds
Start importing Packages/com.unity.render-pipelines.core/Editor/ScriptTemplates/BlitSRP.txt using Guid(0c69256ff57964383b6408cfd6119fb3) (TextScriptImporter) -> (artifact id: 'ac577b8f342759c518e087b1be22f5fd') in 0.0008772 seconds
Start importing Packages/com.unity.modules.xr/package.json using Guid(2c814623cb42764d304be0c5ddd03ceb) (PackageManifestImporter) -> (artifact id: '5cf90f838d6837d1fee4108bf50e9644') in 0.0008892 seconds
Start importing Packages/com.unity.modules.adaptiveperformance/package.json using Guid(4c413a81cadcce7038e446e56570117e) (PackageManifestImporter) -> (artifact id: 'a6f258ba23d61d479758aecde11c60fd') in 0.0009762 seconds
Start importing Packages/com.unity.test-framework.performance/CHANGELOG.md using Guid(5cb0d418e2eda6f4a8ebfe6910c17dd4) (TextScriptImporter) -> (artifact id: '3436c06b2726384414a57b49a5354c10') in 0.0009169 seconds
Start importing Packages/com.gamefoundation.game-template/README.md using Guid(8cae86ff241316b4dbca8b22a564a78a) (TextScriptImporter) -> (artifact id: '3595cbf0d0678d9dfc77abe4a134e808') in 0.0008679 seconds
Start importing Packages/com.unity.test-framework.performance/LICENSE.md using Guid(9c8887056eaaa7e4888ca0131e2892da) (TextScriptImporter) -> (artifact id: '94c44230087ad053bedd3bffe6bba333') in 0.0008807 seconds
Start importing Packages/com.gamefoundation.adapter.unity/README.md using Guid(bc1b5c1fe32b7d54a8468edd5b717159) (TextScriptImporter) -> (artifact id: 'b73ccf208b7ae52dab5cf9b5f95ce390') in 0.0008815 seconds
Start importing Packages/com.unity.modules.director/package.json using Guid(ec02776fe29df900b897106d61977735) (PackageManifestImporter) -> (artifact id: '050663fa3328fcc8ba0607ef180c9ff4') in 0.0009466 seconds
Start importing Packages/com.unity.ugui/LICENSE.md using Guid(4d3d51749e989f747b2674e0b4d9b3d7) (TextScriptImporter) -> (artifact id: 'ae566241d6b201e35280c27d51ece7ee') in 0.0025456 seconds
Start importing Packages/com.gamefoundation.game-template/data/game/combat/combat.hit_table_config.json using Guid(4d6ffb95361ef5e42ae24b39c3273107) (TextScriptImporter) -> (artifact id: '4bf301a045736b12d5b89483ee19dc99') in 0.0010053 seconds
Start importing Packages/com.unity.ext.nunit/README.md using Guid(5da62a0c1c5218c4aa16b74546a7822d) (TextScriptImporter) -> (artifact id: 'ebd2415c4602e9e8df3bcf5433f75a5e') in 0.0009138 seconds
Start importing Packages/com.unity.modules.terrain/package.json using Guid(6d56244f8c39a851975d3c0bd432c66f) (PackageManifestImporter) -> (artifact id: '7f03c5409fa603fad1c4d8ccf7d0f4c3') in 0.0009765 seconds
Start importing Packages/com.unity.2d.sprite/package.json using Guid(7dc5f1e5d04ac8549ac21802071e983b) (PackageManifestImporter) -> (artifact id: '0fa520f2958983bac20533b143977a63') in 0.0011354 seconds
Start importing Packages/com.unity.render-pipelines.universal/Runtime/RendererFeatures/SurfaceCacheGI/SurfaceCacheCore/RestirCandidateTemporal.urtshader using Guid(ad3a9f9982f8c4f4a839a78955e78458) (ScriptedImporter)
Compiling Ray Tracing Shader "RestirCandidateTemporal.urtshader", keywords = <no keywords>
    finished in 0.08 seconds. Local cache hits 0, remote cache hits 0, compiled 1 platform variants
 -> (artifact id: '4d22360aa9c51e85ed5a72281721f9be') in 0.0903279 seconds
Start importing Packages/com.unity.collections/package.json using Guid(bd605698a338c4de88bb5b3c4632af68) (PackageManifestImporter) -> (artifact id: '7259b18c7740ce0b5568a424fd97c79a') in 0.0009603 seconds
Start importing Packages/com.unity.modules.androidjni/package.json using Guid(bd1af0a6633ee94ae21c7d1d702cdc12) (PackageManifestImporter) -> (artifact id: 'e8484e022b3ccedd12256bf63c408f83') in 0.0008034 seconds
Start importing Packages/com.unity.render-pipelines.core/Tests/Editor/RenderPipeline/SettingsStrippingResults/RemoveAStripper_A_B_C.json using Guid(bd5d01b5acb573241ba5d80705a999f3) (TextScriptImporter) -> (artifact id: 'a21c5cc9e5c527926b177714a3454443') in 0.0007337 seconds
Start importing Packages/com.unity.ide.visualstudio/CONTRIBUTING.md using Guid(cd78ce5b75b8be84d8b94cd99903161f) (TextScriptImporter) -> (artifact id: '542e6d31e419f5fa86c170ffaf92cbe7') in 0.0007808 seconds
Start importing Packages/com.unity.render-pipelines.core/Tests/Editor/ShaderStripping/Results/UI_Default_Sprites_Default_5_0.json using Guid(edc0bb404a0b82742bb56f3c56b35ff4) (TextScriptImporter) -> (artifact id: 'f26b9ed26c25c59223e393ca47198c16') in 0.0007177 seconds
Start importing Packages/com.unity.ugui/PackageConversionData_Assets.json using Guid(0e0afa652c0031c48896a97b424d027b) (TextScriptImporter) -> (artifact id: '804ed7b65d087f01b748fb71ecdd6f77') in 0.0007472 seconds
Start importing Packages/com.unity.nuget.mono-cecil/CHANGELOG.md using Guid(1eb7e6f92b1d7d64ba0a48ea751728f3) (TextScriptImporter) -> (artifact id: '4c1390cdc63d6dac699fcaaee8295b96') in 0.0007723 seconds
Start importing Packages/com.gamefoundation.game-template/data/game/l10n/l10n.locale.json using Guid(1edb830759c3bda49a502b082b849b00) (TextScriptImporter) -> (artifact id: '096bd706f05cc33cfeee433cfa781e64') in 0.0007097 seconds
Start importing Packages/com.gamefoundation.game-template/data/game/diff/diff.tier.json using Guid(2ef7288300eb7cd449c0f246cf682e2f) (TextScriptImporter) -> (artifact id: '90f19890b15d8c11377bb8186122f213') in 0.000853 seconds
Start importing Packages/com.unity.collections/Unity.Collections.PerformanceTests/Unity.PerformanceTesting.Benchmark/README.md using Guid(2e3a7e16dc0bd2346a2514dd143105a9) (TextScriptImporter) -> (artifact id: '2d8ec273cd61e627d91d5aab903147f7') in 0.0007304 seconds
Start importing Packages/com.unity.test-framework/LICENSE.md using Guid(3ec7596410385054a9e0bc90377fbe63) (TextScriptImporter) -> (artifact id: '0186e104071661cdf600f060f6e90c25') in 0.0008942 seconds
Start importing Packages/com.unity.render-pipelines.universal-config/CHANGELOG.md using Guid(5e031dc4f3118ad44b907737119d7ed1) (TextScriptImporter) -> (artifact id: '6aecb873ddfa687996c2814c4f9c2114') in 0.00085 seconds
Start importing Packages/com.unity.mathematics/ValidationExceptions.json using Guid(5ed727127196a4ecc90e24e2cd7af338) (TextScriptImporter) -> (artifact id: '4cc76c19a2de3daa0998756408ae203b') in 0.0008074 seconds
Start importing Assets/TextMesh Pro/Fonts/LiberationSans - OFL.txt using Guid(6e59c59b81ab47f9b6ec5781fa725d2c) (TextScriptImporter) -> (artifact id: '82179502bf8a47e16c55a05f30788e14') in 0.0009456 seconds
Start importing Packages/com.unity.modules.animation/package.json using Guid(7ef8348b8ea834d7e1bc214b07f7fb87) (PackageManifestImporter) -> (artifact id: '0ce165297b0905ed3c714c8d81c161e8') in 0.0007676 seconds
Start importing Packages/com.gamefoundation.adapter.unity/Tests/Runtime/TestDataQuestDayProvider/quest/quest.def.json using Guid(aefb44af35e442c5ac7d587c582eaeba) (TextScriptImporter) -> (artifact id: 'd897f995fcfac8bca134390fb8a9cbc3') in 0.0008067 seconds
Start importing Packages/com.unity.nuget.mono-cecil/README.md using Guid(beaa90bac8bb70d439d582bca35465cb) (TextScriptImporter) -> (artifact id: 'ff3829100b7fb7af99a5e40096540b02') in 0.0008394 seconds
Start importing Packages/com.unity.render-pipelines.universal/Editor/RendererFeatures/NewPostProcessVolumeComponent.cs.txt using Guid(de03ee604e709ec44b8356ef5776a893) (TextScriptImporter) -> (artifact id: 'ebaf6c8369708d418f833efd7ec8ea8c') in 0.0008644 seconds
Start importing Packages/com.unity.render-pipelines.universal/LICENSE.md using Guid(eecaac92122b4407f8bf4998e8708aee) (TextScriptImporter) -> (artifact id: '49ca42a80feb51d4198d83afdc547c84') in 0.0007714 seconds
Start importing Packages/com.unity.render-pipelines.core/THIRD PARTY NOTICES.md using Guid(eefc64b67f7aad040905b2000990f5f3) (TextScriptImporter) -> (artifact id: '413155e29d7bd2f271b20187dd1b556a') in 0.0008084 seconds
Start importing Packages/com.unity.collections/pvpExceptions.json using Guid(fee59c2b2318a7e4fa7a2c2af28d9553) (TextScriptImporter) -> (artifact id: 'b3fc5991a944805a1264cd70468482ad') in 0.0008293 seconds
Start importing Packages/com.unity.render-pipelines.universal/Third Party Notices.md using Guid(feee7af7dbba54f55abd26b21ca99071) (TextScriptImporter) -> (artifact id: 'ce43c6b0fa1fb40c867d7a532fb0bcd3') in 0.000739 seconds
Start importing Packages/com.unity.burst/Unity.Burst.Unsafe.xml using Guid(1f35a383fc36434aaf9e13a75fba3b24) (TextScriptImporter) -> (artifact id: 'ff3d38efe50ba85b8e613e8b40a302c6') in 0.000788 seconds
Start importing Packages/com.unity.ide.visualstudio/LICENSE.md using Guid(1fe9e6e1ae93cf64bbdfbd29300752e1) (TextScriptImporter) -> (artifact id: 'e29000ad732133c7f8f651b06de6ed15') in 0.0008691 seconds
Start importing Packages/com.unity.render-pipelines.core/Tests/Editor/RenderPipeline/SettingsStrippingResults/WrongStripper_A_B_C.json using Guid(2fe8312442a2a0d45b36a4263a7b0849) (TextScriptImporter) -> (artifact id: '356c5133c549f8761907526d5a34394d') in 0.000769 seconds
Start importing Packages/com.unity.render-pipelines.universal/ValidationConfig.json using Guid(3f7d69b580ef4c288896687cfed86996) (TextScriptImporter) -> (artifact id: '17fffaa824e2105950f6ff2941394512') in 0.0008593 seconds
Start importing Packages/com.unity.modules.unitywebrequest/package.json using Guid(3fdd83b151eb8d25c5e2f82fc39dcb04) (PackageManifestImporter) -> (artifact id: 'dd8e3d3d718b3295cafb73aeafc2d7e8') in 0.0008078 seconds
Start importing Packages/com.unity.modules.uielements/package.json using Guid(4f0f9b9f3ed97ad2b9ba8f1a8e4666c2) (PackageManifestImporter) -> (artifact id: 'b4bf06aa21c6a6487308088a12a0a110') in 0.0009363 seconds
Start importing Packages/com.gamefoundation.adapter.unity/Tests/Runtime/TestData/found/found.time_model.json using Guid(5fe438b23ffaa8045a436c4222989aea) (TextScriptImporter) -> (artifact id: '2e06875db9a719302eb76b26d664cfcb') in 0.0008338 seconds
Start importing Packages/com.unity.collections/ValidationExceptions.json using Guid(6fe576033d6a2424c888d599967457a2) (TextScriptImporter) -> (artifact id: 'b8a1a3c61391e93450a34b7ee0eb7ab9') in 0.0010499 seconds
Start importing Packages/com.gamefoundation.adapter.unity/package.json using Guid(6fcdf72a3db688c4398ab7e9f136898b) (PackageManifestImporter) -> (artifact id: 'c942e89ea140aed857a0bad45eabbac5') in 0.0007992 seconds
Start importing Assets/TextMesh Pro/Sprites/EmojiOne.json using Guid(8f05276190cf498a8153f6cbe761d4e6) (TextScriptImporter) -> (artifact id: 'c087afcd9fdb46f879f61f3f92c1b05c') in 0.0007918 seconds
Start importing Packages/com.unity.nuget.mono-cecil/LICENSE.md using Guid(9fc87c3ee46f3b34e97e18e4fcac8151) (TextScriptImporter) -> (artifact id: '13db5c1c52a2323cebee3d982604db8f') in 0.0007743 seconds
Start importing Packages/com.unity.collections/README.md using Guid(af5aad29a2c56fd449428c9041fc68bb) (TextScriptImporter) -> (artifact id: 'abc237ae162c991a85f60885f7f75ab1') in 0.000875 seconds
Start importing Packages/com.unity.modules.ui/package.json using Guid(bfd567a3d1631a761bca9e99fa53d86d) (PackageManifestImporter) -> (artifact id: 'b6a9b41c4f747864b57f61357f87e39b') in 0.000759 seconds
Start importing Packages/com.unity.ext.nunit/Third Party Notices.md using Guid(bfcb3ba499f7d452b92d9a9cc3378788) (TextScriptImporter) -> (artifact id: 'a0ad95160bf24b81a3492900b4dce76e') in 0.0007749 seconds
Start importing Packages/com.gamefoundation.game-template/data/README.md using Guid(dfef7814f46467f4f9ce7d4ded481609) (TextScriptImporter) -> (artifact id: '5262cf5463065ead12b313524d60570d') in 0.0007591 seconds
Start importing Packages/com.unity.render-pipelines.core/Editor/Lighting/ProbeVolume/VirtualOffset/TraceVirtualOffset.urtshader using Guid(ff2cbab5da58bf04d82c5f34037ed123) (ScriptedImporter)
Compiling Ray Tracing Shader "TraceVirtualOffset.urtshader", keywords = <no keywords>
    finished in 0.05 seconds. Local cache hits 0, remote cache hits 0, compiled 1 platform variants
 -> (artifact id: 'c1c1b4b438457e38907373356eb2316c') in 0.0562609 seconds
Start importing Packages/com.unity.render-pipelines.core/Runtime/Debugging/Prefabs/Widgets/DebugUIMessageBox.prefab using Guid(10a25524b0986f9488b430e2829bbbe8) (PrefabImporter) -> (artifact id: '2529a6e3f52fd1c781d9f2036e351de9') in 0.0065546 seconds
Start importing Packages/com.unity.render-pipelines.core/Runtime/Debugging/Prefabs/Widgets/DebugUIToggleHistory.prefab using Guid(5088d0220f0c4df439cf06c5c270eacb) (PrefabImporter) -> (artifact id: '525a849049822a96aff9be2cdad79037') in 0.005132 seconds
Start importing Packages/com.unity.render-pipelines.core/Runtime/Debugging/Prefabs/Widgets/DebugUIVector2.prefab using Guid(326f7c58aed965d41bf7805a782d1e44) (PrefabImporter) -> (artifact id: '6012fb9933fe45f691587eb6dff8da0e') in 0.0040906 seconds
Start importing Packages/com.unity.render-pipelines.core/Runtime/Debugging/Prefabs/Widgets/DebugUIHandlerRenderingLayerField.prefab using Guid(928d1ca04af80c84e8d5dabc18095d79) (PrefabImporter) -> (artifact id: '8f430a4d4efc9f476e39be8181ef16eb') in 0.0109083 seconds
Start importing Packages/com.unity.render-pipelines.core/Runtime/Debugging/Prefabs/Widgets/DebugUIValueTuple.prefab using Guid(a2148203dd960814ca5db0c293ceda35) (PrefabImporter) -> (artifact id: '7311129e75e5069cc22f51ae857f68b5') in 0.0023123 seconds
Start importing Packages/com.unity.render-pipelines.core/Runtime/Debugging/Prefabs/Widgets/DebugUIEnumHistory.prefab using Guid(b2da6b27df236b144b3516ed8e7d36ac) (PrefabImporter) -> (artifact id: '55cff24757b2e54ed34b5ea24892c266') in 0.0020359 seconds
Start importing Packages/com.unity.render-pipelines.core/Runtime/Debugging/Prefabs/Widgets/DebugUIUIntField.prefab using Guid(f22bcc84a5f4a1944b075a2c4ac71493) (PrefabImporter) -> (artifact id: '10761040243a1be6b826bb787c52e632') in 0.0037519 seconds
Start importing Packages/com.unity.render-pipelines.core/Runtime/Debugging/Prefabs/Widgets/DebugUIProgressBar.prefab using Guid(d3770aaa3bbd8384aabab9ddd383e21e) (PrefabImporter) -> (artifact id: '532283c848ed06270c07ddd6623ba17f') in 0.0020795 seconds
Start importing Packages/com.unity.render-pipelines.core/Runtime/Debugging/Prefabs/Widgets/DebugUIVector3.prefab using Guid(94afea5f242d72547979595ba963f335) (PrefabImporter) -> (artifact id: 'b09f7d3c4af4f9864d844c0c95bb2b6c') in 0.0036586 seconds
Start importing Packages/com.unity.render-pipelines.core/Runtime/Debugging/Prefabs/Widgets/DebugUIVector4.prefab using Guid(d47f009476100f545971a81ede14c750) (PrefabImporter) -> (artifact id: 'f674d70d444da669d4485ae348ac20bb') in 0.003261 seconds
Start importing Packages/com.unity.render-pipelines.universal/Tests/Editor/Tools/Converters/ReadonlyMaterialConverter/Cube.prefab using Guid(95cb9745d0f90ed4cb2976ad2147b05d) (PrefabImporter) -> (artifact id: '3e867e30ff07d7a2f417e37405d2812c') in 0.0021615 seconds
Start importing Packages/com.unity.render-pipelines.core/Runtime/Debugging/Prefabs/Resources/DebugUIPersistentCanvas.prefab using Guid(f6b1a0fe75d5009449cf55ae76220e2b) (PrefabImporter) -> (artifact id: '17faee91fcf8f5d62a27557e171eaa21') in 0.0027909 seconds
Start importing Packages/com.unity.render-pipelines.core/Runtime/Debugging/Prefabs/Widgets/DebugUIButton.prefab using Guid(f6ce33b91f6ffe54cadacbf4bb112440) (PrefabImporter) -> (artifact id: 'c72464b4a83abdd37f2c607812b8896d') in 0.0020234 seconds
Start importing Packages/com.unity.render-pipelines.core/Runtime/Debugging/Prefabs/Widgets/DebugUIColor.prefab using Guid(77c185820dd1a464eac89cae3abccddf) (PrefabImporter) -> (artifact id: '09547a43400c87c159569516b3cba2b4') in 0.0037345 seconds
Start importing Packages/com.unity.render-pipelines.core/Runtime/Debugging/Prefabs/Widgets/DebugUIValuePersistent.prefab using Guid(8778e6b26b51c6a4999b94d7cacd8b5d) (PrefabImporter) -> (artifact id: 'dfd5113db165c283be461192ec58f2cd') in 0.0019282 seconds
Start importing Packages/com.unity.render-pipelines.core/Runtime/Debugging/Prefabs/Widgets/DebugUIHBox.prefab using Guid(f7f5e36797cf0c1408561665c67b179b) (PrefabImporter) -> (artifact id: '9b1daa27e385bb140e2196471c55c037') in 0.0018236 seconds
Start importing Packages/com.unity.render-pipelines.core/Runtime/Debugging/Prefabs/Widgets/DebugUIGroup.prefab using Guid(38a07789c9e87004dad98c2909f58369) (PrefabImporter) -> (artifact id: '0f7266bafa6a578ab6798d220f57b163') in 0.0022158 seconds
Start importing Packages/com.unity.render-pipelines.core/Runtime/Debugging/Prefabs/Widgets/DebugUIObjectPopupField.prefab using Guid(48fb043c850cadc4a883b53785e14c6e) (PrefabImporter) -> (artifact id: '7f66197973a3f95c9734954421454e84') in 0.002165 seconds
Start importing Packages/com.unity.render-pipelines.core/Runtime/Debugging/Prefabs/Widgets/DebugUIEnumField.prefab using Guid(988db55689193434fb0b3b89538f978f) (PrefabImporter) -> (artifact id: 'ba470cbac19b89d75b6321f497c2d893') in 0.002001 seconds
Start importing Packages/com.unity.render-pipelines.core/Runtime/Debugging/Prefabs/Widgets/DebugUIObject.prefab using Guid(a87cfaef648f17c41b568e842e068c51) (PrefabImporter) -> (artifact id: '13ac4ebecfc774f4e78f97e57b17c277') in 0.0019128 seconds
Start importing Packages/com.unity.render-pipelines.core/Runtime/Debugging/Prefabs/Widgets/DebugUIFloatField.prefab using Guid(d8c744701b43c864b88e7f8144e19bc5) (PrefabImporter) -> (artifact id: 'd3c73b63a9f9ecf490e7ac73887d02d1') in 0.0022704 seconds
Start importing Packages/com.unity.render-pipelines.core/Runtime/Debugging/Prefabs/Widgets/DebugUIVBox.prefab using Guid(ca3e294656861a64b8aeeb9f916da0a9) (PrefabImporter) -> (artifact id: 'a341d5fd4c07c44fa91e200462cae40b') in 0.0017649 seconds
Start importing Packages/com.unity.render-pipelines.core/Runtime/Debugging/Prefabs/Widgets/DebugUIPanel.prefab using Guid(daa46a58178a6ad41ae1ddc2dc7f856d) (PrefabImporter) -> (artifact id: '62cb9a82e5fc3fa6c93cb2ee94384bfe') in 0.0061054 seconds
Start importing Packages/com.unity.render-pipelines.core/Runtime/Debugging/Prefabs/Widgets/DebugUIFoldout.prefab using Guid(1c87ab2ce8b8b304d98fbe9a734b1f74) (PrefabImporter) -> (artifact id: '20721c68d5e04122ca7aef44bac56651') in 0.0020614 seconds
Start importing Packages/com.unity.render-pipelines.core/Runtime/Debugging/Prefabs/Widgets/DebugUIBitField.prefab using Guid(7c78b588b2e1f7c4a86ca4a985cf6e4a) (PrefabImporter) -> (artifact id: '67f814f7f9a9a2e5fa54abb770266236') in 0.0108543 seconds
Start importing Packages/com.unity.render-pipelines.core/Runtime/Debugging/Prefabs/Widgets/DebugUIValue.prefab using Guid(dc0f88987826e6e48b1fe9c7c2b53a53) (PrefabImporter) -> (artifact id: 'a39e7558951160a2cea43e65ae4e1a40') in 0.00167 seconds
Start importing Packages/com.unity.render-pipelines.core/Runtime/Debugging/Prefabs/Widgets/DebugUIRow.prefab using Guid(2d019437ff89b8d44949727731cd9357) (PrefabImporter) -> (artifact id: 'ccd974bd584f527fa76e6f0c116ff3c9') in 0.0020774 seconds
Start importing Packages/com.unity.render-pipelines.core/Runtime/Debugging/Prefabs/Widgets/DebugUIObjectList.prefab using Guid(ad83bc56407925d44a77a5bd01cd6783) (PrefabImporter) -> (artifact id: '757369b80aa6e1ac3d09df04654ba55a') in 0.0021886 seconds
Start importing Packages/com.unity.render-pipelines.core/Runtime/Debugging/Prefabs/Widgets/DebugUIIntField.prefab using Guid(ae00bb75e0cd5b04b8fe7fb4ab662629) (PrefabImporter) -> (artifact id: '1d2b99146c214aa094e27f2ba05dc7c4') in 0.0023424 seconds
Start importing Packages/com.unity.render-pipelines.core/Runtime/Debugging/Prefabs/Widgets/DebugUIToggle.prefab using Guid(ce347ad101f41ee4ab5c3fbc0ea447db) (PrefabImporter) -> (artifact id: 'af79da3636552754734b3b63cd5a48b4') in 0.0018933 seconds
Start importing Assets/Resources/GameFoundation/models/placeholder_biped.prefab using Guid(bff5ae064ae50d540b60d2b9f81afb69) (PrefabImporter) -> (artifact id: 'd0853f0febd2c778cec2c8c780051121') in 0.0017545 seconds
Start importing Packages/com.unity.render-pipelines.core/Runtime/Debugging/Prefabs/Resources/DebugUICanvas.prefab using Guid(cf6cbdd672089a84796e55a21fed1cbe) (PrefabImporter) -> (artifact id: '64867316862b75b07a5d60db6ccca513') in 0.0168825 seconds
Start importing Packages/com.unity.shadergraph/Editor/Resources/Styles/SGBlackboard.uss using Guid(00d735264dc3c1849bf2ee8dec95ec39) (ScriptedImporter) -> (artifact id: '679a974ecae95d3671376545506969c9') in 0.0249885 seconds
Start importing Packages/com.unity.render-pipelines.core/Editor/StyleSheets/HeaderFoldout.uss using Guid(20e417e1ec9645d44ad61671212c15f7) (ScriptedImporter) -> (artifact id: 'fe56346edbb9a285b6fb387b17b6da1f') in 0.0122651 seconds
Start importing Packages/com.unity.shadergraph/Editor/Resources/Styles/Controls/IntegerControlView.uss using Guid(600766c36ef866641959f10610a7ee4f) (ScriptedImporter) -> (artifact id: '2b64f980d5b6b933157a1d1eb54516d8') in 0.001871 seconds
Start importing Packages/com.unity.render-pipelines.universal/Editor/Converter/converter_widget_main.uss using Guid(012f251bbb5d36246a87499f75dd8b24) (ScriptedImporter) -> (artifact id: '8e939beb482db4a9c29d6fa2346cbf93') in 0.0021776 seconds
Start importing Packages/com.unity.shadergraph/Editor/Resources/Resizable.uss using Guid(419e3929026046a4797ab0c35f33a788) (ScriptedImporter) -> (artifact id: '3e1861abfb111fffe9f1bcab5a411ce7') in 0.0025329 seconds
Start importing Packages/com.unity.shadergraph/Editor/Resources/Styles/Controls/ScreenPositionSlotControlView.uss using Guid(61a89c57c8aee6c43ac9433a7a5dbf9e) (ScriptedImporter) -> (artifact id: '811418541aee5858989217f0e28dfb43') in 0.0017163 seconds
Start importing Packages/com.unity.shadergraph/Editor/Resources/Styles/PixelCacheProfiler.uss using Guid(61cf67e9c1f54ceab08d2bd16ffd3c53) (ScriptedImporter) -> (artifact id: 'a787d9ed46d6ea84c706cde0d27f0f66') in 0.0017143 seconds
Start importing Packages/com.unity.shadergraph/Editor/Resources/Styles/Controls/CubemapSlotControlView.uss using Guid(81f64e9003fb9674889a56938f078eb0) (ScriptedImporter) -> (artifact id: 'df61a52f0323c7452b78f163e5849c57') in 0.001644 seconds
Start importing Packages/com.unity.shadergraph/Editor/Resources/Styles/MasterPreviewView.uss using Guid(a141d7b330b4c764ab25b2ba4ac38b2f) (ScriptedImporter) -> (artifact id: 'c5b5704039112a9fbff93adde842ee9e') in 0.0025002 seconds
Start importing Packages/com.unity.shadergraph/Editor/Resources/Styles/RedirectNode.uss using Guid(e1a4e0aa330ca2f43b4625b248a0539e) (ScriptedImporter) -> (artifact id: '8537a848e444c79edb4b937a447fdafa') in 0.0027866 seconds
Start importing Packages/com.unity.shadergraph/Editor/Resources/Styles/Controls/TextureArraySlotControlView.uss using Guid(223e574ec2e9a40e690b2d94380057cf) (ScriptedImporter) -> (artifact id: '0d1f8d1cda305e373be07adc266c2f13') in 0.0017346 seconds
Start importing Packages/com.unity.render-pipelines.core/Editor/StyleSheets/RenderPipelineGlobalSettings.uss using Guid(925e22fd08389624bbc859935ca73339) (ScriptedImporter) -> (artifact id: '00255e12eac4770bd0257fddaf1c3f55') in 0.0022821 seconds
Start importing Packages/com.unity.render-pipelines.universal/Editor/Converter/converter_editor.uss using Guid(0356b27d63ed56a4c9b6fa5b729c89f8) (ScriptedImporter) -> (artifact id: '9df631ff891044685b6aa930783ffec9') in 0.0022946 seconds
Start importing Packages/com.unity.shadergraph/Editor/Resources/Styles/ShaderPort.uss using Guid(736551d82e9cda54b8f6f606ebc6de27) (ScriptedImporter) -> (artifact id: '7d0cf9aa09ce30e51f47498278d121ec') in 0.0042917 seconds
Start importing Packages/com.unity.render-pipelines.core/Editor/StyleSheets/DefaultVolumeProfileEditor.uss using Guid(83a028a39a272694784e78db21cff69b) (ScriptedImporter) -> (artifact id: 'c72e3dcf7738a92d1fef2c491f2f8473') in 0.003105 seconds
Start importing Packages/com.unity.shadergraph/Editor/Resources/Styles/PropertyNameReferenceField.uss using Guid(93842094f0dbac941bac7d2af67241b3) (ScriptedImporter) -> (artifact id: 'ec7e9ea31c73b96b27fb31a59b044608') in 0.0027207 seconds
Start importing Packages/com.unity.shadergraph/Editor/Resources/Styles/HeatmapValuesEditor.uss using Guid(54f2b0dd16c64e699842f28e948cc04b) (ScriptedImporter) -> (artifact id: 'd18e0d6a0bd630fdbe4412cd9dc25e33') in 0.0021961 seconds
Start importing Packages/com.unity.shadergraph/Editor/Resources/Styles/UITKMasterNodePreview.uss using Guid(7471d1c0502da124ba03a8b0379a265e) (ScriptedImporter) -> (artifact id: '1f41bf6fb0512bc782dc1d4cf0544d78') in 0.0071277 seconds
Start importing Packages/com.unity.shadergraph/Editor/Resources/Styles/GraphSubWindow.uss using Guid(74741f330ea4fe848977aa5900880f7b) (ScriptedImporter) -> (artifact id: '3b9d1be6f1be77f44cd045a6e1465cb8') in 0.0036932 seconds
Start importing Packages/com.unity.shadergraph/Editor/Resources/Styles/MaterialNodeView.uss using Guid(c47827ee6a0eadd4288dede8e3993da3) (ScriptedImporter) -> (artifact id: '35cf5e1b398f3ea46b5959c9d8cd412f') in 0.0056296 seconds
Start importing Packages/com.unity.shadergraph/Editor/Resources/Styles/Controls/SliderControlView.uss using Guid(e425c4562a777aa40a6daed5f97d03b7) (ScriptedImporter) -> (artifact id: '24d3c69c62a77e5653b77009067ce52b') in 0.0032504 seconds
Start importing Packages/com.unity.2d.sprite/Editor/UI/SpriteEditor/SpriteEditorToolbar.uss using Guid(35f4ee23cc5e408190298151beab219a) (ScriptedImporter) -> (artifact id: 'f20e445b007647272962ef7ec20d1d75') in 0.0033862 seconds
Start importing Packages/com.unity.2d.sprite/Editor/UI/SpriteEditor/SpriteOutlineToolOverlayPanelStyle.uss using Guid(453cfcbf89b424ad9a293b19d1e3d4bb) (ScriptedImporter) -> (artifact id: '248c73e4c17218fb73bc37991d72e987') in 0.0036565 seconds
Start importing Packages/com.unity.inputsystem/InputSystem/Editor/AssetImporter/InputActionImporterEditor.uss using Guid(75f1bd16a0cc446448d0702e965aa290) (ScriptedImporter) -> (artifact id: '6c83aba038009e4eabcdc4a6fe60ddf8') in 0.0025626 seconds
Start importing Packages/com.unity.shadergraph/Editor/Resources/Styles/PropertyNodeView.uss using Guid(0620899e56d69964ba2cbda1de01bbe2) (ScriptedImporter) -> (artifact id: '598b7af103982579fe7082892b193fae') in 0.0024469 seconds
Start importing Packages/com.unity.shadergraph/Editor/Resources/Styles/MaterialGraph.uss using Guid(466e6b269ff1900438e46c66af51cef8) (ScriptedImporter) -> (artifact id: '159f0dc0edd403bf037c0b7d5d972635') in 0.0015942 seconds
Start importing Packages/com.unity.shadergraph/Editor/Resources/Styles/Controls/PopupControlView.uss using Guid(5632d12a476944a4c96410178f559fd3) (ScriptedImporter) -> (artifact id: '74c8ed96ccb9fdab341a909c41c8d62e') in 0.0018329 seconds
Start importing Packages/com.unity.shadergraph/Editor/Resources/Styles/Controls/GradientSlotControlView.uss using Guid(76dc05b36584d4d0085b786ca1b29fe3) (ScriptedImporter) -> (artifact id: '054914a2857f7b304cddc71588e13254') in 0.0016795 seconds
Start importing Packages/com.unity.shadergraph/Editor/Resources/Styles/ReorderableSlotListView.uss using Guid(86af34a821ab1e64aa04298dc9cafb4e) (ScriptedImporter) -> (artifact id: '62e665eb6d811d22ab07c70e61cc7ab1') in 0.0015091 seconds
Start importing Packages/com.unity.shadergraph/Editor/Resources/Styles/Controls/EnumConversionControlView.uss using Guid(96e6e59ca33b02f4e816a4693a642883) (ScriptedImporter) -> (artifact id: '28def985949651fb5a8bea690ada09bb') in 0.0018317 seconds
Start importing Packages/com.unity.shadergraph/Editor/Resources/Styles/Controls/ColorRGBASlotControlView.uss using Guid(a690636bb8883ea4db5f27192551b973) (ScriptedImporter) -> (artifact id: '3b687eb5f640796c1812baa0dd918086') in 0.0017557 seconds
Start importing Packages/com.unity.shadergraph/Editor/Resources/Styles/Controls/DielectricSpecularControlView.uss using Guid(b6e0d19d1d9f531419f20cd97c102ad5) (ScriptedImporter) -> (artifact id: '9470b92e7f6e7cec1dee3e141afc5d67') in 0.0024842 seconds
Start importing Packages/com.unity.shadergraph/Editor/Resources/Styles/Controls/TextControlView.uss using Guid(b60919d98f4e6f54681012e4d7ad2a01) (ScriptedImporter) -> (artifact id: 'a0175f86d6cffebfdca7ce93d01f9f54') in 0.0021728 seconds
Start importing Packages/com.unity.shadergraph/Editor/Resources/Styles/HlslFunctionView.uss using Guid(c6a3af95768504ef29093f7793eaf5f9) (ScriptedImporter) -> (artifact id: '85b749f48e80276e507e18dccee159a4') in 0.0022268 seconds
Start importing Packages/com.unity.shadergraph/Editor/Resources/Styles/CustomSlotLabelField.uss using Guid(07b35fab3034b5b4f92ad33b949d4340) (ScriptedImporter) -> (artifact id: '9acf936f0319520b1ab85aa1dd11897e') in 0.0017797 seconds
Start importing Packages/com.unity.render-pipelines.core/Editor/StyleSheets/RenderGraphViewerDark.uss using Guid(a74acab1c36b3344e95480f4d42afd55) (ScriptedImporter) -> (artifact id: 'f1b52dbc272b25385e35682914ee6beb') in 0.0105184 seconds
Start importing Packages/com.unity.shadergraph/Editor/Resources/Styles/Controls/BooleanSlotControlView.uss using Guid(c72bf0f50e306d944a1e48a2bb299082) (ScriptedImporter) -> (artifact id: '00b1f45bb787816b14d92693a2f86531') in 0.0017923 seconds
Start importing Packages/com.unity.render-pipelines.core/Editor/LookDev/DisplayWindow.uss using Guid(e78887bb3654fde48bc3bc31beb7c7e4) (ScriptedImporter) -> (artifact id: '8c82c45b0604067614d54080a7a46e5a') in 0.0059996 seconds
Start importing Packages/com.unity.shadergraph/Editor/Resources/Styles/InspectorView.uss using Guid(485099284bca84dcfbf9af86eb599f6f) (ScriptedImporter) -> (artifact id: 'cf98658f5ebcad59f2329af5164cead6') in 0.0027377 seconds
Start importing Packages/com.unity.shadergraph/Editor/Resources/Selectable.uss using Guid(58c573829af3c7c44aaf7d3125df048a) (ScriptedImporter) -> (artifact id: 'a3d360625e93a7414fbe882d10e2b17b') in 0.0019866 seconds
Start importing Packages/com.unity.shadergraph/Editor/Resources/Styles/Controls/MultiFloatControlView.uss using Guid(88a2f14704b95c04489527404f433249) (ScriptedImporter) -> (artifact id: 'd84d892f0ad2755ed7f5981dd019f3fe') in 0.0017845 seconds
Start importing Packages/com.unity.shadergraph/Editor/Resources/Styles/Controls/EnumControlView.uss using Guid(98e35cb4631356142bd2f27a5a31543e) (ScriptedImporter) -> (artifact id: 'a7747c0e90036eb1ca52208b1107869d') in 0.0017155 seconds
Start importing Packages/com.unity.shadergraph/Editor/Resources/Styles/GraphEditorView.uss using Guid(c8974112dad54614f894afd0042d3a60) (ScriptedImporter) -> (artifact id: '605144deb9021887d808fe875681d0db') in 0.0075368 seconds
Start importing Packages/com.unity.shadergraph/Editor/Resources/Styles/Controls/MultiFloatSlotControlView.uss using Guid(191128023ec19d143b9328a73ff33d8c) (ScriptedImporter) -> (artifact id: '1d616813e314174ade26ec9fef502dbb') in 0.0020998 seconds
Start importing Packages/com.unity.shadergraph/Editor/Resources/StickyNote.uss using Guid(49f440ce949d5b944bccdfef70f2aca7) (ScriptedImporter) -> (artifact id: '255291656c04f04341e96ced4079172a') in 0.0064171 seconds
Start importing Packages/com.unity.shadergraph/Editor/Resources/Styles/NodeSettings.uss using Guid(59bba4c88ab5f464d9a8f51088561c48) (ScriptedImporter) -> (artifact id: '4e1e17e479d801be67c3d03c099f12d4') in 0.0023484 seconds
Start importing Packages/com.unity.2d.sprite/Editor/SpriteEditor/SpriteEditorHintPopup/SpriteEditorHintPopup.uss using Guid(69524ff72550482dbe2ad3ae26b7f797) (ScriptedImporter) -> (artifact id: 'a876e06940064008fd457306e23448d4') in 0.0028 seconds
Start importing Packages/com.unity.shadergraph/Editor/Resources/Styles/Controls/TextureSlotControlView.uss using Guid(69d9130ff4b1d8847904bf9579adc7e0) (ScriptedImporter) -> (artifact id: '41e5feba403726b7a08ea17562c196d6') in 0.0018972 seconds
Start importing Packages/com.unity.shadergraph/Editor/Resources/Styles/Controls/UVSlotControlView.uss using Guid(79edeef1474952e41b017ad4ac812f5e) (ScriptedImporter) -> (artifact id: 'ee869cf43ac9a305f84a3ac58ac4ce34') in 0.0019062 seconds
Start importing Packages/com.unity.shadergraph/Editor/Resources/Styles/Controls/ChannelMixerControlView.uss using Guid(99d6d41531ec36841953987e7ae78317) (ScriptedImporter) -> (artifact id: 'c57b5b981798c244b2b2b144547f7070') in 0.0031289 seconds
Start importing Packages/com.unity.shadergraph/Editor/Resources/Styles/MaterialGraphView.uss using Guid(c95091ab1e1b926498a5938a7d0e1ef6) (ScriptedImporter) -> (artifact id: 'd919af0d66287bac0807af717cd796a6') in 0.0016323 seconds
Start importing Packages/com.unity.shadergraph/Editor/Resources/Styles/ColorMode.uss using Guid(d9a970c4d408c408b888ee0caa8403eb) (ScriptedImporter) -> (artifact id: '3505e0f12844f80daa3a70c096e41a73') in 0.0032846 seconds
Start importing Packages/com.unity.shadergraph/Editor/Resources/Styles/PropertyRow.uss using Guid(2af887df8cf23de4f9bf550f4e917c18) (ScriptedImporter) -> (artifact id: 'dd70f56617e5ad860cd130f697cd265b') in 0.0031856 seconds
Start importing Packages/com.unity.shadergraph/Editor/Resources/Styles/Controls/ToggleControlView.uss using Guid(8a80fd0ae214be84187160e65df52a8c) (ScriptedImporter) -> (artifact id: 'b2780de8278e27f5d11c3fb850cee2f9') in 0.0029536 seconds
Start importing Packages/com.unity.shadergraph/Editor/Resources/Styles/Controls/MultiIntegerSlotControlView.uss using Guid(da559d27fc411114ab78e3561b55270a) (ScriptedImporter) -> (artifact id: '6bc7ad337cb1cc357393d42e5d7fd1e3') in 0.004951 seconds
Start importing Packages/com.unity.shadergraph/Editor/Resources/Styles/Controls/ColorControlView.uss using Guid(4b038bc8dced2a440bc294aeff20a4ac) (ScriptedImporter) -> (artifact id: 'ee2bf1923ba5c78352836c5e287a345f') in 0.0053889 seconds
Start importing Packages/com.unity.render-pipelines.core/Editor/StyleSheets/HelpButton.uss using Guid(4b3af3115f6d00b41a5655ef26d54683) (ScriptedImporter) -> (artifact id: '842599868af38f0fff89dfc612a23dce') in 0.0045573 seconds
Start importing Packages/com.unity.render-pipelines.core/Editor/StyleSheets/RenderGraphViewerLight.uss using Guid(8bf46326c944b984c9084f09aef9b2e2) (ScriptedImporter) -> (artifact id: '6c5a7e65808626c54033b3482f44a2d1') in 0.0114074 seconds
Start importing Packages/com.unity.shadergraph/Editor/Resources/Styles/PortInputView.uss using Guid(1cea6b2114919574aac870488908a2e0) (ScriptedImporter) -> (artifact id: 'c16b5bd369df7b125d81fde0a04e73bb') in 0.0133916 seconds
Start importing Packages/com.unity.2d.sprite/Editor/UI/SpriteEditor/SpriteFrameCapabilityWindow.uss using Guid(6c7e9115f7d147358afe5f37134801db) (ScriptedImporter) -> (artifact id: 'f82459a1218bc2f353c85f24d4dcf086') in 0.0029389 seconds
Start importing Packages/com.unity.render-pipelines.core/Editor/LookDev/DisplayWindow-PersonalSkin.uss using Guid(7c95237923780ad4683f959f53629b60) (ScriptedImporter) -> (artifact id: 'c412e87127dbc10f41d22cfdcd66c74e') in 0.0024136 seconds
Start importing Packages/com.unity.shadergraph/Editor/Resources/Styles/PropertySheet.uss using Guid(acd20f0eca2b65544b43e657d5d713fe) (ScriptedImporter) -> (artifact id: '8af279a3ea610168609b6f3658e21591') in 0.002156 seconds
Start importing Packages/com.unity.render-pipelines.core/Editor/LookDev/Inspectors.uss using Guid(ac4993c3b6160894d896820a9648ff4d) (ScriptedImporter) -> (artifact id: '3620b1f98fe563c5fac382294a435773') in 0.0018455 seconds
Start importing Packages/com.unity.inputsystem/InputSystem/Editor/UITKAssetEditor/PackageResources/InputAssetEditorDark.uss using Guid(cca9ce0c8554d5244930f14c21489ac1) (ScriptedImporter) -> (artifact id: 'be80c8da3f71d6ce064e03d21cfeead7') in 0.0014942 seconds
Start importing Packages/com.unity.render-pipelines.core/Editor/StyleSheets/HeaderFoldoutLight.uss using Guid(dc364c42ee0194a4cace7e9e86e0b9dc) (ScriptedImporter) -> (artifact id: 'a951e11d1432587c40a737871203053c') in 0.001443 seconds
Start importing Packages/com.unity.shadergraph/Editor/Resources/Styles/Controls/ChannelEnumMaskControlView.uss using Guid(1db7b9bf1f9186d44ba7fefd3bc715c6) (ScriptedImporter) -> (artifact id: '4c5f37661ca2c215340b30f06aac7a58') in 0.0015884 seconds
Start importing Packages/com.unity.searcher/Editor/Resources/Searcher.uss using Guid(4deaa574907fd7647ab0d5bff0e9ba24) (ScriptedImporter) -> (artifact id: '0624555bfcf1d2684c4968f50ae6d250') in 0.0056617 seconds
Start importing Packages/com.unity.inputsystem/InputSystem/Editor/UITKAssetEditor/PackageResources/InputActionsEditorStyles.uss using Guid(7dac9c49a90bca4499371d0adc9b617b) (ScriptedImporter) -> (artifact id: '15d11ba44df598a058180aa203ccf921') in 0.0046055 seconds
Start importing Packages/com.unity.shadergraph/Editor/Resources/Styles/Controls/Texture3DSlotControlView.uss using Guid(8d40f6518d8654aa4bf083cc5897f8ee) (ScriptedImporter) -> (artifact id: 'e7c001583b7927f9fa757c8435216c3b') in 0.001791 seconds
Start importing Packages/com.unity.shadergraph/Editor/Resources/Styles/Controls/GradientControlView.uss using Guid(8d3443495105d4166996158d4b321c21) (ScriptedImporter) -> (artifact id: '337aa3b600c0851442716e945c79bb82') in 0.0017196 seconds
Start importing Packages/com.unity.shadergraph/Editor/Resources/Styles/Controls/ChannelEnumControlView.uss using Guid(8dfac6eef2d89e8428c7a79b147413db) (ScriptedImporter) -> (artifact id: '92aed5d1a6df9ca02e7752463472e07a') in 0.0018185 seconds
Start importing Packages/com.unity.render-pipelines.core/Editor/StyleSheets/VolumeEditor.uss using Guid(cd410e8cdc0119a46a753f48e79c8d07) (ScriptedImporter) -> (artifact id: '2d76d9c80f9b22fc75ccf2ccac51910a') in 0.0026067 seconds
Start importing Packages/com.unity.render-pipelines.universal/Editor/2D/LightBatchingDebugger/LightBatchingDebugger.uss using Guid(fd5cb3dd3de574f1585db92b6689f86a) (ScriptedImporter) -> (artifact id: 'bc5e6f2e1409f425b7a02b3c454110ed') in 0.0031795 seconds
Start importing Packages/com.unity.2d.sprite/Editor/UI/SpriteEditor/SpriteEditor.uss using Guid(fd3d7c275a0958b4fa0f26a0ee9b8481) (ScriptedImporter) -> (artifact id: '8592e386af34c4fc520113dc5ec7b5c7') in 0.0057482 seconds
Start importing Packages/com.unity.render-pipelines.core/Editor/StyleSheets/HeaderFoldoutDark.uss using Guid(2e54b39aedaf3ae4a866b97489135739) (ScriptedImporter) -> (artifact id: '000a66323aa54b1ab4053003d7df2066') in 0.0016736 seconds
Start importing Packages/com.unity.inputsystem/InputSystem/Editor/UITKAssetEditor/PackageResources/InputAssetEditorLight.uss using Guid(5e7024ed0fd03984289320d04507bc0c) (ScriptedImporter) -> (artifact id: '614b38251ea71cfe0edb9165a4e0bbf5') in 0.0014931 seconds
Start importing Packages/com.unity.render-pipelines.core/Editor/Controls/ToggleDropdown.uss using Guid(5ff83f8997b534409b1595a0ea6750db) (ScriptedImporter) -> (artifact id: '536bd9935e798df1b0fc1e539ffde5d7') in 0.0039161 seconds
Start importing Packages/com.unity.shadergraph/Editor/Resources/Styles/Controls/ColorRGBSlotControlView.uss using Guid(5f9f1162b05e46646805842469135609) (ScriptedImporter) -> (artifact id: '4910006b62e24cd8d3e130570b15f99f') in 0.0019032 seconds
Start importing Packages/com.unity.render-pipelines.universal/Editor/Converter/converter_widget.uss using Guid(8f9ac38644e5f664ab13b4b78f1f3faa) (ScriptedImporter) -> (artifact id: '7f1b8be9de84ca74130f9b8798ec6ee3') in 0.0012905 seconds
Start importing Packages/com.unity.render-pipelines.core/Editor/StyleSheets/RenderGraphViewer.uss using Guid(cf3ac3446e9c4333b9d16ece5c21317d) (ScriptedImporter) -> (artifact id: 'ae156739f73f18efd16752288a187157') in 0.0106661 seconds
Start importing Packages/com.unity.render-pipelines.core/Editor/UXML/RenderGraphViewer.uxml using Guid(00387952e4f43ec45a9084e579a44e4e) (ScriptedImporter) -> (artifact id: 'd8e7eb14bc314915acaf37254e2fe027') in 0.0240344 seconds
Start importing Packages/com.unity.inputsystem/InputSystem/Editor/UITKAssetEditor/PackageResources/ControlSchemeEditor.uxml using Guid(303ef5b13740f9a4db252c50122d2c62) (ScriptedImporter) -> (artifact id: '5700908b0f3340d048929796dfc0ef01') in 0.0073406 seconds
Start importing Packages/com.unity.shadergraph/Editor/Resources/UXML/Blackboard/SGBlackboardRow.uxml using Guid(5029c7a42d2731a4599f3f85f37ea5a9) (ScriptedImporter) -> (artifact id: '61148a2d9c22b4b073fdcca8e0377c45') in 0.0026045 seconds
Start importing Packages/com.unity.render-pipelines.universal/Editor/Converter/converter_widget_item.uxml using Guid(c04b8c76151329e42929df320c5901fe) (ScriptedImporter) -> (artifact id: 'c0cf4919cfb9b3d296a4fe390ca32f51') in 0.0031468 seconds
Start importing Packages/com.unity.render-pipelines.core/Editor/UXML/DefaultVolumeProfileEditor.uxml using Guid(d0b4821bb729cd24fbbe0af5feaa73ab) (ScriptedImporter) -> (artifact id: 'd963a46701c0998903c4666106515a2c') in 0.0027451 seconds
Start importing Packages/com.unity.2d.sprite/Editor/UI/SpriteEditor/SpriteFrameModuleInspector.uxml using Guid(d02b5650e6e0b4c45ab18d5a1d1fce97) (ScriptedImporter) -> (artifact id: '74608210170ee2a1b3c6c17d4f89fd84') in 0.0076147 seconds
Start importing Packages/com.unity.2d.sprite/Editor/UI/SpriteEditor/SpriteOutlineToolOverlayPanel.uxml using Guid(822efcfdd5f5a45e99513239c9c1859f) (ScriptedImporter) -> (artifact id: '6fbd8030178e9efda246d9c3a0887f4f') in 0.0054013 seconds
Start importing Packages/com.unity.render-pipelines.core/Editor/UXML/VolumeEditor.uxml using Guid(d367e3b92ff05ac4eb99950f44cc0333) (ScriptedImporter) -> (artifact id: '722f3b15d8641525029114c396cdfbfb') in 0.004449 seconds
Start importing Packages/com.unity.shadergraph/Editor/Resources/UXML/Blackboard/SGBlackboardField.uxml using Guid(f339e526c7fc4e14daae8819172de9de) (ScriptedImporter) -> (artifact id: 'c47715ed5fd2ab5ec308a256ba521d69') in 0.0024516 seconds
Start importing Packages/com.unity.inputsystem/InputSystem/Editor/UITKAssetEditor/PackageResources/BindingPanelRowTemplate.uxml using Guid(449c8e5ca27af8e4a9db710c8be5e4df) (ScriptedImporter) -> (artifact id: '4eeffcbd3a1b1a77da18f402b132e17e') in 0.003823 seconds
Start importing Packages/com.unity.shadergraph/Editor/Resources/UXML/StickyNote.uxml using Guid(d4cc9867eee425f4dac7d5bb91f07845) (ScriptedImporter) -> (artifact id: '24b0ff726825109c3320dc3ad1050d37') in 0.0022014 seconds
Start importing Packages/com.unity.inputsystem/InputSystem/Editor/UITKAssetEditor/PackageResources/InputActionsTreeViewItem.uxml using Guid(452df07a8ad0c944c879a484d5890e61) (ScriptedImporter) -> (artifact id: '2ff3815f4cfa4c23e00c0ba6b454c9b4') in 0.0032111 seconds
Start importing Packages/com.unity.inputsystem/InputSystem/Editor/UITKAssetEditor/PackageResources/InputActionsProjectSettings.uxml using Guid(75a33987e21d5ac449deecea3dcd864f) (ScriptedImporter) -> (artifact id: '974249fad8d5fe89d29b98361dee359a') in 0.0030633 seconds
Start importing Packages/com.unity.render-pipelines.universal/Editor/2D/LightBatchingDebugger/LayerBatch.uxml using Guid(754a67c6d4788447895a4349508b2f37) (ScriptedImporter) -> (artifact id: 'b7a139d13d897bb8f79b6409601a713f') in 0.0023422 seconds
Start importing Packages/com.unity.inputsystem/InputSystem/Editor/UITKAssetEditor/PackageResources/InputActionsEditor.uxml using Guid(c662e0d3cc3c4f948808f9847f715ef2) (ScriptedImporter) -> (artifact id: '8a2671b581f1651681979ba52692c23e') in 0.0062879 seconds
Start importing Packages/com.unity.shadergraph/Editor/Resources/UXML/NodeSettings.uxml using Guid(b70651993c98eda43810c32b7416a21b) (ScriptedImporter) -> (artifact id: 'cb187fee3f297a5f2c29dd5b14d162b0') in 0.0018243 seconds
Start importing Packages/com.unity.render-pipelines.universal/Editor/Converter/converter_editor.uxml using Guid(c700399f2adb2504dac99f1139d658f3) (ScriptedImporter) -> (artifact id: '818b0dc4a250e733b0975c99d28c20cf') in 0.0041111 seconds
Start importing Packages/com.unity.render-pipelines.universal/Editor/Converter/converter_widget.uxml using Guid(3893b5ea9974b9549aefa44bd1b99e24) (ScriptedImporter) -> (artifact id: '95e9a559d81eb2be663d597157bbda69') in 0.0036889 seconds
Start importing Packages/com.unity.shadergraph/Editor/Resources/UXML/HeatmapValuesEditor.uxml using Guid(781e1a409e314b1fb13e3605a69680ba) (ScriptedImporter) -> (artifact id: '3599c7c5eb66c71ba856f274a399b17f') in 0.0027543 seconds
Start importing Packages/com.unity.shadergraph/Editor/Resources/UXML/Blackboard/SGBlackboardCategory.uxml using Guid(98cf1ee902c59944796b97562a34faee) (ScriptedImporter) -> (artifact id: '13b419df47d183aab614e9f73740bc8a') in 0.0026304 seconds
Start importing Packages/com.unity.render-pipelines.core/Editor/UXML/RenderPipelineGlobalSettings.uxml using Guid(d8d5beb40e5c9f94f95d805868251329) (ScriptedImporter) -> (artifact id: 'f4962dedc208ecaeaf9fc4161aa84f9f') in 0.0025252 seconds
Start importing Packages/com.unity.searcher/Editor/Resources/SearcherItem.uxml using Guid(793d6318ba59ca94381b936836fe697d) (ScriptedImporter) -> (artifact id: 'ebfd34e43daf41668f383c09823c1e67') in 0.002088 seconds
Start importing Packages/com.unity.searcher/Editor/Resources/SearcherWindow.uxml using Guid(da37dcca55e437b4a9eeebff722ad51f) (ScriptedImporter) -> (artifact id: '0545bbbc3140f6b3fa3af5c8688237ba') in 0.0025349 seconds
Start importing Packages/com.unity.inputsystem/InputSystem/Editor/UITKAssetEditor/PackageResources/CompositeBindingPropertiesEditor.uxml using Guid(2bd2d0548382d58489e8c2999daf4139) (ScriptedImporter) -> (artifact id: '7ce01f5375573877f3fbc9fef0e49c31') in 0.0023288 seconds
Start importing Packages/com.unity.render-pipelines.universal/Editor/Converter/converter_widget_main.uxml using Guid(9b40f22c604c94f438696f75a42873eb) (ScriptedImporter) -> (artifact id: '4825aa6a4e73b22ebe75b27c9bdbc13d') in 0.0046589 seconds
Start importing Packages/com.unity.inputsystem/InputSystem/Editor/UITKAssetEditor/PackageResources/NameAndParameterListViewItemTemplate.uxml using Guid(9cbd73d51dc491b4888055ae65cd9545) (ScriptedImporter) -> (artifact id: 'cf4eff9fc641794d359820dc4aedd8f1') in 0.0021785 seconds
Start importing Packages/com.unity.inputsystem/InputSystem/Editor/UITKAssetEditor/PackageResources/CompositePartBindingPropertiesEditor.uxml using Guid(acfae125fa5d7904987a696b3993d432) (ScriptedImporter) -> (artifact id: 'a81dad3c503e4f5664610ba89ac87e82') in 0.0022187 seconds
Start importing Packages/com.unity.shadergraph/Editor/Resources/UXML/GraphInspector.uxml using Guid(dcf0e02f89cf7c848a22002b79ce27d3) (ScriptedImporter) -> (artifact id: '0ff947f4ba236492ca1a83bc1b378df8') in 0.0033547 seconds
Start importing Packages/com.unity.2d.sprite/Editor/UI/SpriteEditor/PolygonChangeShapeWindow.uxml using Guid(ad9baf3ac3e35c948bf6a50e91e91473) (ScriptedImporter) -> (artifact id: '3f9434ce7d7620d9413bb74bae387d9f') in 0.0026076 seconds
Start importing Packages/com.unity.2d.sprite/Editor/UI/SpriteEditor/SpriteFrameCapabilityWindow.uxml using Guid(dde790a688b0426aa8b203f14ba9ced2) (ScriptedImporter) -> (artifact id: 'adfc03c8b096302d49cb028dce39496f') in 0.0022874 seconds
Start importing Packages/com.unity.shadergraph/Editor/Resources/UXML/GraphSubWindow.uxml using Guid(2e461625111c0354980fca534f771ff3) (ScriptedImporter) -> (artifact id: 'eced7603c028e531741dff5fbadd6c2e') in 0.0021013 seconds
Start importing Packages/com.unity.shadergraph/Editor/Resources/UXML/Blackboard/SGBlackboard.uxml using Guid(4ee4ce39889d8db4d8c49aa84772cd12) (ScriptedImporter) -> (artifact id: 'fa3b63e2dc1fee34e9358b462fb55d09') in 0.0026038 seconds
Start importing Packages/com.unity.shadergraph/Editor/Resources/UXML/Resizable.uxml using Guid(8ec4570e052fbb34bbe8d52d99e76d07) (ScriptedImporter) -> (artifact id: '7315dcf3e35b6cd691aa9bc3cba3548c') in 0.002048 seconds
Start importing Packages/com.unity.2d.sprite/Editor/SpriteEditor/SpriteEditorHintPopup/SpriteEditorHintPopup.uxml using Guid(8e9ebe2fdfb2403ea7d41196ab5ad791) (ScriptedImporter) -> (artifact id: '52bfdd732fc126450d2a38f8b4fb0f6e') in 0.002197 seconds
Start importing Packages/com.unity.shadergraph/Editor/Resources/UXML/PixelCacheProfiler.uxml using Guid(0fda1aff5a5744478f70542e95fd3d42) (ScriptedImporter) -> (artifact id: '4164f35cb97b0e75ae1b66c66e086b69') in 0.0031675 seconds
Start importing Packages/com.unity.shadergraph/Editor/Resources/UXML/UITKMasterNodePreview.uxml using Guid(1f8dc278ca660e145a487c8b93679c62) (ScriptedImporter) -> (artifact id: 'ca08c36a48cc40638605d38311c7a5f7') in 0.0038343 seconds
Start importing Packages/com.unity.inputsystem/InputSystem/Editor/UITKAssetEditor/PackageResources/InputActionMapsTreeViewItem.uxml using Guid(3fa44185ed614414ebab354dfe5a06b6) (ScriptedImporter) -> (artifact id: 'f713469beadc46ddcd9a615f20918bb6') in 0.0029017 seconds
Start importing Packages/com.unity.render-pipelines.universal/Editor/2D/LightBatchingDebugger/LightBatchingDebugger.uxml using Guid(7f54b2764826949c192810bd3944abcc) (ScriptedImporter) -> (artifact id: '236a7f9228cae94feb6574b935033f2a') in 0.0041056 seconds
Shader 'Universal Render Pipeline/Terrain/Lit': dependency 'AddPassShader' shader 'Hidden/Universal Render Pipeline/Terrain/Lit (Add Pass)' not found
Shader 'Universal Render Pipeline/Terrain/Lit': dependency 'BaseMapShader' shader 'Hidden/Universal Render Pipeline/Terrain/Lit (Base Pass)' not found
Shader 'Universal Render Pipeline/Terrain/Lit': dependency 'BaseMapGenShader' shader 'Hidden/Universal Render Pipeline/Terrain/Lit (Basemap Gen)' not found
WARNING: Shader Unsupported: 'Universal Render Pipeline/Terrain/Lit' - All subshaders removed
WARNING: Shader Did you use #pragma only_renderers and omit this platform?
WARNING: Shader If subshaders removal was intentional, you may have forgotten turning Fallback off?
WARNING: Shader Unsupported: 'Universal Render Pipeline/Terrain/Lit' - All subshaders removed
WARNING: Shader Did you use #pragma only_renderers and omit this platform?
WARNING: Shader If subshaders removal was intentional, you may have forgotten turning Fallback off?
Shader 'Hidden/Terrain/Terrain Standard 4 Layers URP': dependency 'AddPassShader' shader 'Hidden/Hidden/Terrain/Terrain Standard 4 Layers URP_AddPass' not found
Shader 'Hidden/Terrain/Terrain Standard 4 Layers URP': dependency 'BaseMapGenShader' shader 'Hidden/Hidden/Terrain/Terrain Standard 4 Layers URP_BaseMapGen' not found
Shader 'Hidden/Terrain/Terrain Standard 4 Layers URP': dependency 'BaseMapShader' shader 'Hidden/Universal Render Pipeline/Terrain/Lit (Base Pass)' not found
WARNING: Shader Unsupported: 'TextMeshPro/SRP/TMP_SDF-HDRP LIT' - All subshaders removed
WARNING: Shader Did you use #pragma only_renderers and omit this platform?
WARNING: Shader If subshaders removal was intentional, you may have forgotten turning Fallback off?
WARNING: Shader Unsupported: 'TextMeshPro/SRP/TMP_SDF-HDRP LIT' - All subshaders removed
WARNING: Shader Did you use #pragma only_renderers and omit this platform?
WARNING: Shader If subshaders removal was intentional, you may have forgotten turning Fallback off?
Shader 'Hidden/Terrain/Terrain Simple': dependency 'AddPassShader' shader 'Hidden/Hidden/Terrain/Terrain Simple_AddPass' not found
Shader 'Hidden/Terrain/Terrain Simple': dependency 'BaseMapGenShader' shader 'Hidden/Hidden/Terrain/Terrain Simple_BaseMapGen' not found
Shader 'Hidden/Terrain/Terrain Simple': dependency 'BaseMapShader' shader 'Hidden/Universal Render Pipeline/Terrain/Lit (Base Pass)' not found
Shader 'Universal Render Pipeline/Nature/SpeedTree7': dependency 'BillboardShader' shader 'Universal Render Pipeline/Nature/SpeedTree7 Billboard' not found
WARNING: Shader Unsupported: 'Hidden/Universal Render Pipeline/Terrain/Lit (Base Pass)' - All subshaders removed
WARNING: Shader Did you use #pragma only_renderers and omit this platform?
WARNING: Shader If subshaders removal was intentional, you may have forgotten turning Fallback off?
WARNING: Shader Unsupported: 'Hidden/Universal Render Pipeline/Terrain/Lit (Base Pass)' - All subshaders removed
WARNING: Shader Did you use #pragma only_renderers and omit this platform?
WARNING: Shader If subshaders removal was intentional, you may have forgotten turning Fallback off?
WARNING: Shader Unsupported: 'TextMeshPro/SRP/TMP_SDF-HDRP UNLIT' - All subshaders removed
WARNING: Shader Did you use #pragma only_renderers and omit this platform?
WARNING: Shader If subshaders removal was intentional, you may have forgotten turning Fallback off?
WARNING: Shader Unsupported: 'TextMeshPro/SRP/TMP_SDF-HDRP UNLIT' - All subshaders removed
WARNING: Shader Did you use #pragma only_renderers and omit this platform?
WARNING: Shader If subshaders removal was intentional, you may have forgotten turning Fallback off?
Launched and connected shader compiler UnityShaderCompiler.exe after 0.01 seconds
Launched and connected shader compiler UnityShaderCompiler.exe after 0.01 seconds
Launched and connected shader compiler UnityShaderCompiler.exe after 0.01 seconds
Launched and connected shader compiler UnityShaderCompiler.exe after 0.01 seconds
Launched and connected shader compiler UnityShaderCompiler.exe after 0.01 seconds
Launched and connected shader compiler UnityShaderCompiler.exe after 0.01 seconds
Launched and connected shader compiler UnityShaderCompiler.exe after 0.01 seconds
Launched and connected shader compiler UnityShaderCompiler.exe after 0.02 seconds
Launched and connected shader compiler UnityShaderCompiler.exe after 0.01 seconds
Launched and connected shader compiler UnityShaderCompiler.exe after 0.02 seconds
Launched and connected shader compiler UnityShaderCompiler.exe after 0.02 seconds
Launched and connected shader compiler UnityShaderCompiler.exe after 0.02 seconds
Launched and connected shader compiler UnityShaderCompiler.exe after 0.02 seconds
Launched and connected shader compiler UnityShaderCompiler.exe after 0.02 seconds
Launched and connected shader compiler UnityShaderCompiler.exe after 0.02 seconds
Launched and connected shader compiler UnityShaderCompiler.exe after 0.03 seconds
Launched and connected shader compiler UnityShaderCompiler.exe after 0.03 seconds
Launched and connected shader compiler UnityShaderCompiler.exe after 0.03 seconds
Launched and connected shader compiler UnityShaderCompiler.exe after 0.02 seconds
Launched and connected shader compiler UnityShaderCompiler.exe after 0.02 seconds
Launched and connected shader compiler UnityShaderCompiler.exe after 0.03 seconds
Launched and connected shader compiler UnityShaderCompiler.exe after 0.04 seconds
Launched and connected shader compiler UnityShaderCompiler.exe after 0.03 seconds
Launched and connected shader compiler UnityShaderCompiler.exe after 0.06 seconds
Launched and connected shader compiler UnityShaderCompiler.exe after 0.02 seconds
Launched and connected shader compiler UnityShaderCompiler.exe after 0.04 seconds
Launched and connected shader compiler UnityShaderCompiler.exe after 0.04 seconds
Launched and connected shader compiler UnityShaderCompiler.exe after 0.08 seconds
Launched and connected shader compiler UnityShaderCompiler.exe after 0.33 seconds
Launched and connected shader compiler UnityShaderCompiler.exe after 0.24 seconds
Launched and connected shader compiler UnityShaderCompiler.exe after 0.02 seconds
Loading style catalogs (6)
	StyleSheets/Extensions/base/common.uss
	UIPackageResources/StyleSheets/Default/Variables/Public/common.uss
	StyleSheets/Northstar/common.uss
	StyleSheets/Extensions/fonts/inter.uss
	StyleSheets/Extensions/base/dark.uss
	UIPackageResources/StyleSheets/Default/Northstar/Palette/dark.uss
Refreshing native plugins compatible for Editor in 0.30 ms, found 0 plugins.
Preloading 0 native plugins for Editor in 0.00 ms.
Asset Pipeline Refresh (id=1d350e8e70f5ee94092f3d9c7c7a5997): Total: 49.734 seconds - Initiated by InitialRefreshV2(ForceSynchronousImport)
	Summary:
		Imports: total=3165 (actual=3165, local cache=0, cache server=0)
		Asset DB Process Time: managed=343 ms, native=17655 ms
		Asset DB Callback time: managed=534 ms, native=14272 ms
		Scripting: domain reloads=1, domain reload time=4688 ms, compile time=12216 ms, other=22 ms
		Project Asset Count: scripts=1063, non-scripts=2102
		Asset File Changes: new=6956, changed=6956, moved=0, deleted=0
		Scan Filter Count: 0
	InvokeCustomDependenciesCallbacks: 0.002ms
	InvokePackagesCallback: 11207.439ms
	ApplyChangesToAssetFolders: 0.743ms
	Scan: 3805.188ms
	OnSourceAssetsModified: 33.148ms
	CategorizeAssetsWithTransientArtifact: 16.391ms
	ProcessAssetsWithTransientArtifactChanges: 26.388ms
	CategorizeAssets: 32.349ms
	ImportOutOfDateAssets: 14011.651ms (-11228.276ms without children)
		ImportManagerImport: 13021.599ms (383.012ms without children)
			ImportInProcess: 12622.791ms
			UpdateCategorizedAssets: 15.795ms
		CompileScripts: 12216.306ms
		ReloadNativeAssets: 0.042ms
		UnloadImportedAssets: 0.298ms
		ReloadImportedAssets: 0.281ms
		EnsureUptoDateAssetsAreRegisteredWithGuidPM: 0.529ms
		InitializingProgressBar: 0.006ms
		PostProcessAllAssetNotificationsAddChangedAssets: 0.001ms
		OnDemandSchedulerStart: 0.866ms
	PostProcessAllAssets: 3624.397ms
	Hotreload: 3.250ms
	GatherAllCurrentPrimaryArtifactRevisions: 0.230ms
	UnloadStreamsBegin: 2.370ms
	PersistCurrentRevisions: 1.710ms
	UnloadStreamsEnd: 0.146ms
	GenerateScriptTypeHashes: 1.132ms
	Untracked: 16968.389ms

Application.AssetDatabase Initial Refresh End
Scanning for USB devices : 4.531ms
Initializing Unity extensions:
[MODES] ModeService[none].Initialize
[MODES] ModeService[none].LoadModes
[MODES] Loading mode Default (0) for mode-current-id-unity
Unloading 244 Unused Serialized files (Serialized files now loaded: 0)
Unloading 4068 unused Assets / (20.1 MB). Loaded Objects now: 4696.
Memory consumption went from 328.9 MB to 308.8 MB.
Total: 19.015100 ms (FindLiveObjects: 0.299600 ms CreateObjectMapping: 0.136800 ms MarkObjects: 13.360400 ms  DeleteObjects: 5.217200 ms)

Unity is not designed to run with Administrator privileges.

With elevated access, scripts in your project can modify system files, registry settings, or protected areas, even accidentally.
This could make your system unstable or unbootable.

Restart as a standard user for the safest experience.
[Project] Loading completed in 51.544 seconds
	Project init time: 				51.112 seconds
		Template init time: 		0.000 seconds
		Package Manager init time: 		0.212 seconds
		Asset Database init time: 		0.217 seconds
		Global illumination init time: 	0.002 seconds
		Assemblies load time: 			0.540 seconds
		Unity extensions init time: 	0.003 seconds
		Asset Database refresh time: 	49.734 seconds
	Scene opening time: 			0.093 seconds
##utp:{"type":"ProjectInfo","version":2,"phase":"Immediate","time":1788975109645,"processId":52556,"projectLoad":51.5440988,"projectInit":51.1120972,"templateInit":0.0,"packageManagerInit":0.2117881,"assetDatabaseInit":0.2168151,"globalIlluminationInit":0.0022443,"assembliesLoad":0.5396747,"unityExtensionsInit":0.0033439,"assetDatabaseRefresh":49.7338755,"sceneOpening":0.0927378}
##utp:{"type":"EditorInfo","version":2,"phase":"Immediate","time":1788975109645,"processId":52556,"editorVersion":"6000.3.23f1 (09d2ecc7fb28)","branch":"6000.3/staging","buildType":"Release","platform":"Windows"}
[MODES] ModeService[default].LoadModes
[Licensing::Client] Successfully resolved entitlement details
Running tests for ExecutionSettings with details:
targetPlatform = 
playerHeartbeatTimeout = 600
filters[0] = 
   Filter with settings:
   testMode = PlayMode
   targetPlatform = 
   testNames = null
   groupNames = EquipmentVisualSaveLoadResetTests|VfxAnchorFollowTests
   categoryNames = null
   assemblyNames = null
ignoreTests = {}
featureFlags = null

UnityEngine.Debug:ExtractStackTraceNoAlloc (byte*,int,string)
UnityEngine.StackTraceUtility:ExtractStackTrace ()
UnityEngine.DebugLogHandler:Internal_Log (UnityEngine.LogType,UnityEngine.LogOption,string,UnityEngine.Object)
UnityEngine.DebugLogHandler:LogFormat (UnityEngine.LogType,UnityEngine.Object,string,object[])
UnityEngine.Logger:Log (UnityEngine.LogType,object)
UnityEngine.Debug:Log (object)
UnityEditor.TestTools.TestRunner.CommandLineTest.Executer:InitializeAndExecuteRun (string[]) (at ./Library/PackageCache/com.unity.test-framework@bd7f943e9647/UnityEditor.TestRunner/CommandLineTest/Executer.cs:53)
UnityEditor.TestTools.TestRunner.CommandLineTest.TestStarter:InitializeAndExecuteRun () (at ./Library/PackageCache/com.unity.test-framework@bd7f943e9647/UnityEditor.TestRunner/CommandLineTest/TestStarter.cs:64)
UnityEditor.EditorApplication:Internal_CallUpdateFunctions ()

(Filename: ./Library/PackageCache/com.unity.test-framework@bd7f943e9647/UnityEditor.TestRunner/CommandLineTest/Executer.cs Line: 53)

DisplayProgressbar: Material Upgrader re-import
Start importing Packages/com.unity.render-pipelines.universal/Runtime/Materials/Decal.mat using Guid(31d0dcc6f2dd4e4408d18036a2c93862) (NativeFormatImporter) -> (artifact id: '8f3d32c29394a79b41f28a25b53defe8') in 0.0030006 seconds
Start importing Packages/com.unity.render-pipelines.universal/Runtime/Materials/Lit.mat using Guid(31321ba15b8f8eb4c954353edc038b1d) (NativeFormatImporter) -> (artifact id: '960643f9fe6857c5d72b0d2fd2085c0e') in 0.0017594 seconds
Start importing Packages/com.unity.render-pipelines.universal/Runtime/Materials/Mesh2D-Unlit-Default.mat using Guid(71942363c5608a64bb62421349d39c9c) (NativeFormatImporter) -> (artifact id: 'ef7311a66811940111367c78fa0cdd5d') in 0.0011576 seconds
Start importing Packages/com.unity.render-pipelines.universal/Editor/SceneTemplates/Materials/Emissive.mat using Guid(92f845725428c954b878da352f657fe5) (NativeFormatImporter) -> (artifact id: 'b1f26f5eeb8ffbff6a8f6611506c4115') in 0.0012189 seconds
Start importing Packages/com.unity.render-pipelines.universal/Editor/SceneTemplates/Materials/Gold.mat using Guid(c2e40fa84d53ccd428f640eac126b1fb) (NativeFormatImporter) -> (artifact id: '9f9661d44e363023702c87ca4956e3f6') in 0.0009786 seconds
Start importing Packages/com.unity.render-pipelines.universal/Editor/SceneTemplates/Materials/Metal_Black.mat using Guid(b34b07a45ba63ce47896c9e674f3a7a7) (NativeFormatImporter) -> (artifact id: '2e543c70b0a48798291a154a0176c0e2') in 0.0009088 seconds
Start importing Packages/com.unity.render-pipelines.universal/Runtime/Materials/Mesh2D-Lit-Default.mat using Guid(9452ae1262a74094f8a68013fbcd1834) (NativeFormatImporter) -> (artifact id: 'a9f6a1c64081483a70fbc1be53f18baa') in 0.0008296 seconds
Start importing Packages/com.unity.render-pipelines.universal/Runtime/Materials/SpriteMask-Default.mat using Guid(15d0c3709176029428a0da2f8cecf0b5) (NativeFormatImporter) -> (artifact id: '9b9123c1145efbdb38e316f85cad951e') in 0.0008194 seconds
Start importing Packages/com.unity.render-pipelines.universal/Runtime/Materials/SpatialMappingOcclusion.mat using Guid(b51db210fe78df745a372851b3db949e) (NativeFormatImporter) -> (artifact id: 'e725b235a682e6bf286c10ab07552b74') in 0.000897 seconds
Start importing Packages/com.unity.render-pipelines.universal/Editor/SceneTemplates/Materials/Ground.mat using Guid(761d8e1f988ed2345a28312145c79c6e) (NativeFormatImporter) -> (artifact id: '27ce923cbd5bcc4047b0e855e6fb0af9') in 0.0009556 seconds
Start importing Packages/com.unity.render-pipelines.universal/Runtime/Materials/RenderAs2D-Flattening.mat using Guid(b697f6a938056384e968ccf6527dac83) (NativeFormatImporter) -> (artifact id: '5ecfe90ca8080262222ed764ee85060b') in 0.0008482 seconds
Start importing Assets/TextMesh Pro/Resources/Fonts & Materials/LiberationSans SDF - Drop Shadow.mat using Guid(e73a58f6e2794ae7b1b7e50b7fb811b0) (NativeFormatImporter) -> (artifact id: '53cd7411e8ddcc0d67023915d3374914') in 0.0009949 seconds
Start importing Packages/com.unity.render-pipelines.universal/Runtime/Materials/FullscreenInvertColors.mat using Guid(78a08787ca30045abb69f6f7dd878e09) (NativeFormatImporter) -> (artifact id: 'ee24d1240c4d3093a35a8ce9cd6a6123') in 0.0014927 seconds
Start importing Packages/com.unity.render-pipelines.universal/Runtime/Materials/SpatialMappingWireframe.mat using Guid(9875a245ac49007498213638a307faa1) (NativeFormatImporter) -> (artifact id: '40a3a03ad30c23572795ee7951b74454') in 0.0011388 seconds
Start importing Packages/com.unity.render-pipelines.universal/Runtime/Materials/ParticlesUnlit.mat using Guid(e823cd5b5d27c0f4b8256e7c12ee3e6d) (NativeFormatImporter) -> (artifact id: 'aa862bff269d59d834f13819255630e6') in 0.0010125 seconds
Start importing Packages/com.unity.render-pipelines.universal/Runtime/Materials/TerrainLit.mat using Guid(594ea882c5a793440b60ff72d896021e) (NativeFormatImporter) -> (artifact id: '32c0756065a4c99773d8b19abfdb7370') in 0.0009349 seconds
Start importing Assets/TextMesh Pro/Resources/Fonts & Materials/LiberationSans SDF - Outline.mat using Guid(79459efec17a4d00a321bdcc27bbc385) (NativeFormatImporter) -> (artifact id: 'b4a32ea08af8e5f658044d3fd454ceeb') in 0.0012478 seconds
Start importing Packages/com.unity.render-pipelines.universal/Runtime/Materials/Sprite-Lit-Default.mat using Guid(a97c105638bdf8b4a8650670310a4cd3) (NativeFormatImporter) -> (artifact id: '6b65b378b739cf40c13c1e455b16dff7') in 0.0010173 seconds
Start importing Packages/com.unity.render-pipelines.universal/Editor/SceneTemplates/Materials/White.mat using Guid(f96821bbefeea864b9b418af4b8615ac) (NativeFormatImporter) -> (artifact id: 'b0a10ce88eba78cadb227317064359ad') in 0.0010399 seconds
Start importing Packages/com.unity.render-pipelines.universal/Runtime/Materials/SimpleLit.mat using Guid(6a1143ee683302f4aa628c052723efc1) (NativeFormatImporter) -> (artifact id: '4e947c4ad6c49ec8c3dbccd89f2ba9c5') in 0.0010696 seconds
Start importing Packages/com.unity.render-pipelines.universal/Runtime/RendererFeatures/SurfaceCacheGI/FallbackMaterial.mat using Guid(8a239b3da89050c4e89ac06b168fc684) (NativeFormatImporter) -> (artifact id: '365f287f19db505f8da5f5a7aa1bdbca') in 0.000899 seconds
Start importing Packages/com.unity.render-pipelines.universal/Runtime/Materials/Sprite-Unlit-Default.mat using Guid(9dfc825aed78fcd4ba02077103263b40) (NativeFormatImporter) -> (artifact id: '3535407266e63a704ebed07394e8e29d') in 0.0007706 seconds
Start importing Packages/com.unity.render-pipelines.universal/Editor/SceneTemplates/Materials/Black.mat using Guid(4f1ef37ae953c484bbc5d5e4049147e5) (NativeFormatImporter) -> (artifact id: 'c073248664ba5268b69bc9cf80293393') in 0.0008367 seconds
Start importing Packages/com.unity.searcher/Editor/Resources/FlatSkin/Font/Roboto-Black.ttf using Guid(1062c701058745940ae5dca6219c64c8) (TrueTypeFontImporter) -> (artifact id: 'fcfd246391a0ea71ca2a779a06bcb3ac') in 0.0015874 seconds
Start importing Packages/com.unity.searcher/Editor/Resources/FlatSkin/Font/Roboto-Regular.ttf using Guid(30dc370b164eefc43b95744fc796dad0) (TrueTypeFontImporter) -> (artifact id: 'e88265dec696838b96bfa89259eca3ee') in 0.0014517 seconds
Start importing Packages/com.unity.searcher/Editor/Resources/FlatSkin/Font/Roboto-ThinItalic.ttf using Guid(b2ea3b3f1765e544b9eb5bd1a93a91ce) (TrueTypeFontImporter) -> (artifact id: 'ebed3587f31469b7ed1f215111200e64') in 0.0014318 seconds
Start importing Assets/TextMesh Pro/Fonts/LiberationSans.ttf using Guid(e3265ab4bf004d28a9537516768c1c75) (TrueTypeFontImporter) -> (artifact id: 'f6eeb5eb2da53984d52eb47713930cc6') in 0.2500592 seconds
Start importing Packages/com.unity.render-pipelines.core/Runtime/Debugging/Prefabs/Fonts/PerfectDOSVGA437.ttf using Guid(74a5091d8707f334b9a5c31ef71a64ba) (TrueTypeFontImporter) -> (artifact id: '17baae82c87969a57920915e78c06aca') in 0.0018474 seconds
Start importing Packages/com.unity.searcher/Editor/Resources/FlatSkin/Font/Roboto-Medium.ttf using Guid(a51a3aebb43ac044989270407476b208) (TrueTypeFontImporter) -> (artifact id: 'c7ced244834c79c4d9a56b36e5ad331e') in 0.0018544 seconds
Start importing Packages/com.unity.searcher/Editor/Resources/FlatSkin/Font/Roboto-Bold.ttf using Guid(3750c318f40cab44a97d3a81beaefeb3) (TrueTypeFontImporter) -> (artifact id: '77cfd2f7ac0b12233821a3de72324c7e') in 0.0017116 seconds
Start importing Packages/com.unity.searcher/Editor/Resources/FlatSkin/Font/Roboto-Italic.ttf using Guid(c839255fc8f6b4b4d90bf8c1af9f9bd1) (TrueTypeFontImporter) -> (artifact id: '34aea38e6f5ad75c669903fb2eec0ef8') in 0.0016675 seconds
Start importing Packages/com.unity.searcher/Editor/Resources/FlatSkin/Font/Roboto-Thin.ttf using Guid(19a9abb883540be48b75b951a927ae03) (TrueTypeFontImporter) -> (artifact id: 'e8d19da7ff636d3206784d80f5127fa1') in 0.0016576 seconds
Start importing Packages/com.unity.searcher/Editor/Resources/FlatSkin/Font/Roboto-MediumItalic.ttf using Guid(d93c1bc57fdf1ac4dad1bf04fac05464) (TrueTypeFontImporter) -> (artifact id: 'ab2288725cdc36cc9451e88898f02f8a') in 0.0015652 seconds
Start importing Packages/com.unity.searcher/Editor/Resources/FlatSkin/Font/Roboto-BlackItalic.ttf using Guid(f95147a9bab9fe649b8070170fa7ebd2) (TrueTypeFontImporter) -> (artifact id: '9c0c207a65eaebb5461a5bd9b6761002') in 0.0015717 seconds
Start importing Packages/com.unity.searcher/Editor/Resources/FlatSkin/Font/Roboto-Light.ttf using Guid(2a29e27936eb547458f646f71125b264) (TrueTypeFontImporter) -> (artifact id: '8f695168e63791c8e295a36a555f03a5') in 0.0015305 seconds
Start importing Assets/Framework/Resources/Fonts/noto_sans_cjk_sc.otf using Guid(db21497e60977de40bde9f2b5101b334) (TrueTypeFontImporter) -> (artifact id: '159a17a70e60302b5647a99e0760f3e9') in 0.0225479 seconds
Start importing Packages/com.unity.searcher/Editor/Resources/FlatSkin/Font/Roboto-LightItalic.ttf using Guid(5e63515167650a541b309ba3bfd4db3d) (TrueTypeFontImporter) -> (artifact id: '06e9040f082a33cb064bc66f23766c41') in 0.0017474 seconds
Start importing Packages/com.unity.searcher/Editor/Resources/FlatSkin/Font/Roboto-BoldItalic.ttf using Guid(dfb97a9307a577a41bcacba34b9a7e32) (TrueTypeFontImporter) -> (artifact id: 'd506485d512ee8ab5f45626384ac7773') in 0.0015424 seconds
Start importing Packages/com.unity.shadergraph/GraphTemplates/BuiltIn/BuiltIn Lit Basic.shadergraph using Guid(2019d78ad3d1c5c4a8d309a857ca449f) (ScriptedImporter) -> (artifact id: 'f9c1be7082f2beb3559fa852b5bf16dc') in 0.0980483 seconds
Start importing Packages/com.unity.render-pipelines.universal/Runtime/Materials/ArnoldStandardSurface/ArnoldStandardSurfaceTransparent.shadergraph using Guid(30fa68ce467463643a86b839ca0eb195) (ScriptedImporter) -> (artifact id: '06dec91a26b98b324a2d0c5420fd0500') in 0.1096546 seconds
Start importing Packages/com.unity.render-pipelines.universal/Shaders/AutodeskInteractive/AutodeskInteractiveMasked.shadergraph using Guid(80aa867ac363ac043847b06ad71604cd) (ScriptedImporter) -> (artifact id: '93f4f5f11bfadd7dd7ba4ae5da709c36') in 0.1460293 seconds
Start importing Assets/TextMesh Pro/Shaders/TMP_SDF-URP Unlit.shadergraph using Guid(124c112a6e8f1a54e8b0870e881b56d8) (ScriptedImporter) -> (artifact id: '455ab8fe467ea6c98ed311b3094f3b92') in 0.123645 seconds
Start importing Packages/com.unity.shadergraph/GraphTemplates/Cross Pipeline/0_Lit Basic.shadergraph using Guid(a2407126e3372f64cacb75ed466a5621) (ScriptedImporter) -> (artifact id: 'f7dd9613720765de37ef9e3bc9cdc76f') in 0.1020784 seconds
Start importing Assets/TextMesh Pro/Shaders/TMP_SDF-URP Lit.shadergraph using Guid(a3d800b099a06e0478fb790c5e79057a) (ScriptedImporter) -> (artifact id: 'b278ba8d6eccfaf6069272fd38c93d9c') in 0.1015547 seconds
Start importing Packages/com.unity.shadergraph/GraphTemplates/Cross Pipeline/Unlit Simple.shadergraph using Guid(2476a2d151e824143af40dce1fc93a12) (ScriptedImporter) -> (artifact id: '63691c360974d65e05d6280386f5cf64') in 0.0616626 seconds
Start importing Packages/com.unity.render-pipelines.universal/Shaders/2D/VFXSpriteLit.shadergraph using Guid(24a73dccd7b6fad4798be282f96a21f4) (ScriptedImporter) -> (artifact id: 'd1d586556e321a0a624e83cce6db7f95') in 0.0542847 seconds
Start importing Packages/com.unity.render-pipelines.universal/Runtime/Materials/PhysicalMaterial3DsMax/PhysicalMaterial3DsMax.shadergraph using Guid(44245ab89240f51459a5077d7145c452) (ScriptedImporter) -> (artifact id: 'e0613719161d6327c4c39175e3b0de11') in 0.0894669 seconds
Start importing Packages/com.unity.render-pipelines.universal/Editor/ShaderGraph/GraphTemplates/2D/1_2D Sprite Unlit.shadergraph using Guid(25a0ebb4827f3cc47a1af2c79005f65b) (ScriptedImporter) -> (artifact id: 'fe207cf0527824d4f58553922bf8d96c') in 0.0511627 seconds
Start importing Packages/com.unity.shadergraph/GraphTemplates/BuiltIn/BuiltIn Unlit Basic.shadergraph using Guid(9618d41bb71f74048bb6cace8785b93d) (ScriptedImporter) -> (artifact id: 'b31bfd44ff15e990a7083285858ac5e2') in 0.04259 seconds
Start importing Packages/com.unity.shadergraph/GraphTemplates/Cross Pipeline/2_Particle Lit.shadergraph using Guid(a680d9a9f8b66514abbfd3ae1c8f77f7) (ScriptedImporter) -> (artifact id: 'fbf43df86402ad2fb7b04c40584f9ddd') in 0.0995826 seconds
Start importing Assets/TextMesh Pro/Shaders/TMP_SDF-HDRP UNLIT.shadergraph using Guid(f63d574838ccfb44f84acc05fed0af48) (ScriptedImporter)WARNING: Shader Unsupported: 'TextMeshPro/SRP/TMP_SDF-HDRP UNLIT' - All subshaders removed
WARNING: Shader Did you use #pragma only_renderers and omit this platform?
WARNING: Shader If subshaders removal was intentional, you may have forgotten turning Fallback off?
WARNING: Shader Unsupported: 'TextMeshPro/SRP/TMP_SDF-HDRP UNLIT' - All subshaders removed
WARNING: Shader Did you use #pragma only_renderers and omit this platform?
WARNING: Shader If subshaders removal was intentional, you may have forgotten turning Fallback off?
WARNING: Shader Unsupported: 'TextMeshPro/SRP/TMP_SDF-HDRP UNLIT' - All subshaders removed
WARNING: Shader Did you use #pragma only_renderers and omit this platform?
WARNING: Shader If subshaders removal was intentional, you may have forgotten turning Fallback off?
WARNING: Shader Unsupported: 'TextMeshPro/SRP/TMP_SDF-HDRP UNLIT' - All subshaders removed
WARNING: Shader Did you use #pragma only_renderers and omit this platform?
WARNING: Shader If subshaders removal was intentional, you may have forgotten turning Fallback off?
 -> (artifact id: '1752d3e688d7873a86f10213e0838fee') in 0.0264307 seconds
Start importing Packages/com.unity.render-pipelines.universal/Editor/ShaderGraph/GraphTemplates/UITKBasicTemplate.shadergraph using Guid(0738648e2f2f84b489a2f0076b69e30a) (ScriptedImporter) -> (artifact id: '1e1bcc1b4e917a92cac3e778164845e2') in 0.052364 seconds
Start importing Packages/com.unity.shadergraph/GraphTemplates/Cross Pipeline/1_Decal Material Volume.shadergraph using Guid(1716ff8c1e51af14280cc97fbcba3b11) (ScriptedImporter) -> (artifact id: 'a6a9c754a133f641b809dcad17520162') in 0.0900983 seconds
Start importing Packages/com.unity.render-pipelines.universal/Runtime/Materials/ArnoldStandardSurface/ArnoldStandardSurface.shadergraph using Guid(3739e562a03fc0b4982d8aa66cc50865) (ScriptedImporter) -> (artifact id: 'e974158b6a5416ab4ebab6954e2b103f') in 0.0884288 seconds
Start importing Packages/com.unity.render-pipelines.universal/Shaders/2D/VFXSpriteUnlit.shadergraph using Guid(d7288f66e4fb0634c9afef98c31b722a) (ScriptedImporter) -> (artifact id: 'fcf5687371bd4f341cb0b5b60e8c32a4') in 0.0541809 seconds
Start importing Packages/com.unity.shadergraph/GraphTemplates/Cross Pipeline/0_Decal Simple.shadergraph using Guid(39144937a5efe954dac51acbbe54157e) (ScriptedImporter) -> (artifact id: 'cfd1c20a9264a33977f631000a46d604') in 0.0885539 seconds
Start importing Packages/com.unity.render-pipelines.universal/Shaders/Nature/SpeedTree8_PBRLit.shadergraph using Guid(9920c1f1781549a46ba081a2a15a16ec) (ScriptedImporter) -> (artifact id: 'dfb74f1a06163b40a908933ab68f47db') in 0.140174 seconds
Start importing Packages/com.unity.render-pipelines.universal/Runtime/Materials/PhysicalMaterial3DsMax/PhysicalMaterial3DsMaxTransparent.shadergraph using Guid(1a207e3bee00db44b940e6f362a8e148) (ScriptedImporter) -> (artifact id: 'f33a4fb1d399782df7daa5e537828ed1') in 0.0767473 seconds
Start importing Packages/com.unity.shadergraph/GraphTemplates/Cross Pipeline/UGUI Canvas Basic.shadergraph using Guid(5a4a765e921b8554eb959f7cf697b3be) (ScriptedImporter) -> (artifact id: '121dbd91af37347cab32ffde890b9591') in 0.0460293 seconds
Start importing Assets/TextMesh Pro/Shaders/TMP_SDF-HDRP LIT.shadergraph using Guid(ca2ed216f98028c4dae6c5224a952b3c) (ScriptedImporter)WARNING: Shader Unsupported: 'TextMeshPro/SRP/TMP_SDF-HDRP LIT' - All subshaders removed
WARNING: Shader Did you use #pragma only_renderers and omit this platform?
WARNING: Shader If subshaders removal was intentional, you may have forgotten turning Fallback off?
WARNING: Shader Unsupported: 'TextMeshPro/SRP/TMP_SDF-HDRP LIT' - All subshaders removed
WARNING: Shader Did you use #pragma only_renderers and omit this platform?
WARNING: Shader If subshaders removal was intentional, you may have forgotten turning Fallback off?
WARNING: Shader Unsupported: 'TextMeshPro/SRP/TMP_SDF-HDRP LIT' - All subshaders removed
WARNING: Shader Did you use #pragma only_renderers and omit this platform?
WARNING: Shader If subshaders removal was intentional, you may have forgotten turning Fallback off?
WARNING: Shader Unsupported: 'TextMeshPro/SRP/TMP_SDF-HDRP LIT' - All subshaders removed
WARNING: Shader Did you use #pragma only_renderers and omit this platform?
WARNING: Shader If subshaders removal was intentional, you may have forgotten turning Fallback off?
 -> (artifact id: 'b113aac12bfd436117790d8e9dcd8504') in 0.0213532 seconds
Start importing Packages/com.unity.render-pipelines.universal/Shaders/Decal.shadergraph using Guid(9b4e681081e2b4c469111bb649e2f7ee) (ScriptedImporter) -> (artifact id: 'a7606a859af868e1472f722a313d3939') in 0.0760207 seconds
Start importing Packages/com.unity.render-pipelines.universal/Shaders/Nature/SpeedTree9_URP.shadergraph using Guid(cbd3e1cc4ae141c42a30e33b4d666a61) (ScriptedImporter) -> (artifact id: '2711708c30ffa585ce2ae6de0f331cab') in 0.1393936 seconds
Start importing Packages/com.unity.render-pipelines.universal/Shaders/FullscreenInvertColors.shadergraph using Guid(fb6390f650ca44a5ba3246d8dda47927) (ScriptedImporter) -> (artifact id: 'c7b1ddeb1bfc9eb6c6000c4efa09a150') in 0.0326305 seconds
Start importing Packages/com.unity.render-pipelines.universal/Shaders/AutodeskInteractive/AutodeskInteractiveTransparent.shadergraph using Guid(5c81372d981403744adbdda4433c9c11) (ScriptedImporter) -> (artifact id: '7614ee40ab1b43bb5f7058694cb1e8ac') in 0.0800981 seconds
Start importing Packages/com.unity.render-pipelines.universal/Editor/ShaderGraph/GraphTemplates/Terrain Standard 4 Layers URP.shadergraph using Guid(bc3def193b270c649b041063a70a1a1f) (ScriptedImporter)Shader 'Hidden/Terrain/Terrain Standard 4 Layers URP': dependency 'AddPassShader' shader 'Hidden/Hidden/Terrain/Terrain Standard 4 Layers URP_AddPass' not found
Shader 'Hidden/Terrain/Terrain Standard 4 Layers URP': dependency 'BaseMapGenShader' shader 'Hidden/Hidden/Terrain/Terrain Standard 4 Layers URP_BaseMapGen' not found
Shader 'Hidden/Terrain/Terrain Standard 4 Layers URP': dependency 'AddPassShader' shader 'Hidden/Hidden/Terrain/Terrain Standard 4 Layers URP_AddPass' not found
Shader 'Hidden/Terrain/Terrain Standard 4 Layers URP': dependency 'BaseMapGenShader' shader 'Hidden/Hidden/Terrain/Terrain Standard 4 Layers URP_BaseMapGen' not found
 -> (artifact id: '734f343ab2e7f69f892bd17ff15ec6d7') in 0.2136557 seconds
Start importing Packages/com.unity.shadergraph/GraphTemplates/Cross Pipeline/UGUI Canvas Meter.shadergraph using Guid(9d4e8ca8c5046914c87ca6ccef140dac) (ScriptedImporter) -> (artifact id: 'c1af70415521a5d6d71088e1f213f4a2') in 0.0477575 seconds
Start importing Packages/com.unity.render-pipelines.universal/Editor/ShaderGraph/GraphTemplates/2D/0_2D Sprite Lit.shadergraph using Guid(bde135b320597544b9ac325092409f8b) (ScriptedImporter) -> (artifact id: 'f53bf6b25962c5ac294d5b423a0053a0') in 0.0505387 seconds
Start importing Packages/com.unity.render-pipelines.universal/Shaders/AutodeskInteractive/AutodeskInteractive.shadergraph using Guid(0e9d5a909a1f7e84882a534d0d11e49f) (ScriptedImporter) -> (artifact id: '9d418e49fd2174f57b1baf7c12242bb2') in 0.0695734 seconds
Start importing Packages/com.unity.render-pipelines.universal/Editor/ShaderGraph/GraphTemplates/UITKFullTemplate.shadergraph using Guid(3e01bbae25716b24ea9da11102b44902) (ScriptedImporter) -> (artifact id: 'b19d9205b6a4d7124465a60ce13ecf68') in 0.0391388 seconds
Start importing Packages/com.unity.shadergraph/GraphTemplates/Custom Render Texture.shadergraph using Guid(7ef2cf71ad164fe479662ae612dff99e) (ScriptedImporter) -> (artifact id: '1bec025da4b8c728cce6f11cb32c0017') in 0.0098717 seconds
Start importing Packages/com.unity.shadergraph/GraphTemplates/Cross Pipeline/1_Lit Full.shadergraph using Guid(aee84ce0dab81b049bb88017d78a63cd) (ScriptedImporter) -> (artifact id: '3f72c7507fb25c3a9d27ce361e7588cc') in 0.1433014 seconds
Start importing Packages/com.unity.shadergraph/GraphTemplates/Cross Pipeline/Terrain Simple.shadergraph using Guid(def488a52add6574d9f295a507032cb8) (ScriptedImporter)Shader 'Hidden/Terrain/Terrain Simple': dependency 'AddPassShader' shader 'Hidden/Hidden/Terrain/Terrain Simple_AddPass' not found
Shader 'Hidden/Terrain/Terrain Simple': dependency 'BaseMapGenShader' shader 'Hidden/Hidden/Terrain/Terrain Simple_BaseMapGen' not found
Shader 'Hidden/Terrain/Terrain Simple': dependency 'AddPassShader' shader 'Hidden/Hidden/Terrain/Terrain Simple_AddPass' not found
Shader 'Hidden/Terrain/Terrain Simple': dependency 'BaseMapGenShader' shader 'Hidden/Hidden/Terrain/Terrain Simple_BaseMapGen' not found
 -> (artifact id: '8eee88e23c0f2a92a61a7c3ca7b8e13d') in 0.1678978 seconds
Start importing Packages/com.unity.shadergraph/GraphTemplates/Cross Pipeline/0_Particle Unlit.shadergraph using Guid(af66091e0eca0c04a9c3584ae867418a) (ScriptedImporter) -> (artifact id: '82f79024b396af2c9c9252521351f8dc') in 0.0652878 seconds
Start importing Packages/com.unity.render-pipelines.universal/Editor/ShaderGraph/GraphTemplates/2D/2_2D Sprite Custom Lit.shadergraph using Guid(bfad0aba0faa90547b68abd10bb6be86) (ScriptedImporter) -> (artifact id: '5ff04c76c3791eb0674228e91df1e881') in 0.0534189 seconds
Start importing Packages/com.unity.render-pipelines.universal/Editor/ShaderGraph/GraphTemplates/Fullscreen Basic URP.shadergraph using Guid(df41eefe8c13d444ca890dddbbc61f8d) (ScriptedImporter) -> (artifact id: 'd53dfa04293dbdecc4537cb6338a4478') in 0.0377097 seconds
Start importing Packages/com.unity.render-pipelines.core/Runtime/RenderPipelineResources/Mesh/SamplesFixture.fbx using Guid(b28fa67a0ff82c5478f27368dc627683) (FBXImporter) -> (artifact id: 'a0f2bfb54cf8f81ebb1826b1b3f553b5') in 0.0105088 seconds
Start importing Packages/com.unity.render-pipelines.core/Runtime/RenderPipelineResources/Mesh/SamplesFloorSpotlight.fbx using Guid(1dbf28c1bb322474d981b2dc555e28b0) (FBXImporter) -> (artifact id: '45478e9e8914bf97dcf51a84c34e895f') in 0.010671 seconds
Start importing Assets/TextMesh Pro/Resources/Fonts & Materials/LiberationSans SDF - Fallback.asset using Guid(2e498d1c8094910479dc3e1b768306a4) (NativeFormatImporter) -> (artifact id: '904ebae6ee4474c266c74cd8e9f372b7') in 0.0019268 seconds
Start importing Assets/TextMesh Pro/Resources/Fonts & Materials/LiberationSans SDF.asset using Guid(8f586378b4e144a9851e7b34d9b748ee) (NativeFormatImporter) -> (artifact id: '7055972fc60a7912ea5976ba5c66435a') in 0.0022138 seconds
WARNING: Shader Unsupported: 'TextMeshPro/SRP/TMP_SDF-HDRP LIT' - All subshaders removed
WARNING: Shader Did you use #pragma only_renderers and omit this platform?
WARNING: Shader If subshaders removal was intentional, you may have forgotten turning Fallback off?
WARNING: Shader Unsupported: 'TextMeshPro/SRP/TMP_SDF-HDRP LIT' - All subshaders removed
WARNING: Shader Did you use #pragma only_renderers and omit this platform?
WARNING: Shader If subshaders removal was intentional, you may have forgotten turning Fallback off?
WARNING: Shader Unsupported: 'TextMeshPro/SRP/TMP_SDF-HDRP UNLIT' - All subshaders removed
WARNING: Shader Did you use #pragma only_renderers and omit this platform?
WARNING: Shader If subshaders removal was intentional, you may have forgotten turning Fallback off?
WARNING: Shader Unsupported: 'TextMeshPro/SRP/TMP_SDF-HDRP UNLIT' - All subshaders removed
WARNING: Shader Did you use #pragma only_renderers and omit this platform?
WARNING: Shader If subshaders removal was intentional, you may have forgotten turning Fallback off?
Refreshing native plugins compatible for Editor in 0.25 ms, found 0 plugins.
Preloading 0 native plugins for Editor in 0.00 ms.
Asset Pipeline Refresh (id=1517497b46253db479cec0a75336305d): Total: 3.534 seconds - Initiated by StopAssetImportingV2(NoUpdateAssetOptions)
	Summary:
		Imports: total=79 (actual=79, local cache=0, cache server=0)
		Asset DB Process Time: managed=4 ms, native=3422 ms
		Asset DB Callback time: managed=28 ms, native=78 ms
		Scripting: domain reloads=0, domain reload time=0 ms, compile time=0 ms, other=0 ms
		Project Asset Count: scripts=1063, non-scripts=2102
		Asset File Changes: new=0, changed=0, moved=0, deleted=0
		Scan Filter Count: 121
	InvokeCustomDependenciesCallbacks: 0.001ms
	InvokePackagesCallback: 0.001ms
	ApplyChangesToAssetFolders: 0.120ms
	Scan: 10.306ms
	OnSourceAssetsModified: 0.001ms
	CategorizeAssetsWithTransientArtifact: 0.084ms
	ProcessAssetsWithTransientArtifactChanges: 0.051ms
	CategorizeAssets: 12.072ms
	ImportOutOfDateAssets: 3398.968ms (-7.260ms without children)
		ImportManagerImport: 3397.617ms (44.152ms without children)
			ImportInProcess: 3349.415ms
			UpdateCategorizedAssets: 4.050ms
		ReloadNativeAssets: 0.017ms
		UnloadImportedAssets: 0.659ms
		ReloadImportedAssets: 7.463ms
		EnsureUptoDateAssetsAreRegisteredWithGuidPM: 0.244ms
		InitializingProgressBar: 0.005ms
		PostProcessAllAssetNotificationsAddChangedAssets: 0.002ms
		OnDemandSchedulerStart: 0.221ms
	PostProcessAllAssets: 104.894ms
	Hotreload: 1.955ms
	GatherAllCurrentPrimaryArtifactRevisions: 0.106ms
	UnloadStreamsBegin: 0.051ms
	PersistCurrentRevisions: 0.165ms
	UnloadStreamsEnd: 0.062ms
	Untracked: 4.839ms

Asset Pipeline Refresh (id=7fcb31c6920f3e04e9b6291a78e4532c): Total: 0.023 seconds - Initiated by RefreshV2(NoUpdateAssetOptions)
[UnityConnectServicesConfig] config is NOT valid, switching to default
Created GICache directory at C:/Users/1/AppData/LocalLow/Unity/Caches/GiCache. Took: 0.017s, timestamps: [51.546 - 51.563]
Unloading 16 Unused Serialized files (Serialized files now loaded: 0)
Unloading 174 unused Assets / (12.5 MB). Loaded Objects now: 4719.
Memory consumption went from 289.9 MB to 277.4 MB.
Total: 18.784900 ms (FindLiveObjects: 0.146700 ms CreateObjectMapping: 0.047000 ms MarkObjects: 16.023800 ms  DeleteObjects: 2.564700 ms)

Start importing Assets/InitTestScene4e8e6efb-8f8c-47a6-915a-1007e6e9c446.unity using Guid(99d721022211c4842b86f517e3d6aaa4) (DefaultImporter) -> (artifact id: 'e646158699ff597f7effb44e4378387e') in 0.0015555 seconds
Refreshing native plugins compatible for Editor in 0.19 ms, found 0 plugins.
Preloading 0 native plugins for Editor in 0.00 ms.
Asset Pipeline Refresh (id=85dd201e0372e7e46a4ad6326da4fea2): Total: 0.024 seconds - Initiated by StopAssetImportingV2(NoUpdateAssetOptions)
Executing IPrebuildSetup for: Unity.PerformanceTesting.Editor.TestRunBuilder.
UnityEngine.Debug:ExtractStackTraceNoAlloc (byte*,int,string)
UnityEngine.StackTraceUtility:ExtractStackTrace ()
UnityEngine.DebugLogHandler:Internal_Log (UnityEngine.LogType,UnityEngine.LogOption,string,UnityEngine.Object)
UnityEngine.DebugLogHandler:LogFormat (UnityEngine.LogType,UnityEngine.Object,string,object[])
UnityEngine.Logger:Log (UnityEngine.LogType,object)
UnityEngine.Debug:Log (object)
UnityEditor.TestTools.TestRunner.TestRun.Tasks.BuildActionTaskBase`1/<ExecuteMethods>d__8<UnityEngine.TestTools.IPrebuildSetup>:MoveNext () (at ./Library/PackageCache/com.unity.test-framework@bd7f943e9647/UnityEditor.TestRunner/TestRun/Tasks/BuildActionTaskBase.cs:48)
UnityEditor.TestTools.TestRunner.TestRun.Tasks.BuildActionTaskBase`1/<Execute>d__7<UnityEngine.TestTools.IPrebuildSetup>:MoveNext () (at ./Library/PackageCache/com.unity.test-framework@bd7f943e9647/UnityEditor.TestRunner/TestRun/Tasks/BuildActionTaskBase.cs:34)
UnityEditor.TestTools.TestRunner.TestRun.TestJobRunner:ExecuteStep () (at ./Library/PackageCache/com.unity.test-framework@bd7f943e9647/UnityEditor.TestRunner/TestRun/TestJobRunner.cs:173)
UnityEditor.TestTools.TestRunner.TestRun.TestJobRunner:ExecuteCallback () (at ./Library/PackageCache/com.unity.test-framework@bd7f943e9647/UnityEditor.TestRunner/TestRun/TestJobRunner.cs:108)
UnityEditor.EditorApplication:Internal_CallUpdateFunctions ()

(Filename: ./Library/PackageCache/com.unity.test-framework@bd7f943e9647/UnityEditor.TestRunner/TestRun/Tasks/BuildActionTaskBase.cs Line: 48)

Reloading assemblies for play mode.
Reloading assemblies after forced synchronous recompile.
Begin MonoManager ReloadAssembly
- Loaded All Assemblies, in  0.471 seconds
Refreshing native plugins compatible for Editor in 0.20 ms, found 0 plugins.
Native extension for WindowsStandalone target not found
ScheduleIndexationOnStartup MainProcess:True IndexOnStartup:False
Mono: successfully reloaded assembly
- Finished resetting the current domain, in  0.516 seconds
Domain Reload Profiling: 987ms
	BeginReloadAssembly (322ms)
		ExecutionOrderSort (0ms)
		DisableScriptedObjects (16ms)
		BackupInstance (0ms)
		ReleaseScriptingObjects (0ms)
		CreateAndSetChildDomain (221ms)
	RebuildCommonClasses (24ms)
	RebuildNativeTypeToScriptingClass (9ms)
	initialDomainReloadingComplete (16ms)
	LoadAllAssembliesAndSetupDomain (100ms)
		LoadAssemblies (77ms)
		RebuildTransferFunctionScriptingTraits (0ms)
		AnalyzeDomain (82ms)
			TypeCache.Refresh (4ms)
				TypeCache.ScanAssembly (0ms)
			BuildScriptInfoCaches (61ms)
			ResolveRequiredComponents (16ms)
	FinalizeReload (516ms)
		ReleaseScriptCaches (0ms)
		RebuildScriptCaches (0ms)
		SetupLoadedEditorAssemblies (335ms)
			LogAssemblyErrors (0ms)
			InitializePlatformSupportModulesInManaged (11ms)
			SetLoadedEditorAssemblies (2ms)
			BeforeProcessingInitializeOnLoad (84ms)
			ProcessInitializeOnLoadAttributes (134ms)
			ProcessInitializeOnLoadMethodAttributes (102ms)
			AfterProcessingInitializeOnLoad (2ms)
			EditorAssembliesLoaded (0ms)
		ExecutionOrderSort2 (0ms)
		AwakeInstancesAfterBackupRestoration (18ms)
Asset Pipeline Refresh (id=21a0e713b2796c742875ab731980657f): Total: 1.072 seconds - Initiated by StopAssetImportingV2(ForceSynchronousImport | ForceDomainReload)
	Summary:
		Imports: total=0 (actual=0, local cache=0, cache server=0)
		Asset DB Process Time: managed=0 ms, native=576 ms
		Asset DB Callback time: managed=15 ms, native=0 ms
		Scripting: domain reloads=1, domain reload time=478 ms, compile time=1 ms, other=0 ms
		Project Asset Count: scripts=1063, non-scripts=2103
		Asset File Changes: new=0, changed=0, moved=0, deleted=0
		Scan Filter Count: 0
	InvokeCustomDependenciesCallbacks: 0.001ms
	InvokePackagesCallback: 1.332ms
	ApplyChangesToAssetFolders: 0.218ms
	Scan: 0.001ms
	OnSourceAssetsModified: 0.001ms
	CategorizeAssetsWithTransientArtifact: 0.002ms
	ProcessAssetsWithTransientArtifactChanges: 1.723ms
	CategorizeAssets: 27.467ms
	ImportOutOfDateAssets: 519.439ms (504.892ms without children)
		CompileScripts: 0.795ms
		CollectScriptTypesHashes: 12.301ms
		ReloadNativeAssets: 0.724ms
		UnloadImportedAssets: 0.217ms
		EnsureUptoDateAssetsAreRegisteredWithGuidPM: 0.293ms
		InitializingProgressBar: 0.001ms
		PostProcessAllAssetNotificationsAddChangedAssets: 0.000ms
		OnDemandSchedulerStart: 0.218ms
	PostProcessAllAssets: 15.774ms
	GatherAllCurrentPrimaryArtifactRevisions: 0.115ms
	UnloadStreamsBegin: 0.134ms
	PersistCurrentRevisions: 0.083ms
	UnloadStreamsEnd: 0.001ms
	GenerateScriptTypeHashes: 3.003ms
	Untracked: 505.426ms

Loaded scene 'Temp/__Backupscenes/0.backup'
	Deserialize:            0.528 ms
	Integration:            135.475 ms
	Integration of assets:  0.001 ms
	Thread Wait Time:       0.009 ms
	Total Operation Time:   136.013 ms
[MODES] ModeService[none].Initialize
[MODES] ModeService[none].LoadModes
[Licensing::Client] Successfully resolved entitlement details
[GlobalPlayModeTestSetup] 已把用户数据根重定向到测试专属目录：C:/Users/1/AppData/LocalLow/DefaultCompany/unity\_playmode_tests（预清理存档子目录=C:/Users/1/AppData/LocalLow/DefaultCompany/unity\_playmode_tests\saves，删除文件数=0），真实存档目录未被触碰。
UnityEngine.Debug:ExtractStackTraceNoAlloc (byte*,int,string)
UnityEngine.StackTraceUtility:ExtractStackTrace ()
UnityEngine.DebugLogHandler:Internal_Log (UnityEngine.LogType,UnityEngine.LogOption,string,UnityEngine.Object)
UnityEngine.DebugLogHandler:LogFormat (UnityEngine.LogType,UnityEngine.Object,string,object[])
UnityEngine.Logger:Log (UnityEngine.LogType,object)
UnityEngine.Debug:Log (object)
Adapter.Unity.Tests.Runtime.GlobalPlayModeTestSetup:RedirectUserDataRootBeforeAnyTestRuns () (at ./Packages/com.gamefoundation.adapter.unity/Tests/Runtime/GlobalPlayModeTestSetup.cs:125)
System.Reflection.RuntimeMethodInfo:Invoke (object,System.Reflection.BindingFlags,System.Reflection.Binder,object[],System.Globalization.CultureInfo)
System.Reflection.MethodBase:Invoke (object,object[])
NUnit.Framework.Internal.Reflect:InvokeMethod (System.Reflection.MethodInfo,object,object[])
NUnit.Framework.Internal.Reflect:InvokeMethod (System.Reflection.MethodInfo,object)
NUnit.Framework.Internal.Commands.SetUpTearDownItem:RunNonAsyncMethod (System.Reflection.MethodInfo,NUnit.Framework.Internal.ITestExecutionContext)
NUnit.Framework.Internal.Commands.SetUpTearDownItem:RunSetUpOrTearDownMethod (NUnit.Framework.Internal.ITestExecutionContext,System.Reflection.MethodInfo)
NUnit.Framework.Internal.Commands.SetUpTearDownItem:RunSetUp (NUnit.Framework.Internal.ITestExecutionContext)
NUnit.Framework.Internal.Commands.OneTimeSetUpCommand:Execute (NUnit.Framework.Internal.ITestExecutionContext)
UnityEngine.TestRunner.NUnitExtensions.Runner.CompositeWorkItem:PerformOneTimeSetUp () (at ./Library/PackageCache/com.unity.test-framework@bd7f943e9647/UnityEngine.TestRunner/NUnitExtensions/Runner/CompositeWorkItem.cs:171)
UnityEngine.TestRunner.NUnitExtensions.Runner.CompositeWorkItem/<PerformWork>d__13:MoveNext () (at ./Library/PackageCache/com.unity.test-framework@bd7f943e9647/UnityEngine.TestRunner/NUnitExtensions/Runner/CompositeWorkItem.cs:74)
UnityEngine.TestRunner.NUnitExtensions.Runner.CompositeWorkItem/<RunChildren>d__17:MoveNext () (at ./Library/PackageCache/com.unity.test-framework@bd7f943e9647/UnityEngine.TestRunner/NUnitExtensions/Runner/CompositeWorkItem.cs:207)
UnityEngine.TestRunner.NUnitExtensions.Runner.CompositeWorkItem/<PerformWork>d__13:MoveNext () (at ./Library/PackageCache/com.unity.test-framework@bd7f943e9647/UnityEngine.TestRunner/NUnitExtensions/Runner/CompositeWorkItem.cs:82)
UnityEngine.TestRunner.NUnitExtensions.Runner.CompositeWorkItem/<RunChildren>d__17:MoveNext () (at ./Library/PackageCache/com.unity.test-framework@bd7f943e9647/UnityEngine.TestRunner/NUnitExtensions/Runner/CompositeWorkItem.cs:207)
UnityEngine.TestRunner.NUnitExtensions.Runner.CompositeWorkItem/<PerformWork>d__13:MoveNext () (at ./Library/PackageCache/com.unity.test-framework@bd7f943e9647/UnityEngine.TestRunner/NUnitExtensions/Runner/CompositeWorkItem.cs:82)
UnityEngine.TestRunner.NUnitExtensions.Runner.CompositeWorkItem/<RunChildren>d__17:MoveNext () (at ./Library/PackageCache/com.unity.test-framework@bd7f943e9647/UnityEngine.TestRunner/NUnitExtensions/Runner/CompositeWorkItem.cs:207)
UnityEngine.TestRunner.NUnitExtensions.Runner.CompositeWorkItem/<PerformWork>d__13:MoveNext () (at ./Library/PackageCache/com.unity.test-framework@bd7f943e9647/UnityEngine.TestRunner/NUnitExtensions/Runner/CompositeWorkItem.cs:82)
UnityEngine.TestRunner.NUnitExtensions.Runner.CompositeWorkItem/<RunChildren>d__17:MoveNext () (at ./Library/PackageCache/com.unity.test-framework@bd7f943e9647/UnityEngine.TestRunner/NUnitExtensions/Runner/CompositeWorkItem.cs:207)
UnityEngine.TestRunner.NUnitExtensions.Runner.CompositeWorkItem/<PerformWork>d__13:MoveNext () (at ./Library/PackageCache/com.unity.test-framework@bd7f943e9647/UnityEngine.TestRunner/NUnitExtensions/Runner/CompositeWorkItem.cs:82)
UnityEngine.TestRunner.NUnitExtensions.Runner.CompositeWorkItem/<RunChildren>d__17:MoveNext () (at ./Library/PackageCache/com.unity.test-framework@bd7f943e9647/UnityEngine.TestRunner/NUnitExtensions/Runner/CompositeWorkItem.cs:207)
UnityEngine.TestRunner.NUnitExtensions.Runner.CompositeWorkItem/<PerformWork>d__13:MoveNext () (at ./Library/PackageCache/com.unity.test-framework@bd7f943e9647/UnityEngine.TestRunner/NUnitExtensions/Runner/CompositeWorkItem.cs:82)
UnityEngine.TestTools.TestRunner.PlaymodeTestsController/<TestRunnerCoroutine>d__24:MoveNext () (at ./Library/PackageCache/com.unity.test-framework@bd7f943e9647/UnityEngine.TestRunner/TestRunner/PlaymodeTestsController.cs:94)
UnityEngine.SetupCoroutine:InvokeMoveNext (System.Collections.IEnumerator,intptr)

(Filename: ./Packages/com.gamefoundation.adapter.unity/Tests/Runtime/GlobalPlayModeTestSetup.cs Line: 125)

[EquipmentVisualSaveLoadResetTests] saveB=True;loadB=Loaded;equipment_after_load=0;socket_childCount_before=0;socket_childCount_after=0;view_same=True
UnityEngine.Debug:ExtractStackTraceNoAlloc (byte*,int,string)
UnityEngine.StackTraceUtility:ExtractStackTrace ()
UnityEngine.DebugLogHandler:Internal_Log (UnityEngine.LogType,UnityEngine.LogOption,string,UnityEngine.Object)
UnityEngine.DebugLogHandler:LogFormat (UnityEngine.LogType,UnityEngine.Object,string,object[])
UnityEngine.Logger:Log (UnityEngine.LogType,object)
UnityEngine.Debug:Log (object)
Adapter.Unity.Tests.Runtime.EquipmentVisualSaveLoadResetTests:SurvivingView_SaveEmptyThenEquip_LoadEmptySave_ResetsStaleEquipmentVisual () (at ./Packages/com.gamefoundation.adapter.unity/Tests/Runtime/EquipmentVisualSaveLoadResetTests.cs:246)
System.Reflection.RuntimeMethodInfo:Invoke (object,System.Reflection.BindingFlags,System.Reflection.Binder,object[],System.Globalization.CultureInfo)
System.Reflection.MethodBase:Invoke (object,object[])
NUnit.Framework.Internal.Reflect:InvokeMethod (System.Reflection.MethodInfo,object,object[])
NUnit.Framework.Internal.MethodWrapper:Invoke (object,object[])
NUnit.Framework.Internal.Commands.TestMethodCommand:RunNonAsyncTestMethod (NUnit.Framework.Internal.ITestExecutionContext)
NUnit.Framework.Internal.Commands.TestMethodCommand:RunTestMethod (NUnit.Framework.Internal.ITestExecutionContext)
NUnit.Framework.Internal.Commands.TestMethodCommand:Execute (NUnit.Framework.Internal.ITestExecutionContext)
UnityEngine.TestTools.UnityTestMethodCommand:Execute (NUnit.Framework.Internal.ITestExecutionContext) (at ./Library/PackageCache/com.unity.test-framework@bd7f943e9647/UnityEngine.TestRunner/NUnitExtensions/Commands/UnityTestMethodCommand.cs:19)
UnityEngine.TestRunner.NUnitExtensions.Runner.UnityLogCheckDelegatingCommand/<>c__DisplayClass2_0:<Execute>b__0 () (at ./Library/PackageCache/com.unity.test-framework@bd7f943e9647/UnityEngine.TestRunner/NUnitExtensions/Runner/UnityLogCheckDelegatingCommand.cs:24)
UnityEngine.TestRunner.NUnitExtensions.Runner.UnityLogCheckDelegatingCommand:CaptureException (NUnit.Framework.Internal.TestResult,System.Action) (at ./Library/PackageCache/com.unity.test-framework@bd7f943e9647/UnityEngine.TestRunner/NUnitExtensions/Runner/UnityLogCheckDelegatingCommand.cs:72)
UnityEngine.TestRunner.NUnitExtensions.Runner.UnityLogCheckDelegatingCommand:ExecuteAndCheckLog (UnityEngine.TestTools.Logging.LogScope,NUnit.Framework.Internal.TestResult,System.Action) (at ./Library/PackageCache/com.unity.test-framework@bd7f943e9647/UnityEngine.TestRunner/NUnitExtensions/Runner/UnityLogCheckDelegatingCommand.cs:83)
UnityEngine.TestRunner.NUnitExtensions.Runner.UnityLogCheckDelegatingCommand:Execute (NUnit.Framework.Internal.ITestExecutionContext) (at ./Library/PackageCache/com.unity.test-framework@bd7f943e9647/UnityEngine.TestRunner/NUnitExtensions/Runner/UnityLogCheckDelegatingCommand.cs:24)
UnityEngine.TestRunner.NUnitExtensions.Runner.UnityLogCheckDelegatingCommand/<ExecuteEnumerable>d__3:MoveNext () (at ./Library/PackageCache/com.unity.test-framework@bd7f943e9647/UnityEngine.TestRunner/NUnitExtensions/Runner/UnityLogCheckDelegatingCommand.cs:35)
UnityEngine.TestTools.BeforeAfterTestCommandBase`1/<ExecuteEnumerable>d__16<NUnit.Framework.ITestAction>:MoveNext () (at ./Library/PackageCache/com.unity.test-framework@bd7f943e9647/UnityEngine.TestRunner/NUnitExtensions/Commands/BeforeAfterTestCommandBase.cs:212)
UnityEngine.TestTools.ImmediateEnumerableCommand:Execute (NUnit.Framework.Internal.ITestExecutionContext) (at ./Library/PackageCache/com.unity.test-framework@bd7f943e9647/UnityEngine.TestRunner/NUnitExtensions/Commands/ImmediateEnumerableCommand.cs:18)
UnityEngine.TestTools.BeforeAfterTestCommandBase`1/<ExecuteEnumerable>d__16<System.Reflection.MethodInfo>:MoveNext () (at ./Library/PackageCache/com.unity.test-framework@bd7f943e9647/UnityEngine.TestRunner/NUnitExtensions/Commands/BeforeAfterTestCommandBase.cs:219)
UnityEngine.TestTools.BeforeAfterTestCommandBase`1/<ExecuteEnumerable>d__16<System.Reflection.MethodInfo>:MoveNext () (at ./Library/PackageCache/com.unity.test-framework@bd7f943e9647/UnityEngine.TestRunner/NUnitExtensions/Commands/BeforeAfterTestCommandBase.cs:212)
UnityEngine.TestTools.BeforeAfterTestCommandBase`1/<ExecuteEnumerable>d__16<UnityEngine.TestTools.IOuterUnityTestAction>:MoveNext () (at ./Library/PackageCache/com.unity.test-framework@bd7f943e9647/UnityEngine.TestRunner/NUnitExtensions/Commands/BeforeAfterTestCommandBase.cs:212)
UnityEngine.TestTools.RetryCommand/<ExecuteEnumerable>d__2:MoveNext () (at ./Library/PackageCache/com.unity.test-framework@bd7f943e9647/UnityEngine.TestRunner/NUnitExtensions/Commands/RetryCommand.cs:37)
UnityEngine.TestTools.RepeatCommand/<ExecuteEnumerable>d__2:MoveNext () (at ./Library/PackageCache/com.unity.test-framework@bd7f943e9647/UnityEngine.TestRunner/NUnitExtensions/Commands/RepeatCommand.cs:36)
UnityEngine.TestTools.IgnoreTestCommand/<ExecuteEnumerable>d__3:MoveNext () (at ./Library/PackageCache/com.unity.test-framework@bd7f943e9647/UnityEngine.TestRunner/NUnitExtensions/Commands/IgnoreTestCommand.cs:42)
UnityEngine.TestTools.StrictCheckCommand/<ExecuteEnumerable>d__2:MoveNext () (at ./Library/PackageCache/com.unity.test-framework@bd7f943e9647/UnityEngine.TestRunner/NUnitExtensions/Commands/StrictCheckCommand.cs:29)
UnityEngine.TestRunner.NUnitExtensions.Runner.DefaultTestWorkItem/<PerformWork>d__2:MoveNext () (at ./Library/PackageCache/com.unity.test-framework@bd7f943e9647/UnityEngine.TestRunner/NUnitExtensions/Runner/DefaultTestWorkItem.cs:50)
UnityEngine.TestRunner.NUnitExtensions.Runner.CompositeWorkItem/<RunChildren>d__17:MoveNext () (at ./Library/PackageCache/com.unity.test-framework@bd7f943e9647/UnityEngine.TestRunner/NUnitExtensions/Runner/CompositeWorkItem.cs:207)
UnityEngine.TestRunner.NUnitExtensions.Runner.CompositeWorkItem/<PerformWork>d__13:MoveNext () (at ./Library/PackageCache/com.unity.test-framework@bd7f943e9647/UnityEngine.TestRunner/NUnitExtensions/Runner/CompositeWorkItem.cs:82)
UnityEngine.TestRunner.NUnitExtensions.Runner.CompositeWorkItem/<RunChildren>d__17:MoveNext () (at ./Library/PackageCache/com.unity.test-framework@bd7f943e9647/UnityEngine.TestRunner/NUnitExtensions/Runner/CompositeWorkItem.cs:207)
UnityEngine.TestRunner.NUnitExtensions.Runner.CompositeWorkItem/<PerformWork>d__13:MoveNext () (at ./Library/PackageCache/com.unity.test-framework@bd7f943e9647/UnityEngine.TestRunner/NUnitExtensions/Runner/CompositeWorkItem.cs:82)
UnityEngine.TestRunner.NUnitExtensions.Runner.CompositeWorkItem/<RunChildren>d__17:MoveNext () (at ./Library/PackageCache/com.unity.test-framework@bd7f943e9647/UnityEngine.TestRunner/NUnitExtensions/Runner/CompositeWorkItem.cs:207)
UnityEngine.TestRunner.NUnitExtensions.Runner.CompositeWorkItem/<PerformWork>d__13:MoveNext () (at ./Library/PackageCache/com.unity.test-framework@bd7f943e9647/UnityEngine.TestRunner/NUnitExtensions/Runner/CompositeWorkItem.cs:82)
UnityEngine.TestRunner.NUnitExtensions.Runner.CompositeWorkItem/<RunChildren>d__17:MoveNext () (at ./Library/PackageCache/com.unity.test-framework@bd7f943e9647/UnityEngine.TestRunner/NUnitExtensions/Runner/CompositeWorkItem.cs:207)
UnityEngine.TestRunner.NUnitExtensions.Runner.CompositeWorkItem/<PerformWork>d__13:MoveNext () (at ./Library/PackageCache/com.unity.test-framework@bd7f943e9647/UnityEngine.TestRunner/NUnitExtensions/Runner/CompositeWorkItem.cs:82)
UnityEngine.TestRunner.NUnitExtensions.Runner.CompositeWorkItem/<RunChildren>d__17:MoveNext () (at ./Library/PackageCache/com.unity.test-framework@bd7f943e9647/UnityEngine.TestRunner/NUnitExtensions/Runner/CompositeWorkItem.cs:207)
UnityEngine.TestRunner.NUnitExtensions.Runner.CompositeWorkItem/<PerformWork>d__13:MoveNext () (at ./Library/PackageCache/com.unity.test-framework@bd7f943e9647/UnityEngine.TestRunner/NUnitExtensions/Runner/CompositeWorkItem.cs:82)
UnityEngine.TestRunner.NUnitExtensions.Runner.CompositeWorkItem/<RunChildren>d__17:MoveNext () (at ./Library/PackageCache/com.unity.test-framework@bd7f943e9647/UnityEngine.TestRunner/NUnitExtensions/Runner/CompositeWorkItem.cs:207)
UnityEngine.TestRunner.NUnitExtensions.Runner.CompositeWorkItem/<PerformWork>d__13:MoveNext () (at ./Library/PackageCache/com.unity.test-framework@bd7f943e9647/UnityEngine.TestRunner/NUnitExtensions/Runner/CompositeWorkItem.cs:82)
UnityEngine.TestRunner.NUnitExtensions.Runner.CompositeWorkItem/<RunChildren>d__17:MoveNext () (at ./Library/PackageCache/com.unity.test-framework@bd7f943e9647/UnityEngine.TestRunner/NUnitExtensions/Runner/CompositeWorkItem.cs:207)
UnityEngine.TestRunner.NUnitExtensions.Runner.CompositeWorkItem/<PerformWork>d__13:MoveNext () (at ./Library/PackageCache/com.unity.test-framework@bd7f943e9647/UnityEngine.TestRunner/NUnitExtensions/Runner/CompositeWorkItem.cs:82)
UnityEngine.TestTools.TestRunner.PlaymodeTestsController/<TestRunnerCoroutine>d__24:MoveNext () (at ./Library/PackageCache/com.unity.test-framework@bd7f943e9647/UnityEngine.TestRunner/TestRunner/PlaymodeTestsController.cs:94)
UnityEngine.SetupCoroutine:InvokeMoveNext (System.Collections.IEnumerator,intptr)

(Filename: ./Packages/com.gamefoundation.adapter.unity/Tests/Runtime/EquipmentVisualSaveLoadResetTests.cs Line: 246)

There are no audio listeners in the scene. Please ensure there is always one audio listener in the scene
[GlobalPlayModeTestSetup] 已恢复用户数据根覆盖为 null，已清理测试专属目录：C:/Users/1/AppData/LocalLow/DefaultCompany/unity\_playmode_tests
UnityEngine.Debug:ExtractStackTraceNoAlloc (byte*,int,string)
UnityEngine.StackTraceUtility:ExtractStackTrace ()
UnityEngine.DebugLogHandler:Internal_Log (UnityEngine.LogType,UnityEngine.LogOption,string,UnityEngine.Object)
UnityEngine.DebugLogHandler:LogFormat (UnityEngine.LogType,UnityEngine.Object,string,object[])
UnityEngine.Logger:Log (UnityEngine.LogType,object)
UnityEngine.Debug:Log (object)
Adapter.Unity.Tests.Runtime.GlobalPlayModeTestSetup:RestoreUserDataRootAfterAllTestsRun () (at ./Packages/com.gamefoundation.adapter.unity/Tests/Runtime/GlobalPlayModeTestSetup.cs:149)
System.Reflection.RuntimeMethodInfo:Invoke (object,System.Reflection.BindingFlags,System.Reflection.Binder,object[],System.Globalization.CultureInfo)
System.Reflection.MethodBase:Invoke (object,object[])
NUnit.Framework.Internal.Reflect:InvokeMethod (System.Reflection.MethodInfo,object,object[])
NUnit.Framework.Internal.Reflect:InvokeMethod (System.Reflection.MethodInfo,object)
NUnit.Framework.Internal.Commands.SetUpTearDownItem:RunNonAsyncMethod (System.Reflection.MethodInfo,NUnit.Framework.Internal.ITestExecutionContext)
NUnit.Framework.Internal.Commands.SetUpTearDownItem:RunSetUpOrTearDownMethod (NUnit.Framework.Internal.ITestExecutionContext,System.Reflection.MethodInfo)
NUnit.Framework.Internal.Commands.SetUpTearDownItem:RunTearDown (NUnit.Framework.Internal.ITestExecutionContext)
NUnit.Framework.Internal.Commands.OneTimeTearDownCommand:Execute (NUnit.Framework.Internal.ITestExecutionContext)
UnityEngine.TestRunner.NUnitExtensions.Runner.CompositeWorkItem:PerformOneTimeTearDown () (at ./Library/PackageCache/com.unity.test-framework@bd7f943e9647/UnityEngine.TestRunner/NUnitExtensions/Runner/CompositeWorkItem.cs:314)
UnityEngine.TestRunner.NUnitExtensions.Runner.CompositeWorkItem/<PerformWork>d__13:MoveNext () (at ./Library/PackageCache/com.unity.test-framework@bd7f943e9647/UnityEngine.TestRunner/NUnitExtensions/Runner/CompositeWorkItem.cs:102)
UnityEngine.TestRunner.NUnitExtensions.Runner.CompositeWorkItem/<RunChildren>d__17:MoveNext () (at ./Library/PackageCache/com.unity.test-framework@bd7f943e9647/UnityEngine.TestRunner/NUnitExtensions/Runner/CompositeWorkItem.cs:207)
UnityEngine.TestRunner.NUnitExtensions.Runner.CompositeWorkItem/<PerformWork>d__13:MoveNext () (at ./Library/PackageCache/com.unity.test-framework@bd7f943e9647/UnityEngine.TestRunner/NUnitExtensions/Runner/CompositeWorkItem.cs:82)
UnityEngine.TestRunner.NUnitExtensions.Runner.CompositeWorkItem/<RunChildren>d__17:MoveNext () (at ./Library/PackageCache/com.unity.test-framework@bd7f943e9647/UnityEngine.TestRunner/NUnitExtensions/Runner/CompositeWorkItem.cs:207)
UnityEngine.TestRunner.NUnitExtensions.Runner.CompositeWorkItem/<PerformWork>d__13:MoveNext () (at ./Library/PackageCache/com.unity.test-framework@bd7f943e9647/UnityEngine.TestRunner/NUnitExtensions/Runner/CompositeWorkItem.cs:82)
UnityEngine.TestRunner.NUnitExtensions.Runner.CompositeWorkItem/<RunChildren>d__17:MoveNext () (at ./Library/PackageCache/com.unity.test-framework@bd7f943e9647/UnityEngine.TestRunner/NUnitExtensions/Runner/CompositeWorkItem.cs:207)
UnityEngine.TestRunner.NUnitExtensions.Runner.CompositeWorkItem/<PerformWork>d__13:MoveNext () (at ./Library/PackageCache/com.unity.test-framework@bd7f943e9647/UnityEngine.TestRunner/NUnitExtensions/Runner/CompositeWorkItem.cs:82)
UnityEngine.TestRunner.NUnitExtensions.Runner.CompositeWorkItem/<RunChildren>d__17:MoveNext () (at ./Library/PackageCache/com.unity.test-framework@bd7f943e9647/UnityEngine.TestRunner/NUnitExtensions/Runner/CompositeWorkItem.cs:207)
UnityEngine.TestRunner.NUnitExtensions.Runner.CompositeWorkItem/<PerformWork>d__13:MoveNext () (at ./Library/PackageCache/com.unity.test-framework@bd7f943e9647/UnityEngine.TestRunner/NUnitExtensions/Runner/CompositeWorkItem.cs:82)
UnityEngine.TestRunner.NUnitExtensions.Runner.CompositeWorkItem/<RunChildren>d__17:MoveNext () (at ./Library/PackageCache/com.unity.test-framework@bd7f943e9647/UnityEngine.TestRunner/NUnitExtensions/Runner/CompositeWorkItem.cs:207)
UnityEngine.TestRunner.NUnitExtensions.Runner.CompositeWorkItem/<PerformWork>d__13:MoveNext () (at ./Library/PackageCache/com.unity.test-framework@bd7f943e9647/UnityEngine.TestRunner/NUnitExtensions/Runner/CompositeWorkItem.cs:82)
UnityEngine.TestTools.TestRunner.PlaymodeTestsController/<TestRunnerCoroutine>d__24:MoveNext () (at ./Library/PackageCache/com.unity.test-framework@bd7f943e9647/UnityEngine.TestRunner/TestRunner/PlaymodeTestsController.cs:94)
UnityEngine.SetupCoroutine:InvokeMoveNext (System.Collections.IEnumerator,intptr)

(Filename: ./Packages/com.gamefoundation.adapter.unity/Tests/Runtime/GlobalPlayModeTestSetup.cs Line: 149)

Saving results to: C:/Users/1/AppData/LocalLow/DefaultCompany/unity\TestResults.xml
Saving results to: D:\workespace\ws-game-artifacts\audit-76d16a5-20260910\presentation\filtered-play.xml
Unloading 8 Unused Serialized files (Serialized files now loaded: 0)
Loaded scene 'Temp/__Backupscenes/0.backup'
	Deserialize:            0.355 ms
	Integration:            113.572 ms
	Integration of assets:  0.001 ms
	Thread Wait Time:       0.010 ms
	Total Operation Time:   113.938 ms
Unloading 215 unused Assets / (4.2 MB). Loaded Objects now: 4755.
Memory consumption went from 248.7 MB to 244.6 MB.
Total: 5.907600 ms (FindLiveObjects: 0.187500 ms CreateObjectMapping: 0.062000 ms MarkObjects: 5.048000 ms  DeleteObjects: 0.609100 ms)

Executing IPostBuildCleanup for: Unity.PerformanceTesting.Editor.TestRunBuilder.
UnityEngine.Debug:ExtractStackTraceNoAlloc (byte*,int,string)
UnityEngine.StackTraceUtility:ExtractStackTrace ()
UnityEngine.DebugLogHandler:Internal_Log (UnityEngine.LogType,UnityEngine.LogOption,string,UnityEngine.Object)
UnityEngine.DebugLogHandler:LogFormat (UnityEngine.LogType,UnityEngine.Object,string,object[])
UnityEngine.Logger:Log (UnityEngine.LogType,object)
UnityEngine.Debug:Log (object)
UnityEditor.TestTools.TestRunner.TestRun.Tasks.BuildActionTaskBase`1/<ExecuteMethods>d__8<UnityEngine.TestTools.IPostBuildCleanup>:MoveNext () (at ./Library/PackageCache/com.unity.test-framework@bd7f943e9647/UnityEditor.TestRunner/TestRun/Tasks/BuildActionTaskBase.cs:48)
UnityEditor.TestTools.TestRunner.TestRun.Tasks.BuildActionTaskBase`1/<Execute>d__7<UnityEngine.TestTools.IPostBuildCleanup>:MoveNext () (at ./Library/PackageCache/com.unity.test-framework@bd7f943e9647/UnityEditor.TestRunner/TestRun/Tasks/BuildActionTaskBase.cs:34)
UnityEditor.TestTools.TestRunner.TestRun.TestJobRunner:ExecuteStep () (at ./Library/PackageCache/com.unity.test-framework@bd7f943e9647/UnityEditor.TestRunner/TestRun/TestJobRunner.cs:173)
UnityEditor.TestTools.TestRunner.TestRun.TestJobRunner:ExecuteCallback () (at ./Library/PackageCache/com.unity.test-framework@bd7f943e9647/UnityEditor.TestRunner/TestRun/TestJobRunner.cs:108)
UnityEditor.EditorApplication:Internal_CallUpdateFunctions ()

(Filename: ./Library/PackageCache/com.unity.test-framework@bd7f943e9647/UnityEditor.TestRunner/TestRun/Tasks/BuildActionTaskBase.cs Line: 48)

Unloading 0 Unused Serialized files (Serialized files now loaded: 0)
Unloading 0 unused Assets / (Unknown). Loaded Objects now: 4760.
Memory consumption went from 237.4 MB to 237.4 MB.
Total: 5.135900 ms (FindLiveObjects: 0.140200 ms CreateObjectMapping: 0.043300 ms MarkObjects: 4.944800 ms  DeleteObjects: 0.007200 ms)

Refreshing native plugins compatible for Editor in 0.23 ms, found 0 plugins.
Preloading 0 native plugins for Editor in 0.00 ms.
Asset Pipeline Refresh (id=81989922b64fa9248b4ebac25657eb9c): Total: 0.052 seconds - Initiated by StopAssetImportingV2(NoUpdateAssetOptions)
DisplayProgressbar: Undo
Test run completed. Exiting with code 0 (Ok). Run completed.
UnityEngine.Debug:ExtractStackTraceNoAlloc (byte*,int,string)
UnityEngine.StackTraceUtility:ExtractStackTrace ()
UnityEngine.DebugLogHandler:Internal_Log (UnityEngine.LogType,UnityEngine.LogOption,string,UnityEngine.Object)
UnityEngine.DebugLogHandler:LogFormat (UnityEngine.LogType,UnityEngine.Object,string,object[])
UnityEngine.Logger:Log (UnityEngine.LogType,object)
UnityEngine.Debug:Log (object)
UnityEditor.TestTools.TestRunner.CommandLineTest.Executer:ExitApplication (UnityEditor.TestTools.TestRunner.CommandLineTest.Executer/ReturnCodes,string) (at ./Library/PackageCache/com.unity.test-framework@bd7f943e9647/UnityEditor.TestRunner/CommandLineTest/Executer.cs:81)
UnityEditor.TestTools.TestRunner.CommandLineTest.Executer:ExitIfRunIsCompleted () (at ./Library/PackageCache/com.unity.test-framework@bd7f943e9647/UnityEditor.TestRunner/CommandLineTest/Executer.cs:74)
UnityEditor.EditorApplication:Internal_CallUpdateFunctions ()

(Filename: ./Library/PackageCache/com.unity.test-framework@bd7f943e9647/UnityEditor.TestRunner/CommandLineTest/Executer.cs Line: 81)

Start importing ProjectSettings/ProjectSettings.asset using Guid(00000000000000004000000000000000) (LibraryAssetImporter) -> (artifact id: 'b48967e07bae4a45f91725b938b602c5') in 0.0042422 seconds
Refreshing native plugins compatible for Editor in 0.21 ms, found 0 plugins.
Preloading 0 native plugins for Editor in 0.00 ms.
Asset Pipeline Refresh (id=13decb021efb0c24e9ad3f9ea0286426): Total: 0.015 seconds - Initiated by StopAssetImportingV2(NoUpdateAssetOptions)
[Physics::Module] Cleanup current backend.
[Physics::Module] Id: 0xf2b8ea05
Input System module state changed to: ShutdownInProgress.
Input System polling thread exited.
Input System module state changed to: Shutdown.
[Licensing::IpcConnector] LicenseClient-ONCE-notifications channel disconnected successfully.
[Licensing::IpcConnector] LicenseClient-ONCE channel disconnected successfully.
AcceleratorClientConnectionCallback - disconnected - :0
Cleanup mono
Checking for leaked weakptr:
  Found no leaked weakptrs.
[Package Manager] Server process was shutdown
##utp:{"type":"MemoryLeaks","version":2,"phase":"Immediate","time":1788975116621,"processId":52556,"allocatedMemory":53614817,"memoryLabels":[{"Default":14409},{"Permanent":15236},{"NewDelete":72699},{"Thread":4237960},{"Manager":51957},{"VertexData":8},{"Geometry":816},{"Texture":296},{"Shader":125877},{"Material":24},{"GfxDevice":58048},{"Animation":392},{"Audio":2664},{"Font":37140456},{"FreeType":1629164},{"FontEngine":736},{"Physics":2146},{"Physics2D":16},{"Serialization":656},{"Input":14984},{"JobScheduler":33024},{"TextLib":280},{"Mono":32},{"MonoCode":64},{"ScriptingNativeRuntime":155060},{"BaseObject":1634592},{"Resource":1336},{"Renderer":3000},{"Transform":4685},{"File":15641},{"WebCam":616},{"Culling":32},{"Terrain":11394},{"Wind":24},{"STL":40},{"String":14374},{"DynamicArray":101321},{"HashMap":93388},{"Utility":2662998},{"Curl":2478},{"PoolAlloc":2152},{"AI":80},{"TypeTree":11341},{"ScriptManager":512},{"RuntimeInitializeOnLoadManager":64},{"SpriteAtlas":112},{"GI":7792},{"Director":8240},{"CloudService":432},{"WebRequest":552},{"VR":47994},{"SceneManager":504},{"Video":208},{"LazyScriptCache":32},{"Camera":17},{"Secure":2377},{"Image":16384},{"SerializationCache":1576},{"APIUpdating":10320},{"Subsystems":336},{"VirtualTexturing":57888},{"StaticSafetyDebugInfo":278528},{"Analytics":336},{"Hierarchy":608},{"CoreStats":13112},{"Identifiers":6480},{"Gui":96},{"EditorUtility":440013},{"VersionControl":4},{"Undo":947},{"AssetDatabase":4556871},{"EditorGi":328},{"UnityConnect":29232},{"Upm":1896},{"AssetCompliance":64},{"DrivenProperties":72},{"LocalIPC":210},{"ProfilerEditor":9746},{"CoreBusinessMetrics":3214},{"Licensing":1264},{"AssetReference":32},{"IPCStream":32}]}
